indexing.sh: line 1: .: setup.sh: file not found
Error: Could not find or load main class index.IndexCreator
Entering into static loop
Medline: /home/whatizit/monq/medline/2015/baseline_annotated/	 Index: /home/whatizit/monq/medline/2015/index
start: 1496177617293
start with medlinefile: medline16n0333.xml.gz
start with medlinefile: medline16n0179.xml.gz
start with medlinefile: medline16n0264.xml.gz
start with medlinefile: medline16n0080.xml.gz
end with medlinefile: medline16n0080.xml.gz
CLosing the pipeline
start with medlinefile: medline16n0262.xml.gz
end with medlinefile: medline16n0179.xml.gz
CLosing the pipeline
start with medlinefile: medline16n0209.xml.gz
end with medlinefile: medline16n0264.xml.gz
CLosing the pipeline
start with medlinefile: medline16n0136.xml.gz
end with medlinefile: medline16n0333.xml.gz
CLosing the pipeline
start with medlinefile: medline16n0090.xml.gz
end with medlinefile: medline16n0262.xml.gz
CLosing the pipeline
start with medlinefile: medline16n0227.xml.gz
end with medlinefile: medline16n0136.xml.gz
CLosing the pipeline
start with medlinefile: medline16n0194.xml.gz
end with medlinefile: medline16n0209.xml.gz
CLosing the pipeline
start with medlinefile: medline16n0100.xml.gz
end with medlinefile: medline16n0090.xml.gz
CLosing the pipeline
start with medlinefile: medline16n0002.xml.gz
end with medlinefile: medline16n0002.xml.gz
CLosing the pipeline
start with medlinefile: medline16n0096.xml.gz
end with medlinefile: medline16n0194.xml.gz
CLosing the pipeline
start with medlinefile: medline16n0141.xml.gz
end with medlinefile: medline16n0100.xml.gz
CLosing the pipeline
start with medlinefile: medline16n0123.xml.gz
end with medlinefile: medline16n0227.xml.gz
CLosing the pipeline
start with medlinefile: medline16n0127.xml.gz
end with medlinefile: medline16n0096.xml.gz
CLosing the pipeline
start with medlinefile: medline16n0294.xml.gz
end with medlinefile: medline16n0141.xml.gz
CLosing the pipeline
start with medlinefile: medline16n0322.xml.gz
end with medlinefile: medline16n0123.xml.gz
CLosing the pipeline
start with medlinefile: medline16n0225.xml.gz
end with medlinefile: medline16n0127.xml.gz
CLosing the pipeline
start with medlinefile: medline16n0144.xml.gz
end with medlinefile: medline16n0322.xml.gz
CLosing the pipeline
start with medlinefile: medline16n0222.xml.gz
end with medlinefile: medline16n0225.xml.gz
CLosing the pipeline
start with medlinefile: medline16n0337.xml.gz
end with medlinefile: medline16n0294.xml.gz
CLosing the pipeline
start with medlinefile: medline16n0215.xml.gz
end with medlinefile: medline16n0144.xml.gz
CLosing the pipeline
start with medlinefile: medline16n0145.xml.gz
end with medlinefile: medline16n0222.xml.gz
CLosing the pipeline
start with medlinefile: medline16n0128.xml.gz
end with medlinefile: medline16n0215.xml.gz
CLosing the pipeline
start with medlinefile: medline16n0310.xml.gz
end with medlinefile: medline16n0145.xml.gz
CLosing the pipeline
start with medlinefile: medline16n0202.xml.gz
end with medlinefile: medline16n0337.xml.gz
CLosing the pipeline
start with medlinefile: medline16n0345.xml.gz
end with medlinefile: medline16n0128.xml.gz
CLosing the pipeline
start with medlinefile: medline16n0200.xml.gz
end with medlinefile: medline16n0202.xml.gz
CLosing the pipeline
start with medlinefile: medline16n0314.xml.gz
end with medlinefile: medline16n0310.xml.gz
CLosing the pipeline
start with medlinefile: medline16n0250.xml.gz
end with medlinefile: medline16n0200.xml.gz
CLosing the pipeline
start with medlinefile: medline16n0350.xml.gz
end with medlinefile: medline16n0345.xml.gz
CLosing the pipeline
start with medlinefile: medline16n0069.xml.gz
end with medlinefile: medline16n0250.xml.gz
CLosing the pipeline
start with medlinefile: medline16n0312.xml.gz
end with medlinefile: medline16n0069.xml.gz
CLosing the pipeline
start with medlinefile: medline16n0026.xml.gz
end with medlinefile: medline16n0350.xml.gz
CLosing the pipeline
start with medlinefile: medline16n0340.xml.gz
end with medlinefile: medline16n0314.xml.gz
CLosing the pipeline
start with medlinefile: medline16n0211.xml.gz
end with medlinefile: medline16n0026.xml.gz
CLosing the pipeline
start with medlinefile: medline16n0253.xml.gz
end with medlinefile: medline16n0211.xml.gz
CLosing the pipeline
start with medlinefile: medline16n0270.xml.gz
end with medlinefile: medline16n0312.xml.gz
CLosing the pipeline
start with medlinefile: medline16n0047.xml.gz
end with medlinefile: medline16n0340.xml.gz
CLosing the pipeline
start with medlinefile: medline16n0115.xml.gz
end with medlinefile: medline16n0253.xml.gz
CLosing the pipeline
start with medlinefile: medline16n0039.xml.gz
end with medlinefile: medline16n0047.xml.gz
CLosing the pipeline
start with medlinefile: medline16n0105.xml.gz
end with medlinefile: medline16n0115.xml.gz
CLosing the pipeline
start with medlinefile: medline16n0015.xml.gz
end with medlinefile: medline16n0270.xml.gz
CLosing the pipeline
start with medlinefile: medline16n0207.xml.gz
end with medlinefile: medline16n0015.xml.gz
CLosing the pipeline
start with medlinefile: medline16n0325.xml.gz
end with medlinefile: medline16n0039.xml.gz
CLosing the pipeline
start with medlinefile: medline16n0251.xml.gz
end with medlinefile: medline16n0105.xml.gz
CLosing the pipeline
start with medlinefile: medline16n0077.xml.gz
end with medlinefile: medline16n0077.xml.gz
CLosing the pipeline
start with medlinefile: medline16n0005.xml.gz
end with medlinefile: medline16n0207.xml.gz
CLosing the pipeline
start with medlinefile: medline16n0097.xml.gz
end with medlinefile: medline16n0005.xml.gz
CLosing the pipeline
start with medlinefile: medline16n0171.xml.gz
end with medlinefile: medline16n0325.xml.gz
CLosing the pipeline
start with medlinefile: medline16n0260.xml.gz
end with medlinefile: medline16n0251.xml.gz
CLosing the pipeline
start with medlinefile: medline16n0037.xml.gz
end with medlinefile: medline16n0097.xml.gz
CLosing the pipeline
start with medlinefile: medline16n0280.xml.gz
end with medlinefile: medline16n0037.xml.gz
CLosing the pipeline
start with medlinefile: medline16n0306.xml.gz
end with medlinefile: medline16n0171.xml.gz
CLosing the pipeline
start with medlinefile: medline16n0286.xml.gz
end with medlinefile: medline16n0260.xml.gz
CLosing the pipeline
start with medlinefile: medline16n0256.xml.gz
end with medlinefile: medline16n0280.xml.gz
CLosing the pipeline
start with medlinefile: medline16n0058.xml.gz
end with medlinefile: medline16n0306.xml.gz
CLosing the pipeline
start with medlinefile: medline16n0018.xml.gz
end with medlinefile: medline16n0058.xml.gz
CLosing the pipeline
start with medlinefile: medline16n0181.xml.gz
end with medlinefile: medline16n0286.xml.gz
CLosing the pipeline
start with medlinefile: medline16n0050.xml.gz
end with medlinefile: medline16n0256.xml.gz
CLosing the pipeline
start with medlinefile: medline16n0192.xml.gz
end with medlinefile: medline16n0018.xml.gz
CLosing the pipeline
start with medlinefile: medline16n0355.xml.gz
end with medlinefile: medline16n0050.xml.gz
CLosing the pipeline
start with medlinefile: medline16n0172.xml.gz
end with medlinefile: medline16n0181.xml.gz
CLosing the pipeline
start with medlinefile: medline16n0131.xml.gz
end with medlinefile: medline16n0192.xml.gz
CLosing the pipeline
start with medlinefile: medline16n0208.xml.gz
end with medlinefile: medline16n0172.xml.gz
CLosing the pipeline
start with medlinefile: medline16n0008.xml.gz
end with medlinefile: medline16n0131.xml.gz
CLosing the pipeline
start with medlinefile: medline16n0356.xml.gz
end with medlinefile: medline16n0355.xml.gz
CLosing the pipeline
start with medlinefile: medline16n0193.xml.gz
end with medlinefile: medline16n0208.xml.gz
CLosing the pipeline
start with medlinefile: medline16n0111.xml.gz
end with medlinefile: medline16n0008.xml.gz
CLosing the pipeline
start with medlinefile: medline16n0184.xml.gz
end with medlinefile: medline16n0111.xml.gz
CLosing the pipeline
start with medlinefile: medline16n0271.xml.gz
end with medlinefile: medline16n0193.xml.gz
CLosing the pipeline
start with medlinefile: medline16n0063.xml.gz
end with medlinefile: medline16n0184.xml.gz
CLosing the pipeline
start with medlinefile: medline16n0161.xml.gz
end with medlinefile: medline16n0356.xml.gz
CLosing the pipeline
start with medlinefile: medline16n0205.xml.gz
end with medlinefile: medline16n0271.xml.gz
CLosing the pipeline
start with medlinefile: medline16n0190.xml.gz
end with medlinefile: medline16n0063.xml.gz
CLosing the pipeline
start with medlinefile: medline16n0349.xml.gz
end with medlinefile: medline16n0161.xml.gz
CLosing the pipeline
start with medlinefile: medline16n0229.xml.gz
end with medlinefile: medline16n0205.xml.gz
CLosing the pipeline
start with medlinefile: medline16n0137.xml.gz
end with medlinefile: medline16n0190.xml.gz
CLosing the pipeline
start with medlinefile: medline16n0051.xml.gz
end with medlinefile: medline16n0349.xml.gz
CLosing the pipeline
start with medlinefile: medline16n0019.xml.gz
end with medlinefile: medline16n0051.xml.gz
CLosing the pipeline
start with medlinefile: medline16n0073.xml.gz
end with medlinefile: medline16n0137.xml.gz
CLosing the pipeline
start with medlinefile: medline16n0135.xml.gz
end with medlinefile: medline16n0229.xml.gz
CLosing the pipeline
start with medlinefile: medline16n0351.xml.gz
end with medlinefile: medline16n0019.xml.gz
CLosing the pipeline
start with medlinefile: medline16n0331.xml.gz
end with medlinefile: medline16n0073.xml.gz
CLosing the pipeline
start with medlinefile: medline16n0119.xml.gz
end with medlinefile: medline16n0135.xml.gz
CLosing the pipeline
start with medlinefile: medline16n0357.xml.gz
end with medlinefile: medline16n0119.xml.gz
CLosing the pipeline
start with medlinefile: medline16n0114.xml.gz
end with medlinefile: medline16n0114.xml.gz
CLosing the pipeline
start with medlinefile: medline16n0044.xml.gz
end with medlinefile: medline16n0351.xml.gz
CLosing the pipeline
start with medlinefile: medline16n0285.xml.gz
end with medlinefile: medline16n0331.xml.gz
CLosing the pipeline
start with medlinefile: medline16n0201.xml.gz
end with medlinefile: medline16n0044.xml.gz
CLosing the pipeline
start with medlinefile: medline16n0143.xml.gz
end with medlinefile: medline16n0357.xml.gz
CLosing the pipeline
start with medlinefile: medline16n0230.xml.gz
end with medlinefile: medline16n0143.xml.gz
CLosing the pipeline
start with medlinefile: medline16n0221.xml.gz
end with medlinefile: medline16n0201.xml.gz
CLosing the pipeline
start with medlinefile: medline16n0329.xml.gz
end with medlinefile: medline16n0285.xml.gz
CLosing the pipeline
start with medlinefile: medline16n0216.xml.gz
end with medlinefile: medline16n0230.xml.gz
CLosing the pipeline
start with medlinefile: medline16n0219.xml.gz
end with medlinefile: medline16n0221.xml.gz
CLosing the pipeline
start with medlinefile: medline16n0159.xml.gz
end with medlinefile: medline16n0216.xml.gz
CLosing the pipeline
start with medlinefile: medline16n0234.xml.gz
end with medlinefile: medline16n0329.xml.gz
CLosing the pipeline
start with medlinefile: medline16n0066.xml.gz
end with medlinefile: medline16n0159.xml.gz
CLosing the pipeline
start with medlinefile: medline16n0246.xml.gz
end with medlinefile: medline16n0219.xml.gz
CLosing the pipeline
start with medlinefile: medline16n0304.xml.gz
end with medlinefile: medline16n0066.xml.gz
CLosing the pipeline
start with medlinefile: medline16n0126.xml.gz
end with medlinefile: medline16n0246.xml.gz
CLosing the pipeline
start with medlinefile: medline16n0259.xml.gz
end with medlinefile: medline16n0234.xml.gz
CLosing the pipeline
start with medlinefile: medline16n0142.xml.gz
end with medlinefile: medline16n0126.xml.gz
CLosing the pipeline
start with medlinefile: medline16n0287.xml.gz
end with medlinefile: medline16n0304.xml.gz
CLosing the pipeline
start with medlinefile: medline16n0276.xml.gz
end with medlinefile: medline16n0142.xml.gz
CLosing the pipeline
start with medlinefile: medline16n0132.xml.gz
end with medlinefile: medline16n0259.xml.gz
CLosing the pipeline
start with medlinefile: medline16n0072.xml.gz
end with medlinefile: medline16n0072.xml.gz
CLosing the pipeline
start with medlinefile: medline16n0125.xml.gz
end with medlinefile: medline16n0132.xml.gz
CLosing the pipeline
start with medlinefile: medline16n0017.xml.gz
end with medlinefile: medline16n0287.xml.gz
CLosing the pipeline
start with medlinefile: medline16n0298.xml.gz
end with medlinefile: medline16n0276.xml.gz
CLosing the pipeline
start with medlinefile: medline16n0288.xml.gz
end with medlinefile: medline16n0125.xml.gz
CLosing the pipeline
start with medlinefile: medline16n0052.xml.gz
end with medlinefile: medline16n0017.xml.gz
CLosing the pipeline
start with medlinefile: medline16n0094.xml.gz
end with medlinefile: medline16n0052.xml.gz
CLosing the pipeline
start with medlinefile: medline16n0272.xml.gz
end with medlinefile: medline16n0094.xml.gz
CLosing the pipeline
start with medlinefile: medline16n0042.xml.gz
end with medlinefile: medline16n0298.xml.gz
CLosing the pipeline
start with medlinefile: medline16n0031.xml.gz
end with medlinefile: medline16n0288.xml.gz
CLosing the pipeline
start with medlinefile: medline16n0084.xml.gz
end with medlinefile: medline16n0042.xml.gz
CLosing the pipeline
start with medlinefile: medline16n0305.xml.gz
end with medlinefile: medline16n0272.xml.gz
CLosing the pipeline
start with medlinefile: medline16n0328.xml.gz
end with medlinefile: medline16n0031.xml.gz
CLosing the pipeline
start with medlinefile: medline16n0283.xml.gz
end with medlinefile: medline16n0084.xml.gz
CLosing the pipeline
start with medlinefile: medline16n0109.xml.gz
end with medlinefile: medline16n0283.xml.gz
CLosing the pipeline
start with medlinefile: medline16n0191.xml.gz
end with medlinefile: medline16n0109.xml.gz
CLosing the pipeline
start with medlinefile: medline16n0098.xml.gz
end with medlinefile: medline16n0305.xml.gz
CLosing the pipeline
start with medlinefile: medline16n0293.xml.gz
end with medlinefile: medline16n0328.xml.gz
CLosing the pipeline
start with medlinefile: medline16n0258.xml.gz
end with medlinefile: medline16n0098.xml.gz
CLosing the pipeline
start with medlinefile: medline16n0140.xml.gz
end with medlinefile: medline16n0191.xml.gz
CLosing the pipeline
start with medlinefile: medline16n0130.xml.gz
end with medlinefile: medline16n0258.xml.gz
CLosing the pipeline
start with medlinefile: medline16n0120.xml.gz
end with medlinefile: medline16n0293.xml.gz
CLosing the pipeline
start with medlinefile: medline16n0133.xml.gz
end with medlinefile: medline16n0140.xml.gz
CLosing the pipeline
start with medlinefile: medline16n0034.xml.gz
end with medlinefile: medline16n0130.xml.gz
CLosing the pipeline
start with medlinefile: medline16n0134.xml.gz
end with medlinefile: medline16n0120.xml.gz
CLosing the pipeline
start with medlinefile: medline16n0164.xml.gz
end with medlinefile: medline16n0034.xml.gz
CLosing the pipeline
start with medlinefile: medline16n0160.xml.gz
end with medlinefile: medline16n0133.xml.gz
CLosing the pipeline
start with medlinefile: medline16n0245.xml.gz
end with medlinefile: medline16n0134.xml.gz
CLosing the pipeline
start with medlinefile: medline16n0092.xml.gz
end with medlinefile: medline16n0164.xml.gz
CLosing the pipeline
start with medlinefile: medline16n0004.xml.gz
end with medlinefile: medline16n0004.xml.gz
CLosing the pipeline
start with medlinefile: medline16n0152.xml.gz
end with medlinefile: medline16n0160.xml.gz
CLosing the pipeline
start with medlinefile: medline16n0198.xml.gz
end with medlinefile: medline16n0092.xml.gz
CLosing the pipeline
start with medlinefile: medline16n0204.xml.gz
end with medlinefile: medline16n0245.xml.gz
CLosing the pipeline
start with medlinefile: medline16n0244.xml.gz
end with medlinefile: medline16n0152.xml.gz
CLosing the pipeline
start with medlinefile: medline16n0001.xml.gz
end with medlinefile: medline16n0001.xml.gz
CLosing the pipeline
start with medlinefile: medline16n0106.xml.gz
end with medlinefile: medline16n0198.xml.gz
CLosing the pipeline
start with medlinefile: medline16n0071.xml.gz
end with medlinefile: medline16n0204.xml.gz
CLosing the pipeline
start with medlinefile: medline16n0060.xml.gz
end with medlinefile: medline16n0106.xml.gz
CLosing the pipeline
start with medlinefile: medline16n0158.xml.gz
end with medlinefile: medline16n0244.xml.gz
CLosing the pipeline
start with medlinefile: medline16n0040.xml.gz
end with medlinefile: medline16n0071.xml.gz
CLosing the pipeline
start with medlinefile: medline16n0320.xml.gz
end with medlinefile: medline16n0060.xml.gz
CLosing the pipeline
start with medlinefile: medline16n0346.xml.gz
end with medlinefile: medline16n0040.xml.gz
CLosing the pipeline
start with medlinefile: medline16n0085.xml.gz
end with medlinefile: medline16n0158.xml.gz
CLosing the pipeline
start with medlinefile: medline16n0091.xml.gz
end with medlinefile: medline16n0091.xml.gz
CLosing the pipeline
start with medlinefile: medline16n0321.xml.gz
end with medlinefile: medline16n0085.xml.gz
CLosing the pipeline
start with medlinefile: medline16n0218.xml.gz
end with medlinefile: medline16n0320.xml.gz
CLosing the pipeline
start with medlinefile: medline16n0087.xml.gz
end with medlinefile: medline16n0346.xml.gz
CLosing the pipeline
start with medlinefile: medline16n0101.xml.gz
end with medlinefile: medline16n0087.xml.gz
CLosing the pipeline
start with medlinefile: medline16n0185.xml.gz
end with medlinefile: medline16n0321.xml.gz
CLosing the pipeline
start with medlinefile: medline16n0313.xml.gz
end with medlinefile: medline16n0218.xml.gz
CLosing the pipeline
start with medlinefile: medline16n0032.xml.gz
end with medlinefile: medline16n0101.xml.gz
CLosing the pipeline
start with medlinefile: medline16n0220.xml.gz
end with medlinefile: medline16n0032.xml.gz
CLosing the pipeline
start with medlinefile: medline16n0213.xml.gz
end with medlinefile: medline16n0185.xml.gz
CLosing the pipeline
start with medlinefile: medline16n0014.xml.gz
end with medlinefile: medline16n0220.xml.gz
CLosing the pipeline
start with medlinefile: medline16n0358.xml.gz
end with medlinefile: medline16n0313.xml.gz
CLosing the pipeline
start with medlinefile: medline16n0129.xml.gz
end with medlinefile: medline16n0014.xml.gz
CLosing the pipeline
start with medlinefile: medline16n0033.xml.gz
end with medlinefile: medline16n0213.xml.gz
CLosing the pipeline
start with medlinefile: medline16n0157.xml.gz
end with medlinefile: medline16n0033.xml.gz
CLosing the pipeline
start with medlinefile: medline16n0353.xml.gz
end with medlinefile: medline16n0129.xml.gz
CLosing the pipeline
start with medlinefile: medline16n0336.xml.gz
end with medlinefile: medline16n0358.xml.gz
CLosing the pipeline
start with medlinefile: medline16n0352.xml.gz
end with medlinefile: medline16n0157.xml.gz
CLosing the pipeline
start with medlinefile: medline16n0324.xml.gz
end with medlinefile: medline16n0336.xml.gz
CLosing the pipeline
start with medlinefile: medline16n0300.xml.gz
end with medlinefile: medline16n0353.xml.gz
CLosing the pipeline
start with medlinefile: medline16n0269.xml.gz
end with medlinefile: medline16n0324.xml.gz
CLosing the pipeline
start with medlinefile: medline16n0089.xml.gz
end with medlinefile: medline16n0300.xml.gz
CLosing the pipeline
start with medlinefile: medline16n0257.xml.gz
end with medlinefile: medline16n0352.xml.gz
CLosing the pipeline
start with medlinefile: medline16n0178.xml.gz
end with medlinefile: medline16n0269.xml.gz
CLosing the pipeline
start with medlinefile: medline16n0243.xml.gz
end with medlinefile: medline16n0089.xml.gz
CLosing the pipeline
start with medlinefile: medline16n0284.xml.gz
end with medlinefile: medline16n0257.xml.gz
CLosing the pipeline
start with medlinefile: medline16n0199.xml.gz
end with medlinefile: medline16n0178.xml.gz
CLosing the pipeline
start with medlinefile: medline16n0343.xml.gz
end with medlinefile: medline16n0243.xml.gz
CLosing the pipeline
start with medlinefile: medline16n0223.xml.gz
end with medlinefile: medline16n0284.xml.gz
CLosing the pipeline
start with medlinefile: medline16n0082.xml.gz
end with medlinefile: medline16n0199.xml.gz
CLosing the pipeline
start with medlinefile: medline16n0197.xml.gz
end with medlinefile: medline16n0343.xml.gz
CLosing the pipeline
start with medlinefile: medline16n0255.xml.gz
end with medlinefile: medline16n0223.xml.gz
CLosing the pipeline
start with medlinefile: medline16n0038.xml.gz
end with medlinefile: medline16n0082.xml.gz
CLosing the pipeline
start with medlinefile: medline16n0024.xml.gz
end with medlinefile: medline16n0197.xml.gz
CLosing the pipeline
start with medlinefile: medline16n0102.xml.gz
end with medlinefile: medline16n0038.xml.gz
CLosing the pipeline
start with medlinefile: medline16n0025.xml.gz
end with medlinefile: medline16n0024.xml.gz
CLosing the pipeline
start with medlinefile: medline16n0307.xml.gz
end with medlinefile: medline16n0102.xml.gz
CLosing the pipeline
start with medlinefile: medline16n0228.xml.gz
end with medlinefile: medline16n0025.xml.gz
CLosing the pipeline
start with medlinefile: medline16n0065.xml.gz
end with medlinefile: medline16n0255.xml.gz
CLosing the pipeline
start with medlinefile: medline16n0153.xml.gz
end with medlinefile: medline16n0065.xml.gz
CLosing the pipeline
start with medlinefile: medline16n0020.xml.gz
end with medlinefile: medline16n0307.xml.gz
CLosing the pipeline
start with medlinefile: medline16n0165.xml.gz
end with medlinefile: medline16n0228.xml.gz
CLosing the pipeline
start with medlinefile: medline16n0319.xml.gz
end with medlinefile: medline16n0020.xml.gz
CLosing the pipeline
start with medlinefile: medline16n0296.xml.gz
end with medlinefile: medline16n0153.xml.gz
CLosing the pipeline
start with medlinefile: medline16n0156.xml.gz
end with medlinefile: medline16n0165.xml.gz
CLosing the pipeline
start with medlinefile: medline16n0290.xml.gz
end with medlinefile: medline16n0319.xml.gz
CLosing the pipeline
start with medlinefile: medline16n0057.xml.gz
end with medlinefile: medline16n0156.xml.gz
CLosing the pipeline
start with medlinefile: medline16n0167.xml.gz
end with medlinefile: medline16n0296.xml.gz
CLosing the pipeline
start with medlinefile: medline16n0338.xml.gz
end with medlinefile: medline16n0057.xml.gz
CLosing the pipeline
start with medlinefile: medline16n0016.xml.gz
end with medlinefile: medline16n0016.xml.gz
CLosing the pipeline
start with medlinefile: medline16n0155.xml.gz
end with medlinefile: medline16n0290.xml.gz
CLosing the pipeline
start with medlinefile: medline16n0254.xml.gz
end with medlinefile: medline16n0167.xml.gz
CLosing the pipeline
start with medlinefile: medline16n0295.xml.gz
end with medlinefile: medline16n0338.xml.gz
CLosing the pipeline
start with medlinefile: medline16n0308.xml.gz
end with medlinefile: medline16n0155.xml.gz
CLosing the pipeline
start with medlinefile: medline16n0302.xml.gz
end with medlinefile: medline16n0254.xml.gz
CLosing the pipeline
start with medlinefile: medline16n0108.xml.gz
end with medlinefile: medline16n0295.xml.gz
CLosing the pipeline
start with medlinefile: medline16n0182.xml.gz
end with medlinefile: medline16n0302.xml.gz
CLosing the pipeline
start with medlinefile: medline16n0335.xml.gz
end with medlinefile: medline16n0308.xml.gz
CLosing the pipeline
start with medlinefile: medline16n0139.xml.gz
end with medlinefile: medline16n0108.xml.gz
CLosing the pipeline
start with medlinefile: medline16n0266.xml.gz
end with medlinefile: medline16n0182.xml.gz
CLosing the pipeline
start with medlinefile: medline16n0053.xml.gz
end with medlinefile: medline16n0139.xml.gz
CLosing the pipeline
start with medlinefile: medline16n0277.xml.gz
end with medlinefile: medline16n0053.xml.gz
CLosing the pipeline
start with medlinefile: medline16n0028.xml.gz
end with medlinefile: medline16n0335.xml.gz
CLosing the pipeline
start with medlinefile: medline16n0186.xml.gz
end with medlinefile: medline16n0266.xml.gz
CLosing the pipeline
start with medlinefile: medline16n0278.xml.gz
end with medlinefile: medline16n0028.xml.gz
CLosing the pipeline
start with medlinefile: medline16n0344.xml.gz
end with medlinefile: medline16n0186.xml.gz
CLosing the pipeline
start with medlinefile: medline16n0169.xml.gz
end with medlinefile: medline16n0277.xml.gz
CLosing the pipeline
start with medlinefile: medline16n0011.xml.gz
end with medlinefile: medline16n0278.xml.gz
CLosing the pipeline
start with medlinefile: medline16n0239.xml.gz
end with medlinefile: medline16n0169.xml.gz
CLosing the pipeline
start with medlinefile: medline16n0341.xml.gz
end with medlinefile: medline16n0011.xml.gz
CLosing the pipeline
start with medlinefile: medline16n0233.xml.gz
end with medlinefile: medline16n0344.xml.gz
CLosing the pipeline
start with medlinefile: medline16n0247.xml.gz
end with medlinefile: medline16n0239.xml.gz
CLosing the pipeline
start with medlinefile: medline16n0110.xml.gz
end with medlinefile: medline16n0233.xml.gz
CLosing the pipeline
start with medlinefile: medline16n0154.xml.gz
end with medlinefile: medline16n0247.xml.gz
CLosing the pipeline
start with medlinefile: medline16n0195.xml.gz
end with medlinefile: medline16n0341.xml.gz
CLosing the pipeline
start with medlinefile: medline16n0174.xml.gz
end with medlinefile: medline16n0110.xml.gz
CLosing the pipeline
start with medlinefile: medline16n0235.xml.gz
end with medlinefile: medline16n0174.xml.gz
CLosing the pipeline
start with medlinefile: medline16n0036.xml.gz
end with medlinefile: medline16n0154.xml.gz
CLosing the pipeline
start with medlinefile: medline16n0070.xml.gz
end with medlinefile: medline16n0195.xml.gz
CLosing the pipeline
start with medlinefile: medline16n0061.xml.gz
end with medlinefile: medline16n0036.xml.gz
CLosing the pipeline
start with medlinefile: medline16n0317.xml.gz
end with medlinefile: medline16n0235.xml.gz
CLosing the pipeline
start with medlinefile: medline16n0347.xml.gz
end with medlinefile: medline16n0061.xml.gz
CLosing the pipeline
start with medlinefile: medline16n0056.xml.gz
end with medlinefile: medline16n0070.xml.gz
CLosing the pipeline
start with medlinefile: medline16n0196.xml.gz
end with medlinefile: medline16n0056.xml.gz
CLosing the pipeline
start with medlinefile: medline16n0249.xml.gz
end with medlinefile: medline16n0317.xml.gz
CLosing the pipeline
start with medlinefile: medline16n0289.xml.gz
end with medlinefile: medline16n0196.xml.gz
CLosing the pipeline
start with medlinefile: medline16n0068.xml.gz
end with medlinefile: medline16n0347.xml.gz
CLosing the pipeline
start with medlinefile: medline16n0242.xml.gz
end with medlinefile: medline16n0068.xml.gz
CLosing the pipeline
start with medlinefile: medline16n0030.xml.gz
end with medlinefile: medline16n0249.xml.gz
CLosing the pipeline
start with medlinefile: medline16n0263.xml.gz
end with medlinefile: medline16n0289.xml.gz
CLosing the pipeline
start with medlinefile: medline16n0327.xml.gz
end with medlinefile: medline16n0030.xml.gz
CLosing the pipeline
start with medlinefile: medline16n0226.xml.gz
end with medlinefile: medline16n0242.xml.gz
CLosing the pipeline
start with medlinefile: medline16n0232.xml.gz
end with medlinefile: medline16n0263.xml.gz
CLosing the pipeline
start with medlinefile: medline16n0021.xml.gz
end with medlinefile: medline16n0226.xml.gz
CLosing the pipeline
start with medlinefile: medline16n0301.xml.gz
end with medlinefile: medline16n0327.xml.gz
CLosing the pipeline
start with medlinefile: medline16n0163.xml.gz
end with medlinefile: medline16n0021.xml.gz
CLosing the pipeline
start with medlinefile: medline16n0023.xml.gz
end with medlinefile: medline16n0232.xml.gz
CLosing the pipeline
start with medlinefile: medline16n0104.xml.gz
end with medlinefile: medline16n0163.xml.gz
CLosing the pipeline
start with medlinefile: medline16n0027.xml.gz
end with medlinefile: medline16n0023.xml.gz
CLosing the pipeline
start with medlinefile: medline16n0261.xml.gz
end with medlinefile: medline16n0301.xml.gz
CLosing the pipeline
start with medlinefile: medline16n0055.xml.gz
end with medlinefile: medline16n0104.xml.gz
CLosing the pipeline
start with medlinefile: medline16n0003.xml.gz
end with medlinefile: medline16n0027.xml.gz
CLosing the pipeline
start with medlinefile: medline16n0122.xml.gz
end with medlinefile: medline16n0003.xml.gz
CLosing the pipeline
start with medlinefile: medline16n0299.xml.gz
end with medlinefile: medline16n0055.xml.gz
CLosing the pipeline
start with medlinefile: medline16n0064.xml.gz
end with medlinefile: medline16n0122.xml.gz
CLosing the pipeline
start with medlinefile: medline16n0214.xml.gz
end with medlinefile: medline16n0261.xml.gz
CLosing the pipeline
start with medlinefile: medline16n0206.xml.gz
end with medlinefile: medline16n0064.xml.gz
CLosing the pipeline
start with medlinefile: medline16n0166.xml.gz
end with medlinefile: medline16n0214.xml.gz
CLosing the pipeline
start with medlinefile: medline16n0309.xml.gz
end with medlinefile: medline16n0299.xml.gz
CLosing the pipeline
start with medlinefile: medline16n0006.xml.gz
end with medlinefile: medline16n0206.xml.gz
CLosing the pipeline
start with medlinefile: medline16n0348.xml.gz
end with medlinefile: medline16n0166.xml.gz
CLosing the pipeline
start with medlinefile: medline16n0168.xml.gz
end with medlinefile: medline16n0006.xml.gz
CLosing the pipeline
start with medlinefile: medline16n0103.xml.gz
end with medlinefile: medline16n0309.xml.gz
CLosing the pipeline
start with medlinefile: medline16n0113.xml.gz
end with medlinefile: medline16n0103.xml.gz
CLosing the pipeline
start with medlinefile: medline16n0048.xml.gz
end with medlinefile: medline16n0168.xml.gz
CLosing the pipeline
start with medlinefile: medline16n0323.xml.gz
end with medlinefile: medline16n0348.xml.gz
CLosing the pipeline
start with medlinefile: medline16n0112.xml.gz
end with medlinefile: medline16n0113.xml.gz
CLosing the pipeline
start with medlinefile: medline16n0151.xml.gz
end with medlinefile: medline16n0048.xml.gz
CLosing the pipeline
start with medlinefile: medline16n0079.xml.gz
end with medlinefile: medline16n0112.xml.gz
CLosing the pipeline
start with medlinefile: medline16n0177.xml.gz
end with medlinefile: medline16n0151.xml.gz
CLosing the pipeline
start with medlinefile: medline16n0316.xml.gz
end with medlinefile: medline16n0079.xml.gz
CLosing the pipeline
start with medlinefile: medline16n0183.xml.gz
end with medlinefile: medline16n0323.xml.gz
CLosing the pipeline
start with medlinefile: medline16n0292.xml.gz
end with medlinefile: medline16n0177.xml.gz
CLosing the pipeline
start with medlinefile: medline16n0315.xml.gz
end with medlinefile: medline16n0183.xml.gz
CLosing the pipeline
start with medlinefile: medline16n0241.xml.gz
end with medlinefile: medline16n0316.xml.gz
CLosing the pipeline
start with medlinefile: medline16n0046.xml.gz
end with medlinefile: medline16n0292.xml.gz
CLosing the pipeline
start with medlinefile: medline16n0231.xml.gz
end with medlinefile: medline16n0046.xml.gz
CLosing the pipeline
start with medlinefile: medline16n0297.xml.gz
end with medlinefile: medline16n0315.xml.gz
CLosing the pipeline
start with medlinefile: medline16n0107.xml.gz
end with medlinefile: medline16n0241.xml.gz
CLosing the pipeline
start with medlinefile: medline16n0252.xml.gz
end with medlinefile: medline16n0231.xml.gz
CLosing the pipeline
start with medlinefile: medline16n0067.xml.gz
end with medlinefile: medline16n0297.xml.gz
CLosing the pipeline
start with medlinefile: medline16n0146.xml.gz
end with medlinefile: medline16n0107.xml.gz
CLosing the pipeline
start with medlinefile: medline16n0342.xml.gz
end with medlinefile: medline16n0067.xml.gz
CLosing the pipeline
start with medlinefile: medline16n0176.xml.gz
end with medlinefile: medline16n0252.xml.gz
CLosing the pipeline
start with medlinefile: medline16n0189.xml.gz
end with medlinefile: medline16n0146.xml.gz
CLosing the pipeline
start with medlinefile: medline16n0075.xml.gz
end with medlinefile: medline16n0075.xml.gz
CLosing the pipeline
start with medlinefile: medline16n0138.xml.gz
end with medlinefile: medline16n0176.xml.gz
CLosing the pipeline
start with medlinefile: medline16n0013.xml.gz
end with medlinefile: medline16n0342.xml.gz
CLosing the pipeline
start with medlinefile: medline16n0282.xml.gz
end with medlinefile: medline16n0189.xml.gz
CLosing the pipeline
start with medlinefile: medline16n0022.xml.gz
end with medlinefile: medline16n0138.xml.gz
CLosing the pipeline
start with medlinefile: medline16n0045.xml.gz
end with medlinefile: medline16n0013.xml.gz
CLosing the pipeline
start with medlinefile: medline16n0099.xml.gz
end with medlinefile: medline16n0022.xml.gz
CLosing the pipeline
start with medlinefile: medline16n0217.xml.gz
end with medlinefile: medline16n0045.xml.gz
CLosing the pipeline
start with medlinefile: medline16n0041.xml.gz
end with medlinefile: medline16n0282.xml.gz
CLosing the pipeline
start with medlinefile: medline16n0121.xml.gz
end with medlinefile: medline16n0099.xml.gz
CLosing the pipeline
start with medlinefile: medline16n0010.xml.gz
end with medlinefile: medline16n0041.xml.gz
CLosing the pipeline
start with medlinefile: medline16n0210.xml.gz
end with medlinefile: medline16n0010.xml.gz
CLosing the pipeline
start with medlinefile: medline16n0303.xml.gz
end with medlinefile: medline16n0121.xml.gz
CLosing the pipeline
start with medlinefile: medline16n0326.xml.gz
end with medlinefile: medline16n0217.xml.gz
CLosing the pipeline
start with medlinefile: medline16n0074.xml.gz
end with medlinefile: medline16n0210.xml.gz
CLosing the pipeline
start with medlinefile: medline16n0012.xml.gz
end with medlinefile: medline16n0074.xml.gz
CLosing the pipeline
start with medlinefile: medline16n0175.xml.gz
end with medlinefile: medline16n0012.xml.gz
CLosing the pipeline
start with medlinefile: medline16n0248.xml.gz
end with medlinefile: medline16n0303.xml.gz
CLosing the pipeline
start with medlinefile: medline16n0311.xml.gz
end with medlinefile: medline16n0326.xml.gz
CLosing the pipeline
start with medlinefile: medline16n0359.xml.gz
end with medlinefile: medline16n0175.xml.gz
CLosing the pipeline
start with medlinefile: medline16n0237.xml.gz
end with medlinefile: medline16n0248.xml.gz
CLosing the pipeline
start with medlinefile: medline16n0180.xml.gz
end with medlinefile: medline16n0180.xml.gz
CLosing the pipeline
start with medlinefile: medline16n0203.xml.gz
end with medlinefile: medline16n0237.xml.gz
CLosing the pipeline
start with medlinefile: medline16n0116.xml.gz
end with medlinefile: medline16n0311.xml.gz
CLosing the pipeline
start with medlinefile: medline16n0059.xml.gz
end with medlinefile: medline16n0359.xml.gz
CLosing the pipeline
start with medlinefile: medline16n0043.xml.gz
end with medlinefile: medline16n0059.xml.gz
CLosing the pipeline
start with medlinefile: medline16n0148.xml.gz
end with medlinefile: medline16n0043.xml.gz
CLosing the pipeline
start with medlinefile: medline16n0267.xml.gz
end with medlinefile: medline16n0203.xml.gz
CLosing the pipeline
start with medlinefile: medline16n0147.xml.gz
end with medlinefile: medline16n0116.xml.gz
CLosing the pipeline
start with medlinefile: medline16n0029.xml.gz
end with medlinefile: medline16n0029.xml.gz
CLosing the pipeline
start with medlinefile: medline16n0062.xml.gz
end with medlinefile: medline16n0148.xml.gz
CLosing the pipeline
start with medlinefile: medline16n0268.xml.gz
end with medlinefile: medline16n0147.xml.gz
CLosing the pipeline
start with medlinefile: medline16n0354.xml.gz
end with medlinefile: medline16n0062.xml.gz
CLosing the pipeline
start with medlinefile: medline16n0007.xml.gz
end with medlinefile: medline16n0267.xml.gz
CLosing the pipeline
start with medlinefile: medline16n0273.xml.gz
end with medlinefile: medline16n0007.xml.gz
CLosing the pipeline
start with medlinefile: medline16n0279.xml.gz
end with medlinefile: medline16n0268.xml.gz
CLosing the pipeline
start with medlinefile: medline16n0274.xml.gz
end with medlinefile: medline16n0354.xml.gz
CLosing the pipeline
start with medlinefile: medline16n0275.xml.gz
end with medlinefile: medline16n0273.xml.gz
CLosing the pipeline
start with medlinefile: medline16n0149.xml.gz
end with medlinefile: medline16n0279.xml.gz
CLosing the pipeline
start with medlinefile: medline16n0212.xml.gz
end with medlinefile: medline16n0274.xml.gz
CLosing the pipeline
start with medlinefile: medline16n0318.xml.gz
end with medlinefile: medline16n0149.xml.gz
CLosing the pipeline
start with medlinefile: medline16n0240.xml.gz
end with medlinefile: medline16n0275.xml.gz
CLosing the pipeline
start with medlinefile: medline16n0035.xml.gz
end with medlinefile: medline16n0035.xml.gz
CLosing the pipeline
start with medlinefile: medline16n0330.xml.gz
end with medlinefile: medline16n0212.xml.gz
CLosing the pipeline
start with medlinefile: medline16n0095.xml.gz
end with medlinefile: medline16n0240.xml.gz
CLosing the pipeline
start with medlinefile: medline16n0150.xml.gz
end with medlinefile: medline16n0318.xml.gz
CLosing the pipeline
start with medlinefile: medline16n0187.xml.gz
end with medlinefile: medline16n0095.xml.gz
CLosing the pipeline
start with medlinefile: medline16n0078.xml.gz
end with medlinefile: medline16n0330.xml.gz
CLosing the pipeline
start with medlinefile: medline16n0339.xml.gz
end with medlinefile: medline16n0078.xml.gz
CLosing the pipeline
start with medlinefile: medline16n0224.xml.gz
end with medlinefile: medline16n0187.xml.gz
CLosing the pipeline
start with medlinefile: medline16n0049.xml.gz
end with medlinefile: medline16n0150.xml.gz
CLosing the pipeline
start with medlinefile: medline16n0086.xml.gz
end with medlinefile: medline16n0049.xml.gz
CLosing the pipeline
start with medlinefile: medline16n0124.xml.gz
end with medlinefile: medline16n0086.xml.gz
CLosing the pipeline
start with medlinefile: medline16n0281.xml.gz
end with medlinefile: medline16n0339.xml.gz
CLosing the pipeline
start with medlinefile: medline16n0173.xml.gz
end with medlinefile: medline16n0224.xml.gz
CLosing the pipeline
start with medlinefile: medline16n0081.xml.gz
end with medlinefile: medline16n0124.xml.gz
CLosing the pipeline
start with medlinefile: medline16n0009.xml.gz
end with medlinefile: medline16n0081.xml.gz
CLosing the pipeline
start with medlinefile: medline16n0118.xml.gz
end with medlinefile: medline16n0173.xml.gz
CLosing the pipeline
start with medlinefile: medline16n0170.xml.gz
end with medlinefile: medline16n0281.xml.gz
CLosing the pipeline
start with medlinefile: medline16n0054.xml.gz
end with medlinefile: medline16n0009.xml.gz
CLosing the pipeline
start with medlinefile: medline16n0076.xml.gz
end with medlinefile: medline16n0118.xml.gz
CLosing the pipeline
start with medlinefile: medline16n0238.xml.gz
end with medlinefile: medline16n0054.xml.gz
CLosing the pipeline
start with medlinefile: medline16n0083.xml.gz
end with medlinefile: medline16n0170.xml.gz
CLosing the pipeline
start with medlinefile: medline16n0162.xml.gz
end with medlinefile: medline16n0076.xml.gz
CLosing the pipeline
start with medlinefile: medline16n0265.xml.gz
end with medlinefile: medline16n0083.xml.gz
CLosing the pipeline
start with medlinefile: medline16n0332.xml.gz
end with medlinefile: medline16n0162.xml.gz
CLosing the pipeline
start with medlinefile: medline16n0236.xml.gz
end with medlinefile: medline16n0238.xml.gz
CLosing the pipeline
start with medlinefile: medline16n0088.xml.gz
end with medlinefile: medline16n0265.xml.gz
CLosing the pipeline
start with medlinefile: medline16n0117.xml.gz
end with medlinefile: medline16n0236.xml.gz
CLosing the pipeline
start with medlinefile: medline16n0291.xml.gz
end with medlinefile: medline16n0088.xml.gz
CLosing the pipeline
start with medlinefile: medline16n0334.xml.gz
end with medlinefile: medline16n0332.xml.gz
CLosing the pipeline
start with medlinefile: medline16n0093.xml.gz
end with medlinefile: medline16n0117.xml.gz
CLosing the pipeline
start with medlinefile: medline16n0188.xml.gz
end with medlinefile: medline16n0093.xml.gz
CLosing the pipeline
end with medlinefile: medline16n0291.xml.gz
CLosing the pipeline
end with medlinefile: medline16n0188.xml.gz
CLosing the pipeline
end with medlinefile: medline16n0334.xml.gz
CLosing the pipeline
starting optimizing the index after 7332733
end: 1496185915680
Total time: 8298413 ms
sample_medline_preprocess_2016.sh: line 1: /home/whatizit/monq/medline/2016/baseline_annotated/medline16n0001.xml.gz: No such file or directory
preprocessMEDLINE.sh: line 1: DistFilter: command not found
Error: Could not find or load main class index.MedlineTriggerAdder
Error: Could not find or load main class index.CitationFinderASCII
sample_medline_preprocess_2016.sh: line 2: /home/whatizit/monq/medline/2016/baseline_annotated/medline16n0002.xml.gz: No such file or directory
preprocessMEDLINE.sh: line 1: DistFilter: command not found
Error: Could not find or load main class index.CitationFinderASCII
Error: Could not find or load main class index.MedlineTriggerAdder
sample_medline_preprocess_2016.sh: line 3: /home/whatizit/monq/medline/2016/baseline_annotated/medline16n0003.xml.gz: No such file or directory
preprocessMEDLINE.sh: line 1: DistFilter: command not found
Error: Could not find or load main class index.MedlineTriggerAdder
Error: Could not find or load main class index.CitationFinderASCII
sample_medline_preprocess_2016.sh: line 4: /home/whatizit/monq/medline/2016/baseline_annotated/medline16n0004.xml.gz: No such file or directory
preprocessMEDLINE.sh: line 1: DistFilter: command not found
Error: Could not find or load main class index.CitationFinderASCII
Error: Could not find or load main class index.MedlineTriggerAdder
sample_medline_preprocess_2016.sh: line 5: /home/whatizit/monq/medline/2016/baseline_annotated/medline16n0005.xml.gz: No such file or directory
preprocessMEDLINE.sh: line 1: DistFilter: command not found
Error: Could not find or load main class index.CitationFinderASCII
Error: Could not find or load main class index.MedlineTriggerAdder
sample_medline_preprocess_2016.sh: line 6: /home/whatizit/monq/medline/2016/baseline_annotated/medline16n0006.xml.gz: No such file or directory
preprocessMEDLINE.sh: line 1: DistFilter: command not found
Error: Could not find or load main class index.CitationFinderASCII
Error: Could not find or load main class index.MedlineTriggerAdder
sample_medline_preprocess_2016.sh: line 7: /home/whatizit/monq/medline/2016/baseline_annotated/medline16n0007.xml.gz: No such file or directory
preprocessMEDLINE.sh: line 1: DistFilter: command not found
Error: Could not find or load main class index.MedlineTriggerAdder
Error: Could not find or load main class index.CitationFinderASCII
sample_medline_preprocess_2016.sh: line 8: /home/whatizit/monq/medline/2016/baseline_annotated/medline16n0008.xml.gz: No such file or directory
preprocessMEDLINE.sh: line 1: DistFilter: command not found
Error: Could not find or load main class index.CitationFinderASCII
Error: Could not find or load main class index.MedlineTriggerAdder
sample_medline_preprocess_2016.sh: line 9: /home/whatizit/monq/medline/2016/baseline_annotated/medline16n0009.xml.gz: No such file or directory
preprocessMEDLINE.sh: line 1: DistFilter: command not found
Error: Could not find or load main class index.CitationFinderASCII
Error: Could not find or load main class index.MedlineTriggerAdder
sample_medline_preprocess_2016.sh: line 10: /home/whatizit/monq/medline/2016/baseline_annotated/medline16n0010.xml.gz: No such file or directory
preprocessMEDLINE.sh: line 1: DistFilter: command not found
Error: Could not find or load main class index.MedlineTriggerAdder
Error: Could not find or load main class index.CitationFinderASCII
sample_medline_preprocess_2016.sh: line 11: /home/whatizit/monq/medline/2016/baseline_annotated/medline16n0011.xml.gz: No such file or directory
preprocessMEDLINE.sh: line 1: DistFilter: command not found
Error: Could not find or load main class index.MedlineTriggerAdder
Error: Could not find or load main class index.CitationFinderASCII
sample_medline_preprocess_2016.sh: line 12: /home/whatizit/monq/medline/2016/baseline_annotated/medline16n0012.xml.gz: No such file or directory
preprocessMEDLINE.sh: line 1: DistFilter: command not found
Error: Could not find or load main class index.CitationFinderASCII
Error: Could not find or load main class index.MedlineTriggerAdder
sample_medline_preprocess_2016.sh: line 13: /home/whatizit/monq/medline/2016/baseline_annotated/medline16n0013.xml.gz: No such file or directory
preprocessMEDLINE.sh: line 1: DistFilter: command not found
Error: Could not find or load main class index.CitationFinderASCII
Error: Could not find or load main class index.MedlineTriggerAdder
sample_medline_preprocess_2016.sh: line 14: /home/whatizit/monq/medline/2016/baseline_annotated/medline16n0014.xml.gz: No such file or directory
preprocessMEDLINE.sh: line 1: DistFilter: command not found
Error: Could not find or load main class index.CitationFinderASCII
Error: Could not find or load main class index.MedlineTriggerAdder
sample_medline_preprocess_2016.sh: line 15: /home/whatizit/monq/medline/2016/baseline_annotated/medline16n0015.xml.gz: No such file or directory
preprocessMEDLINE.sh: line 1: DistFilter: command not found
Error: Could not find or load main class index.CitationFinderASCII
Error: Could not find or load main class index.MedlineTriggerAdder
sample_medline_preprocess_2016.sh: line 16: /home/whatizit/monq/medline/2016/baseline_annotated/medline16n0016.xml.gz: No such file or directory
preprocessMEDLINE.sh: line 1: DistFilter: command not found
Error: Could not find or load main class index.CitationFinderASCII
Error: Could not find or load main class index.MedlineTriggerAdder
sample_medline_preprocess_2016.sh: line 17: /home/whatizit/monq/medline/2016/baseline_annotated/medline16n0017.xml.gz: No such file or directory
preprocessMEDLINE.sh: line 1: DistFilter: command not found
Error: Could not find or load main class index.MedlineTriggerAdder
Error: Could not find or load main class index.CitationFinderASCII
sample_medline_preprocess_2016.sh: line 18: /home/whatizit/monq/medline/2016/baseline_annotated/medline16n0018.xml.gz: No such file or directory
preprocessMEDLINE.sh: line 1: DistFilter: command not found
Error: Could not find or load main class index.CitationFinderASCII
Error: Could not find or load main class index.MedlineTriggerAdder
sample_medline_preprocess_2016.sh: line 19: /home/whatizit/monq/medline/2016/baseline_annotated/medline16n0019.xml.gz: No such file or directory
preprocessMEDLINE.sh: line 1: DistFilter: command not found
Error: Could not find or load main class index.MedlineTriggerAdder
Error: Could not find or load main class index.CitationFinderASCII
sample_medline_preprocess_2016.sh: line 20: /home/whatizit/monq/medline/2016/baseline_annotated/medline16n0020.xml.gz: No such file or directory
preprocessMEDLINE.sh: line 1: DistFilter: command not found
Error: Could not find or load main class index.MedlineTriggerAdder
Error: Could not find or load main class index.CitationFinderASCII
sample_medline_preprocess_2016.sh: line 21: /home/whatizit/monq/medline/2016/baseline_annotated/medline16n0021.xml.gz: No such file or directory
preprocessMEDLINE.sh: line 1: DistFilter: command not found
Error: Could not find or load main class index.CitationFinderASCII
Error: Could not find or load main class index.MedlineTriggerAdder
sample_medline_preprocess_2016.sh: line 22: /home/whatizit/monq/medline/2016/baseline_annotated/medline16n0022.xml.gz: No such file or directory
preprocessMEDLINE.sh: line 1: DistFilter: command not found
Error: Could not find or load main class index.MedlineTriggerAdder
Error: Could not find or load main class index.CitationFinderASCII
sample_medline_preprocess_2016.sh: line 23: /home/whatizit/monq/medline/2016/baseline_annotated/medline16n0023.xml.gz: No such file or directory
preprocessMEDLINE.sh: line 1: DistFilter: command not found
Error: Could not find or load main class index.MedlineTriggerAdder
Error: Could not find or load main class index.CitationFinderASCII
sample_medline_preprocess_2016.sh: line 24: /home/whatizit/monq/medline/2016/baseline_annotated/medline16n0024.xml.gz: No such file or directory
preprocessMEDLINE.sh: line 1: DistFilter: command not found
Error: Could not find or load main class index.CitationFinderASCII
Error: Could not find or load main class index.MedlineTriggerAdder
sample_medline_preprocess_2016.sh: line 25: /home/whatizit/monq/medline/2016/baseline_annotated/medline16n0025.xml.gz: No such file or directory
preprocessMEDLINE.sh: line 1: DistFilter: command not found
Error: Could not find or load main class index.CitationFinderASCII
Error: Could not find or load main class index.MedlineTriggerAdder
sample_medline_preprocess_2016.sh: line 26: /home/whatizit/monq/medline/2016/baseline_annotated/medline16n0026.xml.gz: No such file or directory
preprocessMEDLINE.sh: line 1: DistFilter: command not found
Error: Could not find or load main class index.CitationFinderASCII
Error: Could not find or load main class index.MedlineTriggerAdder
sample_medline_preprocess_2016.sh: line 27: /home/whatizit/monq/medline/2016/baseline_annotated/medline16n0027.xml.gz: No such file or directory
preprocessMEDLINE.sh: line 1: DistFilter: command not found
Error: Could not find or load main class index.CitationFinderASCII
Error: Could not find or load main class index.MedlineTriggerAdder
sample_medline_preprocess_2016.sh: line 28: /home/whatizit/monq/medline/2016/baseline_annotated/medline16n0028.xml.gz: No such file or directory
preprocessMEDLINE.sh: line 1: DistFilter: command not found
Error: Could not find or load main class index.CitationFinderASCII
Error: Could not find or load main class index.MedlineTriggerAdder
sample_medline_preprocess_2016.sh: line 29: /home/whatizit/monq/medline/2016/baseline_annotated/medline16n0029.xml.gz: No such file or directory
preprocessMEDLINE.sh: line 1: DistFilter: command not found
Error: Could not find or load main class index.CitationFinderASCII
Error: Could not find or load main class index.MedlineTriggerAdder
sample_medline_preprocess_2016.sh: line 30: /home/whatizit/monq/medline/2016/baseline_annotated/medline16n0030.xml.gz: No such file or directory
preprocessMEDLINE.sh: line 1: DistFilter: command not found
Error: Could not find or load main class index.MedlineTriggerAdder
Error: Could not find or load main class index.CitationFinderASCII
sample_medline_preprocess_2016.sh: line 31: /home/whatizit/monq/medline/2016/baseline_annotated/medline16n0031.xml.gz: No such file or directory
preprocessMEDLINE.sh: line 1: DistFilter: command not found
Error: Could not find or load main class index.CitationFinderASCII
Error: Could not find or load main class index.MedlineTriggerAdder
sample_medline_preprocess_2016.sh: line 32: /home/whatizit/monq/medline/2016/baseline_annotated/medline16n0032.xml.gz: No such file or directory
preprocessMEDLINE.sh: line 1: DistFilter: command not found
Error: Could not find or load main class index.MedlineTriggerAdder
Error: Could not find or load main class index.CitationFinderASCII
sample_medline_preprocess_2016.sh: line 33: /home/whatizit/monq/medline/2016/baseline_annotated/medline16n0033.xml.gz: No such file or directory
preprocessMEDLINE.sh: line 1: DistFilter: command not found
Error: Could not find or load main class index.CitationFinderASCII
Error: Could not find or load main class index.MedlineTriggerAdder
sample_medline_preprocess_2016.sh: line 34: /home/whatizit/monq/medline/2016/baseline_annotated/medline16n0034.xml.gz: No such file or directory
preprocessMEDLINE.sh: line 1: DistFilter: command not found
Error: Could not find or load main class index.CitationFinderASCIIError: Could not find or load main class index.MedlineTriggerAdder

sample_medline_preprocess_2016.sh: line 35: /home/whatizit/monq/medline/2016/baseline_annotated/medline16n0035.xml.gz: No such file or directory
preprocessMEDLINE.sh: line 1: DistFilter: command not found
Error: Could not find or load main class index.CitationFinderASCII
Error: Could not find or load main class index.MedlineTriggerAdder
sample_medline_preprocess_2016.sh: line 36: /home/whatizit/monq/medline/2016/baseline_annotated/medline16n0036.xml.gz: No such file or directory
preprocessMEDLINE.sh: line 1: DistFilter: command not found
Error: Could not find or load main class index.MedlineTriggerAdder
Error: Could not find or load main class index.CitationFinderASCII
sample_medline_preprocess_2016.sh: line 37: /home/whatizit/monq/medline/2016/baseline_annotated/medline16n0037.xml.gz: No such file or directory
preprocessMEDLINE.sh: line 1: DistFilter: command not found
Error: Could not find or load main class index.CitationFinderASCII
Error: Could not find or load main class index.MedlineTriggerAdder
sample_medline_preprocess_2016.sh: line 38: /home/whatizit/monq/medline/2016/baseline_annotated/medline16n0038.xml.gz: No such file or directory
preprocessMEDLINE.sh: line 1: DistFilter: command not found
Error: Could not find or load main class index.CitationFinderASCII
Error: Could not find or load main class index.MedlineTriggerAdder
sample_medline_preprocess_2016.sh: line 39: /home/whatizit/monq/medline/2016/baseline_annotated/medline16n0039.xml.gz: No such file or directory
preprocessMEDLINE.sh: line 1: DistFilter: command not found
Error: Could not find or load main class index.MedlineTriggerAdder
Error: Could not find or load main class index.CitationFinderASCII
sample_medline_preprocess_2016.sh: line 40: /home/whatizit/monq/medline/2016/baseline_annotated/medline16n0040.xml.gz: No such file or directory
preprocessMEDLINE.sh: line 1: DistFilter: command not found
Error: Could not find or load main class index.CitationFinderASCII
Error: Could not find or load main class index.MedlineTriggerAdder
sample_medline_preprocess_2016.sh: line 41: /home/whatizit/monq/medline/2016/baseline_annotated/medline16n0041.xml.gz: No such file or directory
preprocessMEDLINE.sh: line 1: DistFilter: command not found
Error: Could not find or load main class index.CitationFinderASCII
Error: Could not find or load main class index.MedlineTriggerAdder
sample_medline_preprocess_2016.sh: line 42: /home/whatizit/monq/medline/2016/baseline_annotated/medline16n0042.xml.gz: No such file or directory
preprocessMEDLINE.sh: line 1: DistFilter: command not found
Error: Could not find or load main class index.MedlineTriggerAdder
Error: Could not find or load main class index.CitationFinderASCII
sample_medline_preprocess_2016.sh: line 43: /home/whatizit/monq/medline/2016/baseline_annotated/medline16n0043.xml.gz: No such file or directory
preprocessMEDLINE.sh: line 1: DistFilter: command not found
Error: Could not find or load main class index.MedlineTriggerAdder
Error: Could not find or load main class index.CitationFinderASCII
sample_medline_preprocess_2016.sh: line 44: /home/whatizit/monq/medline/2016/baseline_annotated/medline16n0044.xml.gz: No such file or directory
preprocessMEDLINE.sh: line 1: DistFilter: command not found
Error: Could not find or load main class index.MedlineTriggerAdder
Error: Could not find or load main class index.CitationFinderASCII
sample_medline_preprocess_2016.sh: line 45: /home/whatizit/monq/medline/2016/baseline_annotated/medline16n0045.xml.gz: No such file or directory
preprocessMEDLINE.sh: line 1: DistFilter: command not found
Error: Could not find or load main class index.CitationFinderASCII
Error: Could not find or load main class index.MedlineTriggerAdder
sample_medline_preprocess_2016.sh: line 46: /home/whatizit/monq/medline/2016/baseline_annotated/medline16n0046.xml.gz: No such file or directory
preprocessMEDLINE.sh: line 1: DistFilter: command not found
Error: Could not find or load main class index.CitationFinderASCII
Error: Could not find or load main class index.MedlineTriggerAdder
sample_medline_preprocess_2016.sh: line 47: /home/whatizit/monq/medline/2016/baseline_annotated/medline16n0047.xml.gz: No such file or directory
preprocessMEDLINE.sh: line 1: DistFilter: command not found
Error: Could not find or load main class index.CitationFinderASCII
Error: Could not find or load main class index.MedlineTriggerAdder
sample_medline_preprocess_2016.sh: line 48: /home/whatizit/monq/medline/2016/baseline_annotated/medline16n0048.xml.gz: No such file or directory
preprocessMEDLINE.sh: line 1: DistFilter: command not found
Error: Could not find or load main class index.CitationFinderASCII
Error: Could not find or load main class index.MedlineTriggerAdder
sample_medline_preprocess_2016.sh: line 49: /home/whatizit/monq/medline/2016/baseline_annotated/medline16n0049.xml.gz: No such file or directory
preprocessMEDLINE.sh: line 1: DistFilter: command not found
Error: Could not find or load main class index.MedlineTriggerAdder
Error: Could not find or load main class index.CitationFinderASCII
sample_medline_preprocess_2016.sh: line 50: /home/whatizit/monq/medline/2016/baseline_annotated/medline16n0050.xml.gz: No such file or directory
preprocessMEDLINE.sh: line 1: DistFilter: command not found
Error: Could not find or load main class index.MedlineTriggerAdder
Error: Could not find or load main class index.CitationFinderASCII
sample_medline_preprocess_2016.sh: line 51: /home/whatizit/monq/medline/2016/baseline_annotated/medline16n0051.xml.gz: No such file or directory
preprocessMEDLINE.sh: line 1: DistFilter: command not found
Error: Could not find or load main class index.CitationFinderASCII
Error: Could not find or load main class index.MedlineTriggerAdder
sample_medline_preprocess_2016.sh: line 52: /home/whatizit/monq/medline/2016/baseline_annotated/medline16n0052.xml.gz: No such file or directory
preprocessMEDLINE.sh: line 1: DistFilter: command not found
Error: Could not find or load main class index.CitationFinderASCIIError: Could not find or load main class index.MedlineTriggerAdder

sample_medline_preprocess_2016.sh: line 53: /home/whatizit/monq/medline/2016/baseline_annotated/medline16n0053.xml.gz: No such file or directory
preprocessMEDLINE.sh: line 1: DistFilter: command not found
Error: Could not find or load main class index.MedlineTriggerAdder
Error: Could not find or load main class index.CitationFinderASCII
sample_medline_preprocess_2016.sh: line 54: /home/whatizit/monq/medline/2016/baseline_annotated/medline16n0054.xml.gz: No such file or directory
preprocessMEDLINE.sh: line 1: DistFilter: command not found
Error: Could not find or load main class index.MedlineTriggerAdder
Error: Could not find or load main class index.CitationFinderASCII
sample_medline_preprocess_2016.sh: line 55: /home/whatizit/monq/medline/2016/baseline_annotated/medline16n0055.xml.gz: No such file or directory
preprocessMEDLINE.sh: line 1: DistFilter: command not found
Error: Could not find or load main class index.MedlineTriggerAdder
Error: Could not find or load main class index.CitationFinderASCII
sample_medline_preprocess_2016.sh: line 56: /home/whatizit/monq/medline/2016/baseline_annotated/medline16n0056.xml.gz: No such file or directory
preprocessMEDLINE.sh: line 1: DistFilter: command not found
Error: Could not find or load main class index.CitationFinderASCII
Error: Could not find or load main class index.MedlineTriggerAdder
sample_medline_preprocess_2016.sh: line 57: /home/whatizit/monq/medline/2016/baseline_annotated/medline16n0057.xml.gz: No such file or directory
preprocessMEDLINE.sh: line 1: DistFilter: command not found
Error: Could not find or load main class index.CitationFinderASCII
Error: Could not find or load main class index.MedlineTriggerAdder
sample_medline_preprocess_2016.sh: line 58: /home/whatizit/monq/medline/2016/baseline_annotated/medline16n0058.xml.gz: No such file or directory
preprocessMEDLINE.sh: line 1: DistFilter: command not found
Error: Could not find or load main class index.CitationFinderASCII
Error: Could not find or load main class index.MedlineTriggerAdder
sample_medline_preprocess_2016.sh: line 59: /home/whatizit/monq/medline/2016/baseline_annotated/medline16n0059.xml.gz: No such file or directory
preprocessMEDLINE.sh: line 1: DistFilter: command not found
Error: Could not find or load main class index.MedlineTriggerAdder
Error: Could not find or load main class index.CitationFinderASCII
sample_medline_preprocess_2016.sh: line 60: /home/whatizit/monq/medline/2016/baseline_annotated/medline16n0060.xml.gz: No such file or directory
preprocessMEDLINE.sh: line 1: DistFilter: command not found
Error: Could not find or load main class index.CitationFinderASCII
Error: Could not find or load main class index.MedlineTriggerAdder
sample_medline_preprocess_2016.sh: line 61: /home/whatizit/monq/medline/2016/baseline_annotated/medline16n0061.xml.gz: No such file or directory
preprocessMEDLINE.sh: line 1: DistFilter: command not found
Error: Could not find or load main class index.MedlineTriggerAdder
Error: Could not find or load main class index.CitationFinderASCII
sample_medline_preprocess_2016.sh: line 62: /home/whatizit/monq/medline/2016/baseline_annotated/medline16n0062.xml.gz: No such file or directory
preprocessMEDLINE.sh: line 1: DistFilter: command not found
Error: Could not find or load main class index.CitationFinderASCII
Error: Could not find or load main class index.MedlineTriggerAdder
sample_medline_preprocess_2016.sh: line 63: /home/whatizit/monq/medline/2016/baseline_annotated/medline16n0063.xml.gz: No such file or directory
preprocessMEDLINE.sh: line 1: DistFilter: command not found
Error: Could not find or load main class index.CitationFinderASCII
Error: Could not find or load main class index.MedlineTriggerAdder
sample_medline_preprocess_2016.sh: line 64: /home/whatizit/monq/medline/2016/baseline_annotated/medline16n0064.xml.gz: No such file or directory
preprocessMEDLINE.sh: line 1: DistFilter: command not found
Error: Could not find or load main class index.CitationFinderASCII
Error: Could not find or load main class index.MedlineTriggerAdder
sample_medline_preprocess_2016.sh: line 65: /home/whatizit/monq/medline/2016/baseline_annotated/medline16n0065.xml.gz: No such file or directory
preprocessMEDLINE.sh: line 1: DistFilter: command not found
Error: Could not find or load main class index.CitationFinderASCII
Error: Could not find or load main class index.MedlineTriggerAdder
sample_medline_preprocess_2016.sh: line 66: /home/whatizit/monq/medline/2016/baseline_annotated/medline16n0066.xml.gz: No such file or directory
preprocessMEDLINE.sh: line 1: DistFilter: command not found
Error: Could not find or load main class index.CitationFinderASCII
Error: Could not find or load main class index.MedlineTriggerAdder
sample_medline_preprocess_2016.sh: line 67: /home/whatizit/monq/medline/2016/baseline_annotated/medline16n0067.xml.gz: No such file or directory
preprocessMEDLINE.sh: line 1: DistFilter: command not found
Error: Could not find or load main class index.CitationFinderASCII
Error: Could not find or load main class index.MedlineTriggerAdder
sample_medline_preprocess_2016.sh: line 68: /home/whatizit/monq/medline/2016/baseline_annotated/medline16n0068.xml.gz: No such file or directory
preprocessMEDLINE.sh: line 1: DistFilter: command not found
Error: Could not find or load main class index.MedlineTriggerAdder
Error: Could not find or load main class index.CitationFinderASCII
sample_medline_preprocess_2016.sh: line 69: /home/whatizit/monq/medline/2016/baseline_annotated/medline16n0069.xml.gz: No such file or directory
preprocessMEDLINE.sh: line 1: DistFilter: command not found
Error: Could not find or load main class index.CitationFinderASCIIError: Could not find or load main class index.MedlineTriggerAdder

sample_medline_preprocess_2016.sh: line 70: /home/whatizit/monq/medline/2016/baseline_annotated/medline16n0070.xml.gz: No such file or directory
preprocessMEDLINE.sh: line 1: DistFilter: command not found
Error: Could not find or load main class index.MedlineTriggerAdder
Error: Could not find or load main class index.CitationFinderASCII
sample_medline_preprocess_2016.sh: line 71: /home/whatizit/monq/medline/2016/baseline_annotated/medline16n0071.xml.gz: No such file or directory
preprocessMEDLINE.sh: line 1: DistFilter: command not found
Error: Could not find or load main class index.CitationFinderASCII
Error: Could not find or load main class index.MedlineTriggerAdder
sample_medline_preprocess_2016.sh: line 72: /home/whatizit/monq/medline/2016/baseline_annotated/medline16n0072.xml.gz: No such file or directory
preprocessMEDLINE.sh: line 1: DistFilter: command not found
Error: Could not find or load main class index.CitationFinderASCII
Error: Could not find or load main class index.MedlineTriggerAdder
sample_medline_preprocess_2016.sh: line 73: /home/whatizit/monq/medline/2016/baseline_annotated/medline16n0073.xml.gz: No such file or directory
preprocessMEDLINE.sh: line 1: DistFilter: command not found
Error: Could not find or load main class index.CitationFinderASCII
Error: Could not find or load main class index.MedlineTriggerAdder
sample_medline_preprocess_2016.sh: line 74: /home/whatizit/monq/medline/2016/baseline_annotated/medline16n0074.xml.gz: No such file or directory
preprocessMEDLINE.sh: line 1: DistFilter: command not found
Error: Could not find or load main class index.CitationFinderASCII
Error: Could not find or load main class index.MedlineTriggerAdder
sample_medline_preprocess_2016.sh: line 75: /home/whatizit/monq/medline/2016/baseline_annotated/medline16n0075.xml.gz: No such file or directory
preprocessMEDLINE.sh: line 1: DistFilter: command not found
Error: Could not find or load main class index.CitationFinderASCII
Error: Could not find or load main class index.MedlineTriggerAdder
sample_medline_preprocess_2016.sh: line 76: /home/whatizit/monq/medline/2016/baseline_annotated/medline16n0076.xml.gz: No such file or directory
preprocessMEDLINE.sh: line 1: DistFilter: command not found
Error: Could not find or load main class index.CitationFinderASCII
Error: Could not find or load main class index.MedlineTriggerAdder
sample_medline_preprocess_2016.sh: line 77: /home/whatizit/monq/medline/2016/baseline_annotated/medline16n0077.xml.gz: No such file or directory
preprocessMEDLINE.sh: line 1: DistFilter: command not found
Error: Could not find or load main class index.CitationFinderASCII
Error: Could not find or load main class index.MedlineTriggerAdder
sample_medline_preprocess_2016.sh: line 78: /home/whatizit/monq/medline/2016/baseline_annotated/medline16n0078.xml.gz: No such file or directory
preprocessMEDLINE.sh: line 1: DistFilter: command not found
Error: Could not find or load main class index.CitationFinderASCII
Error: Could not find or load main class index.MedlineTriggerAdder
sample_medline_preprocess_2016.sh: line 79: /home/whatizit/monq/medline/2016/baseline_annotated/medline16n0079.xml.gz: No such file or directory
preprocessMEDLINE.sh: line 1: DistFilter: command not found
Error: Could not find or load main class index.MedlineTriggerAdder
Error: Could not find or load main class index.CitationFinderASCII
sample_medline_preprocess_2016.sh: line 80: /home/whatizit/monq/medline/2016/baseline_annotated/medline16n0080.xml.gz: No such file or directory
preprocessMEDLINE.sh: line 1: DistFilter: command not found
Error: Could not find or load main class index.CitationFinderASCII
Error: Could not find or load main class index.MedlineTriggerAdder
sample_medline_preprocess_2016.sh: line 81: /home/whatizit/monq/medline/2016/baseline_annotated/medline16n0081.xml.gz: No such file or directory
preprocessMEDLINE.sh: line 1: DistFilter: command not found
Error: Could not find or load main class index.CitationFinderASCII
Error: Could not find or load main class index.MedlineTriggerAdder
sample_medline_preprocess_2016.sh: line 82: /home/whatizit/monq/medline/2016/baseline_annotated/medline16n0082.xml.gz: No such file or directory
preprocessMEDLINE.sh: line 1: DistFilter: command not found
Error: Could not find or load main class index.CitationFinderASCII
Error: Could not find or load main class index.MedlineTriggerAdder
sample_medline_preprocess_2016.sh: line 83: /home/whatizit/monq/medline/2016/baseline_annotated/medline16n0083.xml.gz: No such file or directory
preprocessMEDLINE.sh: line 1: DistFilter: command not found
Error: Could not find or load main class index.MedlineTriggerAdder
Error: Could not find or load main class index.CitationFinderASCII
sample_medline_preprocess_2016.sh: line 84: /home/whatizit/monq/medline/2016/baseline_annotated/medline16n0084.xml.gz: No such file or directory
preprocessMEDLINE.sh: line 1: DistFilter: command not found
Error: Could not find or load main class index.CitationFinderASCII
Error: Could not find or load main class index.MedlineTriggerAdder
sample_medline_preprocess_2016.sh: line 85: /home/whatizit/monq/medline/2016/baseline_annotated/medline16n0085.xml.gz: No such file or directory
preprocessMEDLINE.sh: line 1: DistFilter: command not found
Error: Could not find or load main class index.CitationFinderASCII
Error: Could not find or load main class index.MedlineTriggerAdder
sample_medline_preprocess_2016.sh: line 86: /home/whatizit/monq/medline/2016/baseline_annotated/medline16n0086.xml.gz: No such file or directory
preprocessMEDLINE.sh: line 1: DistFilter: command not found
Error: Could not find or load main class index.CitationFinderASCII
Error: Could not find or load main class index.MedlineTriggerAdder
sample_medline_preprocess_2016.sh: line 87: /home/whatizit/monq/medline/2016/baseline_annotated/medline16n0087.xml.gz: No such file or directory
preprocessMEDLINE.sh: line 1: DistFilter: command not found
Error: Could not find or load main class index.CitationFinderASCII
Error: Could not find or load main class index.MedlineTriggerAdder
sample_medline_preprocess_2016.sh: line 88: /home/whatizit/monq/medline/2016/baseline_annotated/medline16n0088.xml.gz: No such file or directory
preprocessMEDLINE.sh: line 1: DistFilter: command not found
Error: Could not find or load main class index.CitationFinderASCII
Error: Could not find or load main class index.MedlineTriggerAdder
sample_medline_preprocess_2016.sh: line 89: /home/whatizit/monq/medline/2016/baseline_annotated/medline16n0089.xml.gz: No such file or directory
preprocessMEDLINE.sh: line 1: DistFilter: command not found
Error: Could not find or load main class index.CitationFinderASCII
Error: Could not find or load main class index.MedlineTriggerAdder
sample_medline_preprocess_2016.sh: line 90: /home/whatizit/monq/medline/2016/baseline_annotated/medline16n0090.xml.gz: No such file or directory
preprocessMEDLINE.sh: line 1: DistFilter: command not found
Error: Could not find or load main class index.CitationFinderASCII
Error: Could not find or load main class index.MedlineTriggerAdder
sample_medline_preprocess_2016.sh: line 91: /home/whatizit/monq/medline/2016/baseline_annotated/medline16n0091.xml.gz: No such file or directory
preprocessMEDLINE.sh: line 1: DistFilter: command not found
Error: Could not find or load main class index.CitationFinderASCII
Error: Could not find or load main class index.MedlineTriggerAdder
sample_medline_preprocess_2016.sh: line 92: /home/whatizit/monq/medline/2016/baseline_annotated/medline16n0092.xml.gz: No such file or directory
preprocessMEDLINE.sh: line 1: DistFilter: command not found
Error: Could not find or load main class index.MedlineTriggerAdder
Error: Could not find or load main class index.CitationFinderASCII
sample_medline_preprocess_2016.sh: line 93: /home/whatizit/monq/medline/2016/baseline_annotated/medline16n0093.xml.gz: No such file or directory
preprocessMEDLINE.sh: line 1: DistFilter: command not found
Error: Could not find or load main class index.MedlineTriggerAdder
Error: Could not find or load main class index.CitationFinderASCII
sample_medline_preprocess_2016.sh: line 94: /home/whatizit/monq/medline/2016/baseline_annotated/medline16n0094.xml.gz: No such file or directory
preprocessMEDLINE.sh: line 1: DistFilter: command not found
Error: Could not find or load main class index.CitationFinderASCII
Error: Could not find or load main class index.MedlineTriggerAdder
sample_medline_preprocess_2016.sh: line 95: /home/whatizit/monq/medline/2016/baseline_annotated/medline16n0095.xml.gz: No such file or directory
preprocessMEDLINE.sh: line 1: DistFilter: command not found
Error: Could not find or load main class index.MedlineTriggerAdder
Error: Could not find or load main class index.CitationFinderASCII
sample_medline_preprocess_2016.sh: line 96: /home/whatizit/monq/medline/2016/baseline_annotated/medline16n0096.xml.gz: No such file or directory
preprocessMEDLINE.sh: line 1: DistFilter: command not found
Error: Could not find or load main class index.MedlineTriggerAdder
Error: Could not find or load main class index.CitationFinderASCII
sample_medline_preprocess_2016.sh: line 97: /home/whatizit/monq/medline/2016/baseline_annotated/medline16n0097.xml.gz: No such file or directory
preprocessMEDLINE.sh: line 1: DistFilter: command not found
Error: Could not find or load main class index.MedlineTriggerAdder
Error: Could not find or load main class index.CitationFinderASCII
sample_medline_preprocess_2016.sh: line 98: /home/whatizit/monq/medline/2016/baseline_annotated/medline16n0098.xml.gz: No such file or directory
preprocessMEDLINE.sh: line 1: DistFilter: command not found
Error: Could not find or load main class index.CitationFinderASCII
Error: Could not find or load main class index.MedlineTriggerAdder
sample_medline_preprocess_2016.sh: line 99: /home/whatizit/monq/medline/2016/baseline_annotated/medline16n0099.xml.gz: No such file or directory
preprocessMEDLINE.sh: line 1: DistFilter: command not found
Error: Could not find or load main class index.CitationFinderASCII
Error: Could not find or load main class index.MedlineTriggerAdder
sample_medline_preprocess_2016.sh: line 100: /home/whatizit/monq/medline/2016/baseline_annotated/medline16n0100.xml.gz: No such file or directory
preprocessMEDLINE.sh: line 1: DistFilter: command not found
Error: Could not find or load main class index.CitationFinderASCII
Error: Could not find or load main class index.MedlineTriggerAdder
sample_medline_preprocess_2016.sh: line 101: /home/whatizit/monq/medline/2016/baseline_annotated/medline16n0101.xml.gz: No such file or directory
preprocessMEDLINE.sh: line 1: DistFilter: command not found
Error: Could not find or load main class index.CitationFinderASCII
Error: Could not find or load main class index.MedlineTriggerAdder
sample_medline_preprocess_2016.sh: line 102: /home/whatizit/monq/medline/2016/baseline_annotated/medline16n0102.xml.gz: No such file or directory
preprocessMEDLINE.sh: line 1: DistFilter: command not found
Error: Could not find or load main class index.MedlineTriggerAdder
Error: Could not find or load main class index.CitationFinderASCII
sample_medline_preprocess_2016.sh: line 103: /home/whatizit/monq/medline/2016/baseline_annotated/medline16n0103.xml.gz: No such file or directory
preprocessMEDLINE.sh: line 1: DistFilter: command not found
Error: Could not find or load main class index.CitationFinderASCII
Error: Could not find or load main class index.MedlineTriggerAdder
sample_medline_preprocess_2016.sh: line 104: /home/whatizit/monq/medline/2016/baseline_annotated/medline16n0104.xml.gz: No such file or directory
preprocessMEDLINE.sh: line 1: DistFilter: command not found
Error: Could not find or load main class index.CitationFinderASCII
Error: Could not find or load main class index.MedlineTriggerAdder
sample_medline_preprocess_2016.sh: line 105: /home/whatizit/monq/medline/2016/baseline_annotated/medline16n0105.xml.gz: No such file or directory
preprocessMEDLINE.sh: line 1: DistFilter: command not found
Error: Could not find or load main class index.MedlineTriggerAdder
Error: Could not find or load main class index.CitationFinderASCII
sample_medline_preprocess_2016.sh: line 106: /home/whatizit/monq/medline/2016/baseline_annotated/medline16n0106.xml.gz: No such file or directory
preprocessMEDLINE.sh: line 1: DistFilter: command not found
Error: Could not find or load main class index.MedlineTriggerAdder
Error: Could not find or load main class index.CitationFinderASCII
sample_medline_preprocess_2016.sh: line 107: /home/whatizit/monq/medline/2016/baseline_annotated/medline16n0107.xml.gz: No such file or directory
preprocessMEDLINE.sh: line 1: DistFilter: command not found
Error: Could not find or load main class index.CitationFinderASCII
Error: Could not find or load main class index.MedlineTriggerAdder
sample_medline_preprocess_2016.sh: line 108: /home/whatizit/monq/medline/2016/baseline_annotated/medline16n0108.xml.gz: No such file or directory
preprocessMEDLINE.sh: line 1: DistFilter: command not found
Error: Could not find or load main class index.MedlineTriggerAdder
Error: Could not find or load main class index.CitationFinderASCII
sample_medline_preprocess_2016.sh: line 109: /home/whatizit/monq/medline/2016/baseline_annotated/medline16n0109.xml.gz: No such file or directory
preprocessMEDLINE.sh: line 1: DistFilter: command not found
Error: Could not find or load main class index.CitationFinderASCII
Error: Could not find or load main class index.MedlineTriggerAdder
sample_medline_preprocess_2016.sh: line 110: /home/whatizit/monq/medline/2016/baseline_annotated/medline16n0110.xml.gz: No such file or directory
preprocessMEDLINE.sh: line 1: DistFilter: command not found
Error: Could not find or load main class index.CitationFinderASCII
Error: Could not find or load main class index.MedlineTriggerAdder
sample_medline_preprocess_2016.sh: line 111: /home/whatizit/monq/medline/2016/baseline_annotated/medline16n0111.xml.gz: No such file or directory
preprocessMEDLINE.sh: line 1: DistFilter: command not found
Error: Could not find or load main class index.CitationFinderASCII
Error: Could not find or load main class index.MedlineTriggerAdder
sample_medline_preprocess_2016.sh: line 112: /home/whatizit/monq/medline/2016/baseline_annotated/medline16n0112.xml.gz: No such file or directory
preprocessMEDLINE.sh: line 1: DistFilter: command not found
Error: Could not find or load main class index.CitationFinderASCII
Error: Could not find or load main class index.MedlineTriggerAdder
sample_medline_preprocess_2016.sh: line 113: /home/whatizit/monq/medline/2016/baseline_annotated/medline16n0113.xml.gz: No such file or directory
preprocessMEDLINE.sh: line 1: DistFilter: command not found
Error: Could not find or load main class index.CitationFinderASCII
Error: Could not find or load main class index.MedlineTriggerAdder
sample_medline_preprocess_2016.sh: line 114: /home/whatizit/monq/medline/2016/baseline_annotated/medline16n0114.xml.gz: No such file or directory
preprocessMEDLINE.sh: line 1: DistFilter: command not found
Error: Could not find or load main class index.MedlineTriggerAdder
Error: Could not find or load main class index.CitationFinderASCII
sample_medline_preprocess_2016.sh: line 115: /home/whatizit/monq/medline/2016/baseline_annotated/medline16n0115.xml.gz: No such file or directory
preprocessMEDLINE.sh: line 1: DistFilter: command not found
Error: Could not find or load main class index.CitationFinderASCII
Error: Could not find or load main class index.MedlineTriggerAdder
sample_medline_preprocess_2016.sh: line 116: /home/whatizit/monq/medline/2016/baseline_annotated/medline16n0116.xml.gz: No such file or directory
preprocessMEDLINE.sh: line 1: DistFilter: command not found
Error: Could not find or load main class index.MedlineTriggerAdder
Error: Could not find or load main class index.CitationFinderASCII
sample_medline_preprocess_2016.sh: line 117: /home/whatizit/monq/medline/2016/baseline_annotated/medline16n0117.xml.gz: No such file or directory
preprocessMEDLINE.sh: line 1: DistFilter: command not found
Error: Could not find or load main class index.MedlineTriggerAdder
Error: Could not find or load main class index.CitationFinderASCII
sample_medline_preprocess_2016.sh: line 118: /home/whatizit/monq/medline/2016/baseline_annotated/medline16n0118.xml.gz: No such file or directory
preprocessMEDLINE.sh: line 1: DistFilter: command not found
Error: Could not find or load main class index.MedlineTriggerAdder
Error: Could not find or load main class index.CitationFinderASCII
sample_medline_preprocess_2016.sh: line 119: /home/whatizit/monq/medline/2016/baseline_annotated/medline16n0119.xml.gz: No such file or directory
preprocessMEDLINE.sh: line 1: DistFilter: command not found
Error: Could not find or load main class index.CitationFinderASCII
Error: Could not find or load main class index.MedlineTriggerAdder
sample_medline_preprocess_2016.sh: line 120: /home/whatizit/monq/medline/2016/baseline_annotated/medline16n0120.xml.gz: No such file or directory
preprocessMEDLINE.sh: line 1: DistFilter: command not found
Error: Could not find or load main class index.CitationFinderASCII
Error: Could not find or load main class index.MedlineTriggerAdder
sample_medline_preprocess_2016.sh: line 121: /home/whatizit/monq/medline/2016/baseline_annotated/medline16n0121.xml.gz: No such file or directory
preprocessMEDLINE.sh: line 1: DistFilter: command not found
Error: Could not find or load main class index.MedlineTriggerAdder
Error: Could not find or load main class index.CitationFinderASCII
sample_medline_preprocess_2016.sh: line 122: /home/whatizit/monq/medline/2016/baseline_annotated/medline16n0122.xml.gz: No such file or directory
preprocessMEDLINE.sh: line 1: DistFilter: command not found
Error: Could not find or load main class index.CitationFinderASCII
Error: Could not find or load main class index.MedlineTriggerAdder
sample_medline_preprocess_2016.sh: line 123: /home/whatizit/monq/medline/2016/baseline_annotated/medline16n0123.xml.gz: No such file or directory
preprocessMEDLINE.sh: line 1: DistFilter: command not found
Error: Could not find or load main class index.CitationFinderASCII
Error: Could not find or load main class index.MedlineTriggerAdder
sample_medline_preprocess_2016.sh: line 124: /home/whatizit/monq/medline/2016/baseline_annotated/medline16n0124.xml.gz: No such file or directory
preprocessMEDLINE.sh: line 1: DistFilter: command not found
Error: Could not find or load main class index.CitationFinderASCII
Error: Could not find or load main class index.MedlineTriggerAdder
sample_medline_preprocess_2016.sh: line 125: /home/whatizit/monq/medline/2016/baseline_annotated/medline16n0125.xml.gz: No such file or directory
preprocessMEDLINE.sh: line 1: DistFilter: command not found
Error: Could not find or load main class index.CitationFinderASCII
Error: Could not find or load main class index.MedlineTriggerAdder
sample_medline_preprocess_2016.sh: line 126: /home/whatizit/monq/medline/2016/baseline_annotated/medline16n0126.xml.gz: No such file or directory
preprocessMEDLINE.sh: line 1: DistFilter: command not found
Error: Could not find or load main class index.CitationFinderASCII
Error: Could not find or load main class index.MedlineTriggerAdder
sample_medline_preprocess_2016.sh: line 127: /home/whatizit/monq/medline/2016/baseline_annotated/medline16n0127.xml.gz: No such file or directory
preprocessMEDLINE.sh: line 1: DistFilter: command not found
Error: Could not find or load main class index.CitationFinderASCII
Error: Could not find or load main class index.MedlineTriggerAdder
sample_medline_preprocess_2016.sh: line 128: /home/whatizit/monq/medline/2016/baseline_annotated/medline16n0128.xml.gz: No such file or directory
preprocessMEDLINE.sh: line 1: DistFilter: command not found
Error: Could not find or load main class index.CitationFinderASCII
Error: Could not find or load main class index.MedlineTriggerAdder
sample_medline_preprocess_2016.sh: line 129: /home/whatizit/monq/medline/2016/baseline_annotated/medline16n0129.xml.gz: No such file or directory
preprocessMEDLINE.sh: line 1: DistFilter: command not found
Error: Could not find or load main class index.MedlineTriggerAdder
Error: Could not find or load main class index.CitationFinderASCII
sample_medline_preprocess_2016.sh: line 130: /home/whatizit/monq/medline/2016/baseline_annotated/medline16n0130.xml.gz: No such file or directory
preprocessMEDLINE.sh: line 1: DistFilter: command not found
Error: Could not find or load main class index.CitationFinderASCII
Error: Could not find or load main class index.MedlineTriggerAdder
sample_medline_preprocess_2016.sh: line 131: /home/whatizit/monq/medline/2016/baseline_annotated/medline16n0131.xml.gz: No such file or directory
preprocessMEDLINE.sh: line 1: DistFilter: command not found
Error: Could not find or load main class index.CitationFinderASCII
Error: Could not find or load main class index.MedlineTriggerAdder
sample_medline_preprocess_2016.sh: line 132: /home/whatizit/monq/medline/2016/baseline_annotated/medline16n0132.xml.gz: No such file or directory
preprocessMEDLINE.sh: line 1: DistFilter: command not found
Error: Could not find or load main class index.CitationFinderASCII
Error: Could not find or load main class index.MedlineTriggerAdder
sample_medline_preprocess_2016.sh: line 133: /home/whatizit/monq/medline/2016/baseline_annotated/medline16n0133.xml.gz: No such file or directory
preprocessMEDLINE.sh: line 1: DistFilter: command not found
Error: Could not find or load main class index.CitationFinderASCII
Error: Could not find or load main class index.MedlineTriggerAdder
sample_medline_preprocess_2016.sh: line 134: /home/whatizit/monq/medline/2016/baseline_annotated/medline16n0134.xml.gz: No such file or directory
preprocessMEDLINE.sh: line 1: DistFilter: command not found
Error: Could not find or load main class index.CitationFinderASCII
Error: Could not find or load main class index.MedlineTriggerAdder
sample_medline_preprocess_2016.sh: line 135: /home/whatizit/monq/medline/2016/baseline_annotated/medline16n0135.xml.gz: No such file or directory
preprocessMEDLINE.sh: line 1: DistFilter: command not found
Error: Could not find or load main class index.CitationFinderASCII
Error: Could not find or load main class index.MedlineTriggerAdder
sample_medline_preprocess_2016.sh: line 136: /home/whatizit/monq/medline/2016/baseline_annotated/medline16n0136.xml.gz: No such file or directory
preprocessMEDLINE.sh: line 1: DistFilter: command not found
Error: Could not find or load main class index.CitationFinderASCII
Error: Could not find or load main class index.MedlineTriggerAdder
sample_medline_preprocess_2016.sh: line 137: /home/whatizit/monq/medline/2016/baseline_annotated/medline16n0137.xml.gz: No such file or directory
preprocessMEDLINE.sh: line 1: DistFilter: command not found
Error: Could not find or load main class index.CitationFinderASCII
Error: Could not find or load main class index.MedlineTriggerAdder
sample_medline_preprocess_2016.sh: line 138: /home/whatizit/monq/medline/2016/baseline_annotated/medline16n0138.xml.gz: No such file or directory
preprocessMEDLINE.sh: line 1: DistFilter: command not found
Error: Could not find or load main class index.MedlineTriggerAdder
Error: Could not find or load main class index.CitationFinderASCII
sample_medline_preprocess_2016.sh: line 139: /home/whatizit/monq/medline/2016/baseline_annotated/medline16n0139.xml.gz: No such file or directory
preprocessMEDLINE.sh: line 1: DistFilter: command not found
Error: Could not find or load main class index.MedlineTriggerAdder
Error: Could not find or load main class index.CitationFinderASCII
sample_medline_preprocess_2016.sh: line 140: /home/whatizit/monq/medline/2016/baseline_annotated/medline16n0140.xml.gz: No such file or directory
preprocessMEDLINE.sh: line 1: DistFilter: command not found
Error: Could not find or load main class index.CitationFinderASCII
Error: Could not find or load main class index.MedlineTriggerAdder
sample_medline_preprocess_2016.sh: line 141: /home/whatizit/monq/medline/2016/baseline_annotated/medline16n0141.xml.gz: No such file or directory
preprocessMEDLINE.sh: line 1: DistFilter: command not found
Error: Could not find or load main class index.CitationFinderASCIIError: Could not find or load main class index.MedlineTriggerAdder

sample_medline_preprocess_2016.sh: line 142: /home/whatizit/monq/medline/2016/baseline_annotated/medline16n0142.xml.gz: No such file or directory
preprocessMEDLINE.sh: line 1: DistFilter: command not found
Error: Could not find or load main class index.CitationFinderASCII
Error: Could not find or load main class index.MedlineTriggerAdder
sample_medline_preprocess_2016.sh: line 143: /home/whatizit/monq/medline/2016/baseline_annotated/medline16n0143.xml.gz: No such file or directory
preprocessMEDLINE.sh: line 1: DistFilter: command not found
Error: Could not find or load main class index.CitationFinderASCII
Error: Could not find or load main class index.MedlineTriggerAdder
sample_medline_preprocess_2016.sh: line 144: /home/whatizit/monq/medline/2016/baseline_annotated/medline16n0144.xml.gz: No such file or directory
preprocessMEDLINE.sh: line 1: DistFilter: command not found
Error: Could not find or load main class index.CitationFinderASCII
Error: Could not find or load main class index.MedlineTriggerAdder
sample_medline_preprocess_2016.sh: line 145: /home/whatizit/monq/medline/2016/baseline_annotated/medline16n0145.xml.gz: No such file or directory
preprocessMEDLINE.sh: line 1: DistFilter: command not found
Error: Could not find or load main class index.MedlineTriggerAdder
Error: Could not find or load main class index.CitationFinderASCII
sample_medline_preprocess_2016.sh: line 146: /home/whatizit/monq/medline/2016/baseline_annotated/medline16n0146.xml.gz: No such file or directory
preprocessMEDLINE.sh: line 1: DistFilter: command not found
Error: Could not find or load main class index.CitationFinderASCII
Error: Could not find or load main class index.MedlineTriggerAdder
sample_medline_preprocess_2016.sh: line 147: /home/whatizit/monq/medline/2016/baseline_annotated/medline16n0147.xml.gz: No such file or directory
preprocessMEDLINE.sh: line 1: DistFilter: command not found
Error: Could not find or load main class index.CitationFinderASCII
Error: Could not find or load main class index.MedlineTriggerAdder
sample_medline_preprocess_2016.sh: line 148: /home/whatizit/monq/medline/2016/baseline_annotated/medline16n0148.xml.gz: No such file or directory
preprocessMEDLINE.sh: line 1: DistFilter: command not found
Error: Could not find or load main class index.CitationFinderASCII
Error: Could not find or load main class index.MedlineTriggerAdder
sample_medline_preprocess_2016.sh: line 149: /home/whatizit/monq/medline/2016/baseline_annotated/medline16n0149.xml.gz: No such file or directory
preprocessMEDLINE.sh: line 1: DistFilter: command not found
Error: Could not find or load main class index.CitationFinderASCII
Error: Could not find or load main class index.MedlineTriggerAdder
sample_medline_preprocess_2016.sh: line 150: /home/whatizit/monq/medline/2016/baseline_annotated/medline16n0150.xml.gz: No such file or directory
preprocessMEDLINE.sh: line 1: DistFilter: command not found
Error: Could not find or load main class index.MedlineTriggerAdder
Error: Could not find or load main class index.CitationFinderASCII
sample_medline_preprocess_2016.sh: line 151: /home/whatizit/monq/medline/2016/baseline_annotated/medline16n0151.xml.gz: No such file or directory
preprocessMEDLINE.sh: line 1: DistFilter: command not found
Error: Could not find or load main class index.MedlineTriggerAdder
Error: Could not find or load main class index.CitationFinderASCII
sample_medline_preprocess_2016.sh: line 152: /home/whatizit/monq/medline/2016/baseline_annotated/medline16n0152.xml.gz: No such file or directory
preprocessMEDLINE.sh: line 1: DistFilter: command not found
Error: Could not find or load main class index.CitationFinderASCII
Error: Could not find or load main class index.MedlineTriggerAdder
sample_medline_preprocess_2016.sh: line 153: /home/whatizit/monq/medline/2016/baseline_annotated/medline16n0153.xml.gz: No such file or directory
preprocessMEDLINE.sh: line 1: DistFilter: command not found
Error: Could not find or load main class index.CitationFinderASCII
Error: Could not find or load main class index.MedlineTriggerAdder
sample_medline_preprocess_2016.sh: line 154: /home/whatizit/monq/medline/2016/baseline_annotated/medline16n0154.xml.gz: No such file or directory
preprocessMEDLINE.sh: line 1: DistFilter: command not found
Error: Could not find or load main class index.MedlineTriggerAdder
Error: Could not find or load main class index.CitationFinderASCII
sample_medline_preprocess_2016.sh: line 155: /home/whatizit/monq/medline/2016/baseline_annotated/medline16n0155.xml.gz: No such file or directory
preprocessMEDLINE.sh: line 1: DistFilter: command not found
Error: Could not find or load main class index.CitationFinderASCII
Error: Could not find or load main class index.MedlineTriggerAdder
sample_medline_preprocess_2016.sh: line 156: /home/whatizit/monq/medline/2016/baseline_annotated/medline16n0156.xml.gz: No such file or directory
preprocessMEDLINE.sh: line 1: DistFilter: command not found
Error: Could not find or load main class index.CitationFinderASCII
Error: Could not find or load main class index.MedlineTriggerAdder
sample_medline_preprocess_2016.sh: line 157: /home/whatizit/monq/medline/2016/baseline_annotated/medline16n0157.xml.gz: No such file or directory
preprocessMEDLINE.sh: line 1: DistFilter: command not found
Error: Could not find or load main class index.CitationFinderASCII
Error: Could not find or load main class index.MedlineTriggerAdder
sample_medline_preprocess_2016.sh: line 158: /home/whatizit/monq/medline/2016/baseline_annotated/medline16n0158.xml.gz: No such file or directory
preprocessMEDLINE.sh: line 1: DistFilter: command not found
Error: Could not find or load main class index.CitationFinderASCII
Error: Could not find or load main class index.MedlineTriggerAdder
sample_medline_preprocess_2016.sh: line 159: /home/whatizit/monq/medline/2016/baseline_annotated/medline16n0159.xml.gz: No such file or directory
preprocessMEDLINE.sh: line 1: DistFilter: command not found
Error: Could not find or load main class index.CitationFinderASCII
Error: Could not find or load main class index.MedlineTriggerAdder
sample_medline_preprocess_2016.sh: line 160: /home/whatizit/monq/medline/2016/baseline_annotated/medline16n0160.xml.gz: No such file or directory
preprocessMEDLINE.sh: line 1: DistFilter: command not found
Error: Could not find or load main class index.MedlineTriggerAdder
Error: Could not find or load main class index.CitationFinderASCII
sample_medline_preprocess_2016.sh: line 161: /home/whatizit/monq/medline/2016/baseline_annotated/medline16n0161.xml.gz: No such file or directory
preprocessMEDLINE.sh: line 1: DistFilter: command not found
Error: Could not find or load main class index.MedlineTriggerAdderError: Could not find or load main class index.CitationFinderASCII

sample_medline_preprocess_2016.sh: line 162: /home/whatizit/monq/medline/2016/baseline_annotated/medline16n0162.xml.gz: No such file or directory
preprocessMEDLINE.sh: line 1: DistFilter: command not found
Error: Could not find or load main class index.MedlineTriggerAdder
Error: Could not find or load main class index.CitationFinderASCII
sample_medline_preprocess_2016.sh: line 163: /home/whatizit/monq/medline/2016/baseline_annotated/medline16n0163.xml.gz: No such file or directory
preprocessMEDLINE.sh: line 1: DistFilter: command not found
Error: Could not find or load main class index.CitationFinderASCIIError: Could not find or load main class index.MedlineTriggerAdder

sample_medline_preprocess_2016.sh: line 164: /home/whatizit/monq/medline/2016/baseline_annotated/medline16n0164.xml.gz: No such file or directory
preprocessMEDLINE.sh: line 1: DistFilter: command not found
Error: Could not find or load main class index.MedlineTriggerAdder
Error: Could not find or load main class index.CitationFinderASCII
sample_medline_preprocess_2016.sh: line 165: /home/whatizit/monq/medline/2016/baseline_annotated/medline16n0165.xml.gz: No such file or directory
preprocessMEDLINE.sh: line 1: DistFilter: command not found
Error: Could not find or load main class index.CitationFinderASCII
Error: Could not find or load main class index.MedlineTriggerAdder
sample_medline_preprocess_2016.sh: line 166: /home/whatizit/monq/medline/2016/baseline_annotated/medline16n0166.xml.gz: No such file or directory
preprocessMEDLINE.sh: line 1: DistFilter: command not found
Error: Could not find or load main class index.MedlineTriggerAdder
Error: Could not find or load main class index.CitationFinderASCII
sample_medline_preprocess_2016.sh: line 167: /home/whatizit/monq/medline/2016/baseline_annotated/medline16n0167.xml.gz: No such file or directory
preprocessMEDLINE.sh: line 1: DistFilter: command not found
Error: Could not find or load main class index.CitationFinderASCII
Error: Could not find or load main class index.MedlineTriggerAdder
sample_medline_preprocess_2016.sh: line 168: /home/whatizit/monq/medline/2016/baseline_annotated/medline16n0168.xml.gz: No such file or directory
preprocessMEDLINE.sh: line 1: DistFilter: command not found
Error: Could not find or load main class index.CitationFinderASCII
Error: Could not find or load main class index.MedlineTriggerAdder
sample_medline_preprocess_2016.sh: line 169: /home/whatizit/monq/medline/2016/baseline_annotated/medline16n0169.xml.gz: No such file or directory
preprocessMEDLINE.sh: line 1: DistFilter: command not found
Error: Could not find or load main class index.MedlineTriggerAdder
Error: Could not find or load main class index.CitationFinderASCII
sample_medline_preprocess_2016.sh: line 170: /home/whatizit/monq/medline/2016/baseline_annotated/medline16n0170.xml.gz: No such file or directory
preprocessMEDLINE.sh: line 1: DistFilter: command not found
Error: Could not find or load main class index.MedlineTriggerAdder
Error: Could not find or load main class index.CitationFinderASCII
sample_medline_preprocess_2016.sh: line 171: /home/whatizit/monq/medline/2016/baseline_annotated/medline16n0171.xml.gz: No such file or directory
preprocessMEDLINE.sh: line 1: DistFilter: command not found
Error: Could not find or load main class index.CitationFinderASCII
Error: Could not find or load main class index.MedlineTriggerAdder
sample_medline_preprocess_2016.sh: line 172: /home/whatizit/monq/medline/2016/baseline_annotated/medline16n0172.xml.gz: No such file or directory
preprocessMEDLINE.sh: line 1: DistFilter: command not found
Error: Could not find or load main class index.CitationFinderASCII
Error: Could not find or load main class index.MedlineTriggerAdder
sample_medline_preprocess_2016.sh: line 173: /home/whatizit/monq/medline/2016/baseline_annotated/medline16n0173.xml.gz: No such file or directory
preprocessMEDLINE.sh: line 1: DistFilter: command not found
Error: Could not find or load main class index.CitationFinderASCII
Error: Could not find or load main class index.MedlineTriggerAdder
sample_medline_preprocess_2016.sh: line 174: /home/whatizit/monq/medline/2016/baseline_annotated/medline16n0174.xml.gz: No such file or directory
preprocessMEDLINE.sh: line 1: DistFilter: command not found
Error: Could not find or load main class index.CitationFinderASCII
Error: Could not find or load main class index.MedlineTriggerAdder
sample_medline_preprocess_2016.sh: line 175: /home/whatizit/monq/medline/2016/baseline_annotated/medline16n0175.xml.gz: No such file or directory
preprocessMEDLINE.sh: line 1: DistFilter: command not found
Error: Could not find or load main class index.CitationFinderASCII
Error: Could not find or load main class index.MedlineTriggerAdder
sample_medline_preprocess_2016.sh: line 176: /home/whatizit/monq/medline/2016/baseline_annotated/medline16n0176.xml.gz: No such file or directory
preprocessMEDLINE.sh: line 1: DistFilter: command not found
Error: Could not find or load main class index.MedlineTriggerAdder
Error: Could not find or load main class index.CitationFinderASCII
sample_medline_preprocess_2016.sh: line 177: /home/whatizit/monq/medline/2016/baseline_annotated/medline16n0177.xml.gz: No such file or directory
preprocessMEDLINE.sh: line 1: DistFilter: command not found
Error: Could not find or load main class index.MedlineTriggerAdder
Error: Could not find or load main class index.CitationFinderASCII
sample_medline_preprocess_2016.sh: line 178: /home/whatizit/monq/medline/2016/baseline_annotated/medline16n0178.xml.gz: No such file or directory
preprocessMEDLINE.sh: line 1: DistFilter: command not found
Error: Could not find or load main class index.MedlineTriggerAdder
Error: Could not find or load main class index.CitationFinderASCII
sample_medline_preprocess_2016.sh: line 179: /home/whatizit/monq/medline/2016/baseline_annotated/medline16n0179.xml.gz: No such file or directory
preprocessMEDLINE.sh: line 1: DistFilter: command not found
Error: Could not find or load main class index.CitationFinderASCII
Error: Could not find or load main class index.MedlineTriggerAdder
sample_medline_preprocess_2016.sh: line 180: /home/whatizit/monq/medline/2016/baseline_annotated/medline16n0180.xml.gz: No such file or directory
preprocessMEDLINE.sh: line 1: DistFilter: command not found
Error: Could not find or load main class index.MedlineTriggerAdderError: Could not find or load main class index.CitationFinderASCII

sample_medline_preprocess_2016.sh: line 181: /home/whatizit/monq/medline/2016/baseline_annotated/medline16n0181.xml.gz: No such file or directory
preprocessMEDLINE.sh: line 1: DistFilter: command not found
Error: Could not find or load main class index.CitationFinderASCII
Error: Could not find or load main class index.MedlineTriggerAdder
sample_medline_preprocess_2016.sh: line 182: /home/whatizit/monq/medline/2016/baseline_annotated/medline16n0182.xml.gz: No such file or directory
preprocessMEDLINE.sh: line 1: DistFilter: command not found
Error: Could not find or load main class index.MedlineTriggerAdder
Error: Could not find or load main class index.CitationFinderASCII
sample_medline_preprocess_2016.sh: line 183: /home/whatizit/monq/medline/2016/baseline_annotated/medline16n0183.xml.gz: No such file or directory
preprocessMEDLINE.sh: line 1: DistFilter: command not found
Error: Could not find or load main class index.MedlineTriggerAdder
Error: Could not find or load main class index.CitationFinderASCII
sample_medline_preprocess_2016.sh: line 184: /home/whatizit/monq/medline/2016/baseline_annotated/medline16n0184.xml.gz: No such file or directory
preprocessMEDLINE.sh: line 1: DistFilter: command not found
Error: Could not find or load main class index.CitationFinderASCII
Error: Could not find or load main class index.MedlineTriggerAdder
sample_medline_preprocess_2016.sh: line 185: /home/whatizit/monq/medline/2016/baseline_annotated/medline16n0185.xml.gz: No such file or directory
preprocessMEDLINE.sh: line 1: DistFilter: command not found
Error: Could not find or load main class index.MedlineTriggerAdder
Error: Could not find or load main class index.CitationFinderASCII
sample_medline_preprocess_2016.sh: line 186: /home/whatizit/monq/medline/2016/baseline_annotated/medline16n0186.xml.gz: No such file or directory
preprocessMEDLINE.sh: line 1: DistFilter: command not found
Error: Could not find or load main class index.CitationFinderASCII
Error: Could not find or load main class index.MedlineTriggerAdder
sample_medline_preprocess_2016.sh: line 187: /home/whatizit/monq/medline/2016/baseline_annotated/medline16n0187.xml.gz: No such file or directory
preprocessMEDLINE.sh: line 1: DistFilter: command not found
Error: Could not find or load main class index.CitationFinderASCII
Error: Could not find or load main class index.MedlineTriggerAdder
sample_medline_preprocess_2016.sh: line 188: /home/whatizit/monq/medline/2016/baseline_annotated/medline16n0188.xml.gz: No such file or directory
preprocessMEDLINE.sh: line 1: DistFilter: command not found
Error: Could not find or load main class index.CitationFinderASCII
Error: Could not find or load main class index.MedlineTriggerAdder
sample_medline_preprocess_2016.sh: line 189: /home/whatizit/monq/medline/2016/baseline_annotated/medline16n0189.xml.gz: No such file or directory
preprocessMEDLINE.sh: line 1: DistFilter: command not found
Error: Could not find or load main class index.CitationFinderASCII
Error: Could not find or load main class index.MedlineTriggerAdder
sample_medline_preprocess_2016.sh: line 190: /home/whatizit/monq/medline/2016/baseline_annotated/medline16n0190.xml.gz: No such file or directory
preprocessMEDLINE.sh: line 1: DistFilter: command not found
Error: Could not find or load main class index.MedlineTriggerAdder
Error: Could not find or load main class index.CitationFinderASCII
sample_medline_preprocess_2016.sh: line 191: /home/whatizit/monq/medline/2016/baseline_annotated/medline16n0191.xml.gz: No such file or directory
preprocessMEDLINE.sh: line 1: DistFilter: command not found
Error: Could not find or load main class index.MedlineTriggerAdder
Error: Could not find or load main class index.CitationFinderASCII
sample_medline_preprocess_2016.sh: line 192: /home/whatizit/monq/medline/2016/baseline_annotated/medline16n0192.xml.gz: No such file or directory
preprocessMEDLINE.sh: line 1: DistFilter: command not found
Error: Could not find or load main class index.CitationFinderASCII
Error: Could not find or load main class index.MedlineTriggerAdder
sample_medline_preprocess_2016.sh: line 193: /home/whatizit/monq/medline/2016/baseline_annotated/medline16n0193.xml.gz: No such file or directory
preprocessMEDLINE.sh: line 1: DistFilter: command not found
Error: Could not find or load main class index.MedlineTriggerAdderError: Could not find or load main class index.CitationFinderASCII

sample_medline_preprocess_2016.sh: line 194: /home/whatizit/monq/medline/2016/baseline_annotated/medline16n0194.xml.gz: No such file or directory
preprocessMEDLINE.sh: line 1: DistFilter: command not found
Error: Could not find or load main class index.CitationFinderASCII
Error: Could not find or load main class index.MedlineTriggerAdder
sample_medline_preprocess_2016.sh: line 195: /home/whatizit/monq/medline/2016/baseline_annotated/medline16n0195.xml.gz: No such file or directory
preprocessMEDLINE.sh: line 1: DistFilter: command not found
Error: Could not find or load main class index.CitationFinderASCII
Error: Could not find or load main class index.MedlineTriggerAdder
sample_medline_preprocess_2016.sh: line 196: /home/whatizit/monq/medline/2016/baseline_annotated/medline16n0196.xml.gz: No such file or directory
preprocessMEDLINE.sh: line 1: DistFilter: command not found
Error: Could not find or load main class index.MedlineTriggerAdder
Error: Could not find or load main class index.CitationFinderASCII
sample_medline_preprocess_2016.sh: line 197: /home/whatizit/monq/medline/2016/baseline_annotated/medline16n0197.xml.gz: No such file or directory
preprocessMEDLINE.sh: line 1: DistFilter: command not found
Error: Could not find or load main class index.CitationFinderASCII
Error: Could not find or load main class index.MedlineTriggerAdder
sample_medline_preprocess_2016.sh: line 198: /home/whatizit/monq/medline/2016/baseline_annotated/medline16n0198.xml.gz: No such file or directory
preprocessMEDLINE.sh: line 1: DistFilter: command not found
Error: Could not find or load main class index.CitationFinderASCII
Error: Could not find or load main class index.MedlineTriggerAdder
sample_medline_preprocess_2016.sh: line 199: /home/whatizit/monq/medline/2016/baseline_annotated/medline16n0199.xml.gz: No such file or directory
preprocessMEDLINE.sh: line 1: DistFilter: command not found
Error: Could not find or load main class index.CitationFinderASCII
Error: Could not find or load main class index.MedlineTriggerAdder
sample_medline_preprocess_2016.sh: line 200: /home/whatizit/monq/medline/2016/baseline_annotated/medline16n0200.xml.gz: No such file or directory
preprocessMEDLINE.sh: line 1: DistFilter: command not found
Error: Could not find or load main class index.MedlineTriggerAdder
Error: Could not find or load main class index.CitationFinderASCII
sample_medline_preprocess_2016.sh: line 201: /home/whatizit/monq/medline/2016/baseline_annotated/medline16n0201.xml.gz: No such file or directory
preprocessMEDLINE.sh: line 1: DistFilter: command not found
Error: Could not find or load main class index.CitationFinderASCII
Error: Could not find or load main class index.MedlineTriggerAdder
sample_medline_preprocess_2016.sh: line 202: /home/whatizit/monq/medline/2016/baseline_annotated/medline16n0202.xml.gz: No such file or directory
preprocessMEDLINE.sh: line 1: DistFilter: command not found
Error: Could not find or load main class index.MedlineTriggerAdder
Error: Could not find or load main class index.CitationFinderASCII
sample_medline_preprocess_2016.sh: line 203: /home/whatizit/monq/medline/2016/baseline_annotated/medline16n0203.xml.gz: No such file or directory
preprocessMEDLINE.sh: line 1: DistFilter: command not found
Error: Could not find or load main class index.CitationFinderASCII
Error: Could not find or load main class index.MedlineTriggerAdder
sample_medline_preprocess_2016.sh: line 204: /home/whatizit/monq/medline/2016/baseline_annotated/medline16n0204.xml.gz: No such file or directory
preprocessMEDLINE.sh: line 1: DistFilter: command not found
Error: Could not find or load main class index.CitationFinderASCII
Error: Could not find or load main class index.MedlineTriggerAdder
sample_medline_preprocess_2016.sh: line 205: /home/whatizit/monq/medline/2016/baseline_annotated/medline16n0205.xml.gz: No such file or directory
preprocessMEDLINE.sh: line 1: DistFilter: command not found
Error: Could not find or load main class index.MedlineTriggerAdder
Error: Could not find or load main class index.CitationFinderASCII
sample_medline_preprocess_2016.sh: line 206: /home/whatizit/monq/medline/2016/baseline_annotated/medline16n0206.xml.gz: No such file or directory
preprocessMEDLINE.sh: line 1: DistFilter: command not found
Error: Could not find or load main class index.CitationFinderASCII
Error: Could not find or load main class index.MedlineTriggerAdder
sample_medline_preprocess_2016.sh: line 207: /home/whatizit/monq/medline/2016/baseline_annotated/medline16n0207.xml.gz: No such file or directory
preprocessMEDLINE.sh: line 1: DistFilter: command not found
Error: Could not find or load main class index.CitationFinderASCII
Error: Could not find or load main class index.MedlineTriggerAdder
sample_medline_preprocess_2016.sh: line 208: /home/whatizit/monq/medline/2016/baseline_annotated/medline16n0208.xml.gz: No such file or directory
preprocessMEDLINE.sh: line 1: DistFilter: command not found
Error: Could not find or load main class index.MedlineTriggerAdder
Error: Could not find or load main class index.CitationFinderASCII
sample_medline_preprocess_2016.sh: line 209: /home/whatizit/monq/medline/2016/baseline_annotated/medline16n0209.xml.gz: No such file or directory
preprocessMEDLINE.sh: line 1: DistFilter: command not found
Error: Could not find or load main class index.CitationFinderASCII
Error: Could not find or load main class index.MedlineTriggerAdder
sample_medline_preprocess_2016.sh: line 210: /home/whatizit/monq/medline/2016/baseline_annotated/medline16n0210.xml.gz: No such file or directory
preprocessMEDLINE.sh: line 1: DistFilter: command not found
Error: Could not find or load main class index.MedlineTriggerAdder
Error: Could not find or load main class index.CitationFinderASCII
sample_medline_preprocess_2016.sh: line 211: /home/whatizit/monq/medline/2016/baseline_annotated/medline16n0211.xml.gz: No such file or directory
preprocessMEDLINE.sh: line 1: DistFilter: command not found
Error: Could not find or load main class index.CitationFinderASCII
Error: Could not find or load main class index.MedlineTriggerAdder
sample_medline_preprocess_2016.sh: line 212: /home/whatizit/monq/medline/2016/baseline_annotated/medline16n0212.xml.gz: No such file or directory
preprocessMEDLINE.sh: line 1: DistFilter: command not found
Error: Could not find or load main class index.CitationFinderASCII
Error: Could not find or load main class index.MedlineTriggerAdder
sample_medline_preprocess_2016.sh: line 213: /home/whatizit/monq/medline/2016/baseline_annotated/medline16n0213.xml.gz: No such file or directory
preprocessMEDLINE.sh: line 1: DistFilter: command not found
Error: Could not find or load main class index.CitationFinderASCII
Error: Could not find or load main class index.MedlineTriggerAdder
sample_medline_preprocess_2016.sh: line 214: /home/whatizit/monq/medline/2016/baseline_annotated/medline16n0214.xml.gz: No such file or directory
preprocessMEDLINE.sh: line 1: DistFilter: command not found
Error: Could not find or load main class index.CitationFinderASCII
Error: Could not find or load main class index.MedlineTriggerAdder
sample_medline_preprocess_2016.sh: line 215: /home/whatizit/monq/medline/2016/baseline_annotated/medline16n0215.xml.gz: No such file or directory
preprocessMEDLINE.sh: line 1: DistFilter: command not found
Error: Could not find or load main class index.CitationFinderASCII
Error: Could not find or load main class index.MedlineTriggerAdder
sample_medline_preprocess_2016.sh: line 216: /home/whatizit/monq/medline/2016/baseline_annotated/medline16n0216.xml.gz: No such file or directory
preprocessMEDLINE.sh: line 1: DistFilter: command not found
Error: Could not find or load main class index.MedlineTriggerAdder
Error: Could not find or load main class index.CitationFinderASCII
sample_medline_preprocess_2016.sh: line 217: /home/whatizit/monq/medline/2016/baseline_annotated/medline16n0217.xml.gz: No such file or directory
preprocessMEDLINE.sh: line 1: DistFilter: command not found
Error: Could not find or load main class index.MedlineTriggerAdder
Error: Could not find or load main class index.CitationFinderASCII
sample_medline_preprocess_2016.sh: line 218: /home/whatizit/monq/medline/2016/baseline_annotated/medline16n0218.xml.gz: No such file or directory
preprocessMEDLINE.sh: line 1: DistFilter: command not found
Error: Could not find or load main class index.CitationFinderASCII
Error: Could not find or load main class index.MedlineTriggerAdder
sample_medline_preprocess_2016.sh: line 219: /home/whatizit/monq/medline/2016/baseline_annotated/medline16n0219.xml.gz: No such file or directory
preprocessMEDLINE.sh: line 1: DistFilter: command not found
Error: Could not find or load main class index.MedlineTriggerAdderError: Could not find or load main class index.CitationFinderASCII

sample_medline_preprocess_2016.sh: line 220: /home/whatizit/monq/medline/2016/baseline_annotated/medline16n0220.xml.gz: No such file or directory
preprocessMEDLINE.sh: line 1: DistFilter: command not found
Error: Could not find or load main class index.CitationFinderASCII
Error: Could not find or load main class index.MedlineTriggerAdder
sample_medline_preprocess_2016.sh: line 221: /home/whatizit/monq/medline/2016/baseline_annotated/medline16n0221.xml.gz: No such file or directory
preprocessMEDLINE.sh: line 1: DistFilter: command not found
Error: Could not find or load main class index.CitationFinderASCII
Error: Could not find or load main class index.MedlineTriggerAdder
sample_medline_preprocess_2016.sh: line 222: /home/whatizit/monq/medline/2016/baseline_annotated/medline16n0222.xml.gz: No such file or directory
preprocessMEDLINE.sh: line 1: DistFilter: command not found
Error: Could not find or load main class index.CitationFinderASCII
Error: Could not find or load main class index.MedlineTriggerAdder
sample_medline_preprocess_2016.sh: line 223: /home/whatizit/monq/medline/2016/baseline_annotated/medline16n0223.xml.gz: No such file or directory
preprocessMEDLINE.sh: line 1: DistFilter: command not found
Error: Could not find or load main class index.MedlineTriggerAdder
Error: Could not find or load main class index.CitationFinderASCII
sample_medline_preprocess_2016.sh: line 224: /home/whatizit/monq/medline/2016/baseline_annotated/medline16n0224.xml.gz: No such file or directory
preprocessMEDLINE.sh: line 1: DistFilter: command not found
Error: Could not find or load main class index.CitationFinderASCII
Error: Could not find or load main class index.MedlineTriggerAdder
sample_medline_preprocess_2016.sh: line 225: /home/whatizit/monq/medline/2016/baseline_annotated/medline16n0225.xml.gz: No such file or directory
preprocessMEDLINE.sh: line 1: DistFilter: command not found
Error: Could not find or load main class index.CitationFinderASCII
Error: Could not find or load main class index.MedlineTriggerAdder
sample_medline_preprocess_2016.sh: line 226: /home/whatizit/monq/medline/2016/baseline_annotated/medline16n0226.xml.gz: No such file or directory
preprocessMEDLINE.sh: line 1: DistFilter: command not found
Error: Could not find or load main class index.MedlineTriggerAdder
Error: Could not find or load main class index.CitationFinderASCII
sample_medline_preprocess_2016.sh: line 227: /home/whatizit/monq/medline/2016/baseline_annotated/medline16n0227.xml.gz: No such file or directory
preprocessMEDLINE.sh: line 1: DistFilter: command not found
Error: Could not find or load main class index.CitationFinderASCII
Error: Could not find or load main class index.MedlineTriggerAdder
sample_medline_preprocess_2016.sh: line 228: /home/whatizit/monq/medline/2016/baseline_annotated/medline16n0228.xml.gz: No such file or directory
preprocessMEDLINE.sh: line 1: DistFilter: command not found
Error: Could not find or load main class index.CitationFinderASCII
Error: Could not find or load main class index.MedlineTriggerAdder
sample_medline_preprocess_2016.sh: line 229: /home/whatizit/monq/medline/2016/baseline_annotated/medline16n0229.xml.gz: No such file or directory
preprocessMEDLINE.sh: line 1: DistFilter: command not found
Error: Could not find or load main class index.CitationFinderASCII
Error: Could not find or load main class index.MedlineTriggerAdder
sample_medline_preprocess_2016.sh: line 230: /home/whatizit/monq/medline/2016/baseline_annotated/medline16n0230.xml.gz: No such file or directory
preprocessMEDLINE.sh: line 1: DistFilter: command not found
Error: Could not find or load main class index.MedlineTriggerAdder
Error: Could not find or load main class index.CitationFinderASCII
sample_medline_preprocess_2016.sh: line 231: /home/whatizit/monq/medline/2016/baseline_annotated/medline16n0231.xml.gz: No such file or directory
preprocessMEDLINE.sh: line 1: DistFilter: command not found
Error: Could not find or load main class index.CitationFinderASCII
Error: Could not find or load main class index.MedlineTriggerAdder
sample_medline_preprocess_2016.sh: line 232: /home/whatizit/monq/medline/2016/baseline_annotated/medline16n0232.xml.gz: No such file or directory
preprocessMEDLINE.sh: line 1: DistFilter: command not found
Error: Could not find or load main class index.CitationFinderASCII
Error: Could not find or load main class index.MedlineTriggerAdder
sample_medline_preprocess_2016.sh: line 233: /home/whatizit/monq/medline/2016/baseline_annotated/medline16n0233.xml.gz: No such file or directory
preprocessMEDLINE.sh: line 1: DistFilter: command not found
Error: Could not find or load main class index.CitationFinderASCII
Error: Could not find or load main class index.MedlineTriggerAdder
sample_medline_preprocess_2016.sh: line 234: /home/whatizit/monq/medline/2016/baseline_annotated/medline16n0234.xml.gz: No such file or directory
preprocessMEDLINE.sh: line 1: DistFilter: command not found
Error: Could not find or load main class index.CitationFinderASCII
Error: Could not find or load main class index.MedlineTriggerAdder
sample_medline_preprocess_2016.sh: line 235: /home/whatizit/monq/medline/2016/baseline_annotated/medline16n0235.xml.gz: No such file or directory
preprocessMEDLINE.sh: line 1: DistFilter: command not found
Error: Could not find or load main class index.MedlineTriggerAdderError: Could not find or load main class index.CitationFinderASCII

sample_medline_preprocess_2016.sh: line 236: /home/whatizit/monq/medline/2016/baseline_annotated/medline16n0236.xml.gz: No such file or directory
preprocessMEDLINE.sh: line 1: DistFilter: command not found
Error: Could not find or load main class index.MedlineTriggerAdder
Error: Could not find or load main class index.CitationFinderASCII
sample_medline_preprocess_2016.sh: line 237: /home/whatizit/monq/medline/2016/baseline_annotated/medline16n0237.xml.gz: No such file or directory
preprocessMEDLINE.sh: line 1: DistFilter: command not found
Error: Could not find or load main class index.CitationFinderASCII
Error: Could not find or load main class index.MedlineTriggerAdder
sample_medline_preprocess_2016.sh: line 238: /home/whatizit/monq/medline/2016/baseline_annotated/medline16n0238.xml.gz: No such file or directory
preprocessMEDLINE.sh: line 1: DistFilter: command not found
Error: Could not find or load main class index.CitationFinderASCII
Error: Could not find or load main class index.MedlineTriggerAdder
sample_medline_preprocess_2016.sh: line 239: /home/whatizit/monq/medline/2016/baseline_annotated/medline16n0239.xml.gz: No such file or directory
preprocessMEDLINE.sh: line 1: DistFilter: command not found
Error: Could not find or load main class index.CitationFinderASCII
Error: Could not find or load main class index.MedlineTriggerAdder
sample_medline_preprocess_2016.sh: line 240: /home/whatizit/monq/medline/2016/baseline_annotated/medline16n0240.xml.gz: No such file or directory
preprocessMEDLINE.sh: line 1: DistFilter: command not found
Error: Could not find or load main class index.MedlineTriggerAdder
Error: Could not find or load main class index.CitationFinderASCII
sample_medline_preprocess_2016.sh: line 241: /home/whatizit/monq/medline/2016/baseline_annotated/medline16n0241.xml.gz: No such file or directory
preprocessMEDLINE.sh: line 1: DistFilter: command not found
Error: Could not find or load main class index.CitationFinderASCII
Error: Could not find or load main class index.MedlineTriggerAdder
sample_medline_preprocess_2016.sh: line 242: /home/whatizit/monq/medline/2016/baseline_annotated/medline16n0242.xml.gz: No such file or directory
preprocessMEDLINE.sh: line 1: DistFilter: command not found
Error: Could not find or load main class index.CitationFinderASCII
Error: Could not find or load main class index.MedlineTriggerAdder
sample_medline_preprocess_2016.sh: line 243: /home/whatizit/monq/medline/2016/baseline_annotated/medline16n0243.xml.gz: No such file or directory
preprocessMEDLINE.sh: line 1: DistFilter: command not found
Error: Could not find or load main class index.MedlineTriggerAdder
Error: Could not find or load main class index.CitationFinderASCII
sample_medline_preprocess_2016.sh: line 244: /home/whatizit/monq/medline/2016/baseline_annotated/medline16n0244.xml.gz: No such file or directory
preprocessMEDLINE.sh: line 1: DistFilter: command not found
Error: Could not find or load main class index.CitationFinderASCII
Error: Could not find or load main class index.MedlineTriggerAdder
sample_medline_preprocess_2016.sh: line 245: /home/whatizit/monq/medline/2016/baseline_annotated/medline16n0245.xml.gz: No such file or directory
preprocessMEDLINE.sh: line 1: DistFilter: command not found
Error: Could not find or load main class index.CitationFinderASCIIError: Could not find or load main class index.MedlineTriggerAdder

sample_medline_preprocess_2016.sh: line 246: /home/whatizit/monq/medline/2016/baseline_annotated/medline16n0246.xml.gz: No such file or directory
preprocessMEDLINE.sh: line 1: DistFilter: command not found
Error: Could not find or load main class index.MedlineTriggerAdder
Error: Could not find or load main class index.CitationFinderASCII
sample_medline_preprocess_2016.sh: line 247: /home/whatizit/monq/medline/2016/baseline_annotated/medline16n0247.xml.gz: No such file or directory
preprocessMEDLINE.sh: line 1: DistFilter: command not found
Error: Could not find or load main class index.CitationFinderASCII
Error: Could not find or load main class index.MedlineTriggerAdder
sample_medline_preprocess_2016.sh: line 248: /home/whatizit/monq/medline/2016/baseline_annotated/medline16n0248.xml.gz: No such file or directory
preprocessMEDLINE.sh: line 1: DistFilter: command not found
Error: Could not find or load main class index.CitationFinderASCII
Error: Could not find or load main class index.MedlineTriggerAdder
sample_medline_preprocess_2016.sh: line 249: /home/whatizit/monq/medline/2016/baseline_annotated/medline16n0249.xml.gz: No such file or directory
preprocessMEDLINE.sh: line 1: DistFilter: command not found
Error: Could not find or load main class index.CitationFinderASCII
Error: Could not find or load main class index.MedlineTriggerAdder
sample_medline_preprocess_2016.sh: line 250: /home/whatizit/monq/medline/2016/baseline_annotated/medline16n0250.xml.gz: No such file or directory
preprocessMEDLINE.sh: line 1: DistFilter: command not found
Error: Could not find or load main class index.CitationFinderASCII
Error: Could not find or load main class index.MedlineTriggerAdder
sample_medline_preprocess_2016.sh: line 251: /home/whatizit/monq/medline/2016/baseline_annotated/medline16n0251.xml.gz: No such file or directory
preprocessMEDLINE.sh: line 1: DistFilter: command not found
Error: Could not find or load main class index.CitationFinderASCII
Error: Could not find or load main class index.MedlineTriggerAdder
sample_medline_preprocess_2016.sh: line 252: /home/whatizit/monq/medline/2016/baseline_annotated/medline16n0252.xml.gz: No such file or directory
preprocessMEDLINE.sh: line 1: DistFilter: command not found
Error: Could not find or load main class index.CitationFinderASCIIError: Could not find or load main class index.MedlineTriggerAdder

sample_medline_preprocess_2016.sh: line 253: /home/whatizit/monq/medline/2016/baseline_annotated/medline16n0253.xml.gz: No such file or directory
preprocessMEDLINE.sh: line 1: DistFilter: command not found
Error: Could not find or load main class index.CitationFinderASCII
Error: Could not find or load main class index.MedlineTriggerAdder
sample_medline_preprocess_2016.sh: line 254: /home/whatizit/monq/medline/2016/baseline_annotated/medline16n0254.xml.gz: No such file or directory
preprocessMEDLINE.sh: line 1: DistFilter: command not found
Error: Could not find or load main class index.MedlineTriggerAdder
Error: Could not find or load main class index.CitationFinderASCII
sample_medline_preprocess_2016.sh: line 255: /home/whatizit/monq/medline/2016/baseline_annotated/medline16n0255.xml.gz: No such file or directory
preprocessMEDLINE.sh: line 1: DistFilter: command not found
Error: Could not find or load main class index.CitationFinderASCII
Error: Could not find or load main class index.MedlineTriggerAdder
sample_medline_preprocess_2016.sh: line 256: /home/whatizit/monq/medline/2016/baseline_annotated/medline16n0256.xml.gz: No such file or directory
preprocessMEDLINE.sh: line 1: DistFilter: command not found
Error: Could not find or load main class index.CitationFinderASCII
Error: Could not find or load main class index.MedlineTriggerAdder
sample_medline_preprocess_2016.sh: line 257: /home/whatizit/monq/medline/2016/baseline_annotated/medline16n0257.xml.gz: No such file or directory
preprocessMEDLINE.sh: line 1: DistFilter: command not found
Error: Could not find or load main class index.CitationFinderASCII
Error: Could not find or load main class index.MedlineTriggerAdder
sample_medline_preprocess_2016.sh: line 258: /home/whatizit/monq/medline/2016/baseline_annotated/medline16n0258.xml.gz: No such file or directory
preprocessMEDLINE.sh: line 1: DistFilter: command not found
Error: Could not find or load main class index.CitationFinderASCII
Error: Could not find or load main class index.MedlineTriggerAdder
sample_medline_preprocess_2016.sh: line 259: /home/whatizit/monq/medline/2016/baseline_annotated/medline16n0259.xml.gz: No such file or directory
preprocessMEDLINE.sh: line 1: DistFilter: command not found
Error: Could not find or load main class index.MedlineTriggerAdder
Error: Could not find or load main class index.CitationFinderASCII
sample_medline_preprocess_2016.sh: line 260: /home/whatizit/monq/medline/2016/baseline_annotated/medline16n0260.xml.gz: No such file or directory
preprocessMEDLINE.sh: line 1: DistFilter: command not found
Error: Could not find or load main class index.MedlineTriggerAdder
Error: Could not find or load main class index.CitationFinderASCII
sample_medline_preprocess_2016.sh: line 261: /home/whatizit/monq/medline/2016/baseline_annotated/medline16n0261.xml.gz: No such file or directory
preprocessMEDLINE.sh: line 1: DistFilter: command not found
Error: Could not find or load main class index.CitationFinderASCII
Error: Could not find or load main class index.MedlineTriggerAdder
sample_medline_preprocess_2016.sh: line 262: /home/whatizit/monq/medline/2016/baseline_annotated/medline16n0262.xml.gz: No such file or directory
preprocessMEDLINE.sh: line 1: DistFilter: command not found
Error: Could not find or load main class index.CitationFinderASCII
Error: Could not find or load main class index.MedlineTriggerAdder
sample_medline_preprocess_2016.sh: line 263: /home/whatizit/monq/medline/2016/baseline_annotated/medline16n0263.xml.gz: No such file or directory
preprocessMEDLINE.sh: line 1: DistFilter: command not found
Error: Could not find or load main class index.MedlineTriggerAdder
Error: Could not find or load main class index.CitationFinderASCII
sample_medline_preprocess_2016.sh: line 264: /home/whatizit/monq/medline/2016/baseline_annotated/medline16n0264.xml.gz: No such file or directory
preprocessMEDLINE.sh: line 1: DistFilter: command not found
Error: Could not find or load main class index.MedlineTriggerAdder
Error: Could not find or load main class index.CitationFinderASCII
sample_medline_preprocess_2016.sh: line 265: /home/whatizit/monq/medline/2016/baseline_annotated/medline16n0265.xml.gz: No such file or directory
preprocessMEDLINE.sh: line 1: DistFilter: command not found
Error: Could not find or load main class index.CitationFinderASCII
Error: Could not find or load main class index.MedlineTriggerAdder
sample_medline_preprocess_2016.sh: line 266: /home/whatizit/monq/medline/2016/baseline_annotated/medline16n0266.xml.gz: No such file or directory
preprocessMEDLINE.sh: line 1: DistFilter: command not found
Error: Could not find or load main class index.CitationFinderASCII
Error: Could not find or load main class index.MedlineTriggerAdder
sample_medline_preprocess_2016.sh: line 267: /home/whatizit/monq/medline/2016/baseline_annotated/medline16n0267.xml.gz: No such file or directory
preprocessMEDLINE.sh: line 1: DistFilter: command not found
Error: Could not find or load main class index.CitationFinderASCII
Error: Could not find or load main class index.MedlineTriggerAdder
sample_medline_preprocess_2016.sh: line 268: /home/whatizit/monq/medline/2016/baseline_annotated/medline16n0268.xml.gz: No such file or directory
preprocessMEDLINE.sh: line 1: DistFilter: command not found
Error: Could not find or load main class index.MedlineTriggerAdder
Error: Could not find or load main class index.CitationFinderASCII
sample_medline_preprocess_2016.sh: line 269: /home/whatizit/monq/medline/2016/baseline_annotated/medline16n0269.xml.gz: No such file or directory
preprocessMEDLINE.sh: line 1: DistFilter: command not found
Error: Could not find or load main class index.CitationFinderASCII
Error: Could not find or load main class index.MedlineTriggerAdder
sample_medline_preprocess_2016.sh: line 270: /home/whatizit/monq/medline/2016/baseline_annotated/medline16n0270.xml.gz: No such file or directory
preprocessMEDLINE.sh: line 1: DistFilter: command not found
Error: Could not find or load main class index.MedlineTriggerAdder
Error: Could not find or load main class index.CitationFinderASCII
sample_medline_preprocess_2016.sh: line 271: /home/whatizit/monq/medline/2016/baseline_annotated/medline16n0271.xml.gz: No such file or directory
preprocessMEDLINE.sh: line 1: DistFilter: command not found
Error: Could not find or load main class index.CitationFinderASCII
Error: Could not find or load main class index.MedlineTriggerAdder
sample_medline_preprocess_2016.sh: line 272: /home/whatizit/monq/medline/2016/baseline_annotated/medline16n0272.xml.gz: No such file or directory
preprocessMEDLINE.sh: line 1: DistFilter: command not found
Error: Could not find or load main class index.CitationFinderASCII
Error: Could not find or load main class index.MedlineTriggerAdder
sample_medline_preprocess_2016.sh: line 273: /home/whatizit/monq/medline/2016/baseline_annotated/medline16n0273.xml.gz: No such file or directory
preprocessMEDLINE.sh: line 1: DistFilter: command not found
Error: Could not find or load main class index.CitationFinderASCII
Error: Could not find or load main class index.MedlineTriggerAdder
sample_medline_preprocess_2016.sh: line 274: /home/whatizit/monq/medline/2016/baseline_annotated/medline16n0274.xml.gz: No such file or directory
preprocessMEDLINE.sh: line 1: DistFilter: command not found
Error: Could not find or load main class index.CitationFinderASCII
Error: Could not find or load main class index.MedlineTriggerAdder
sample_medline_preprocess_2016.sh: line 275: /home/whatizit/monq/medline/2016/baseline_annotated/medline16n0275.xml.gz: No such file or directory
preprocessMEDLINE.sh: line 1: DistFilter: command not found
Error: Could not find or load main class index.MedlineTriggerAdder
Error: Could not find or load main class index.CitationFinderASCII
sample_medline_preprocess_2016.sh: line 276: /home/whatizit/monq/medline/2016/baseline_annotated/medline16n0276.xml.gz: No such file or directory
preprocessMEDLINE.sh: line 1: DistFilter: command not found
Error: Could not find or load main class index.MedlineTriggerAdder
Error: Could not find or load main class index.CitationFinderASCII
sample_medline_preprocess_2016.sh: line 277: /home/whatizit/monq/medline/2016/baseline_annotated/medline16n0277.xml.gz: No such file or directory
preprocessMEDLINE.sh: line 1: DistFilter: command not found
Error: Could not find or load main class index.CitationFinderASCII
Error: Could not find or load main class index.MedlineTriggerAdder
sample_medline_preprocess_2016.sh: line 278: /home/whatizit/monq/medline/2016/baseline_annotated/medline16n0278.xml.gz: No such file or directory
preprocessMEDLINE.sh: line 1: DistFilter: command not found
Error: Could not find or load main class index.CitationFinderASCII
Error: Could not find or load main class index.MedlineTriggerAdder
sample_medline_preprocess_2016.sh: line 279: /home/whatizit/monq/medline/2016/baseline_annotated/medline16n0279.xml.gz: No such file or directory
preprocessMEDLINE.sh: line 1: DistFilter: command not found
Error: Could not find or load main class index.CitationFinderASCII
Error: Could not find or load main class index.MedlineTriggerAdder
sample_medline_preprocess_2016.sh: line 280: /home/whatizit/monq/medline/2016/baseline_annotated/medline16n0280.xml.gz: No such file or directory
preprocessMEDLINE.sh: line 1: DistFilter: command not found
Error: Could not find or load main class index.MedlineTriggerAdder
Error: Could not find or load main class index.CitationFinderASCII
sample_medline_preprocess_2016.sh: line 281: /home/whatizit/monq/medline/2016/baseline_annotated/medline16n0281.xml.gz: No such file or directory
preprocessMEDLINE.sh: line 1: DistFilter: command not found
Error: Could not find or load main class index.CitationFinderASCII
Error: Could not find or load main class index.MedlineTriggerAdder
sample_medline_preprocess_2016.sh: line 282: /home/whatizit/monq/medline/2016/baseline_annotated/medline16n0282.xml.gz: No such file or directory
preprocessMEDLINE.sh: line 1: DistFilter: command not found
Error: Could not find or load main class index.CitationFinderASCII
Error: Could not find or load main class index.MedlineTriggerAdder
sample_medline_preprocess_2016.sh: line 283: /home/whatizit/monq/medline/2016/baseline_annotated/medline16n0283.xml.gz: No such file or directory
preprocessMEDLINE.sh: line 1: DistFilter: command not found
Error: Could not find or load main class index.CitationFinderASCII
Error: Could not find or load main class index.MedlineTriggerAdder
sample_medline_preprocess_2016.sh: line 284: /home/whatizit/monq/medline/2016/baseline_annotated/medline16n0284.xml.gz: No such file or directory
preprocessMEDLINE.sh: line 1: DistFilter: command not found
Error: Could not find or load main class index.CitationFinderASCII
Error: Could not find or load main class index.MedlineTriggerAdder
sample_medline_preprocess_2016.sh: line 285: /home/whatizit/monq/medline/2016/baseline_annotated/medline16n0285.xml.gz: No such file or directory
preprocessMEDLINE.sh: line 1: DistFilter: command not found
Error: Could not find or load main class index.CitationFinderASCII
Error: Could not find or load main class index.MedlineTriggerAdder
sample_medline_preprocess_2016.sh: line 286: /home/whatizit/monq/medline/2016/baseline_annotated/medline16n0286.xml.gz: No such file or directory
preprocessMEDLINE.sh: line 1: DistFilter: command not found
Error: Could not find or load main class index.MedlineTriggerAdder
Error: Could not find or load main class index.CitationFinderASCII
sample_medline_preprocess_2016.sh: line 287: /home/whatizit/monq/medline/2016/baseline_annotated/medline16n0287.xml.gz: No such file or directory
preprocessMEDLINE.sh: line 1: DistFilter: command not found
Error: Could not find or load main class index.CitationFinderASCIIError: Could not find or load main class index.MedlineTriggerAdder

sample_medline_preprocess_2016.sh: line 288: /home/whatizit/monq/medline/2016/baseline_annotated/medline16n0288.xml.gz: No such file or directory
preprocessMEDLINE.sh: line 1: DistFilter: command not found
Error: Could not find or load main class index.CitationFinderASCII
Error: Could not find or load main class index.MedlineTriggerAdder
sample_medline_preprocess_2016.sh: line 289: /home/whatizit/monq/medline/2016/baseline_annotated/medline16n0289.xml.gz: No such file or directory
preprocessMEDLINE.sh: line 1: DistFilter: command not found
Error: Could not find or load main class index.MedlineTriggerAdder
Error: Could not find or load main class index.CitationFinderASCII
sample_medline_preprocess_2016.sh: line 290: /home/whatizit/monq/medline/2016/baseline_annotated/medline16n0290.xml.gz: No such file or directory
preprocessMEDLINE.sh: line 1: DistFilter: command not found
Error: Could not find or load main class index.CitationFinderASCII
Error: Could not find or load main class index.MedlineTriggerAdder
sample_medline_preprocess_2016.sh: line 291: /home/whatizit/monq/medline/2016/baseline_annotated/medline16n0291.xml.gz: No such file or directory
preprocessMEDLINE.sh: line 1: DistFilter: command not found
Error: Could not find or load main class index.MedlineTriggerAdder
Error: Could not find or load main class index.CitationFinderASCII
sample_medline_preprocess_2016.sh: line 292: /home/whatizit/monq/medline/2016/baseline_annotated/medline16n0292.xml.gz: No such file or directory
preprocessMEDLINE.sh: line 1: DistFilter: command not found
Error: Could not find or load main class index.CitationFinderASCII
Error: Could not find or load main class index.MedlineTriggerAdder
sample_medline_preprocess_2016.sh: line 293: /home/whatizit/monq/medline/2016/baseline_annotated/medline16n0293.xml.gz: No such file or directory
preprocessMEDLINE.sh: line 1: DistFilter: command not found
Error: Could not find or load main class index.CitationFinderASCII
Error: Could not find or load main class index.MedlineTriggerAdder
sample_medline_preprocess_2016.sh: line 294: /home/whatizit/monq/medline/2016/baseline_annotated/medline16n0294.xml.gz: No such file or directory
preprocessMEDLINE.sh: line 1: DistFilter: command not found
Error: Could not find or load main class index.CitationFinderASCII
Error: Could not find or load main class index.MedlineTriggerAdder
sample_medline_preprocess_2016.sh: line 295: /home/whatizit/monq/medline/2016/baseline_annotated/medline16n0295.xml.gz: No such file or directory
preprocessMEDLINE.sh: line 1: DistFilter: command not found
Error: Could not find or load main class index.CitationFinderASCII
Error: Could not find or load main class index.MedlineTriggerAdder
sample_medline_preprocess_2016.sh: line 296: /home/whatizit/monq/medline/2016/baseline_annotated/medline16n0296.xml.gz: No such file or directory
preprocessMEDLINE.sh: line 1: DistFilter: command not found
Error: Could not find or load main class index.CitationFinderASCII
Error: Could not find or load main class index.MedlineTriggerAdder
sample_medline_preprocess_2016.sh: line 297: /home/whatizit/monq/medline/2016/baseline_annotated/medline16n0297.xml.gz: No such file or directory
preprocessMEDLINE.sh: line 1: DistFilter: command not found
Error: Could not find or load main class index.CitationFinderASCII
Error: Could not find or load main class index.MedlineTriggerAdder
sample_medline_preprocess_2016.sh: line 298: /home/whatizit/monq/medline/2016/baseline_annotated/medline16n0298.xml.gz: No such file or directory
preprocessMEDLINE.sh: line 1: DistFilter: command not found
Error: Could not find or load main class index.CitationFinderASCII
Error: Could not find or load main class index.MedlineTriggerAdder
sample_medline_preprocess_2016.sh: line 299: /home/whatizit/monq/medline/2016/baseline_annotated/medline16n0299.xml.gz: No such file or directory
preprocessMEDLINE.sh: line 1: DistFilter: command not found
Error: Could not find or load main class index.CitationFinderASCII
Error: Could not find or load main class index.MedlineTriggerAdder
sample_medline_preprocess_2016.sh: line 300: /home/whatizit/monq/medline/2016/baseline_annotated/medline16n0300.xml.gz: No such file or directory
preprocessMEDLINE.sh: line 1: DistFilter: command not found
Error: Could not find or load main class index.CitationFinderASCII
Error: Could not find or load main class index.MedlineTriggerAdder
sample_medline_preprocess_2016.sh: line 301: /home/whatizit/monq/medline/2016/baseline_annotated/medline16n0301.xml.gz: No such file or directory
preprocessMEDLINE.sh: line 1: DistFilter: command not found
Error: Could not find or load main class index.CitationFinderASCII
Error: Could not find or load main class index.MedlineTriggerAdder
sample_medline_preprocess_2016.sh: line 302: /home/whatizit/monq/medline/2016/baseline_annotated/medline16n0302.xml.gz: No such file or directory
preprocessMEDLINE.sh: line 1: DistFilter: command not found
Error: Could not find or load main class index.CitationFinderASCII
Error: Could not find or load main class index.MedlineTriggerAdder
sample_medline_preprocess_2016.sh: line 303: /home/whatizit/monq/medline/2016/baseline_annotated/medline16n0303.xml.gz: No such file or directory
preprocessMEDLINE.sh: line 1: DistFilter: command not found
Error: Could not find or load main class index.CitationFinderASCII
Error: Could not find or load main class index.MedlineTriggerAdder
sample_medline_preprocess_2016.sh: line 304: /home/whatizit/monq/medline/2016/baseline_annotated/medline16n0304.xml.gz: No such file or directory
preprocessMEDLINE.sh: line 1: DistFilter: command not found
Error: Could not find or load main class index.MedlineTriggerAdder
Error: Could not find or load main class index.CitationFinderASCII
sample_medline_preprocess_2016.sh: line 305: /home/whatizit/monq/medline/2016/baseline_annotated/medline16n0305.xml.gz: No such file or directory
preprocessMEDLINE.sh: line 1: DistFilter: command not found
Error: Could not find or load main class index.CitationFinderASCII
Error: Could not find or load main class index.MedlineTriggerAdder
sample_medline_preprocess_2016.sh: line 306: /home/whatizit/monq/medline/2016/baseline_annotated/medline16n0306.xml.gz: No such file or directory
preprocessMEDLINE.sh: line 1: DistFilter: command not found
Error: Could not find or load main class index.CitationFinderASCII
Error: Could not find or load main class index.MedlineTriggerAdder
sample_medline_preprocess_2016.sh: line 307: /home/whatizit/monq/medline/2016/baseline_annotated/medline16n0307.xml.gz: No such file or directory
preprocessMEDLINE.sh: line 1: DistFilter: command not found
Error: Could not find or load main class index.MedlineTriggerAdder
Error: Could not find or load main class index.CitationFinderASCII
sample_medline_preprocess_2016.sh: line 308: /home/whatizit/monq/medline/2016/baseline_annotated/medline16n0308.xml.gz: No such file or directory
preprocessMEDLINE.sh: line 1: DistFilter: command not found
Error: Could not find or load main class index.MedlineTriggerAdder
Error: Could not find or load main class index.CitationFinderASCII
sample_medline_preprocess_2016.sh: line 309: /home/whatizit/monq/medline/2016/baseline_annotated/medline16n0309.xml.gz: No such file or directory
preprocessMEDLINE.sh: line 1: DistFilter: command not found
Error: Could not find or load main class index.CitationFinderASCII
Error: Could not find or load main class index.MedlineTriggerAdder
sample_medline_preprocess_2016.sh: line 310: /home/whatizit/monq/medline/2016/baseline_annotated/medline16n0310.xml.gz: No such file or directory
preprocessMEDLINE.sh: line 1: DistFilter: command not found
Error: Could not find or load main class index.MedlineTriggerAdder
Error: Could not find or load main class index.CitationFinderASCII
sample_medline_preprocess_2016.sh: line 311: /home/whatizit/monq/medline/2016/baseline_annotated/medline16n0311.xml.gz: No such file or directory
preprocessMEDLINE.sh: line 1: DistFilter: command not found
Error: Could not find or load main class index.MedlineTriggerAdder
Error: Could not find or load main class index.CitationFinderASCII
sample_medline_preprocess_2016.sh: line 312: /home/whatizit/monq/medline/2016/baseline_annotated/medline16n0312.xml.gz: No such file or directory
preprocessMEDLINE.sh: line 1: DistFilter: command not found
Error: Could not find or load main class index.CitationFinderASCII
Error: Could not find or load main class index.MedlineTriggerAdder
sample_medline_preprocess_2016.sh: line 313: /home/whatizit/monq/medline/2016/baseline_annotated/medline16n0313.xml.gz: No such file or directory
preprocessMEDLINE.sh: line 1: DistFilter: command not found
Error: Could not find or load main class index.CitationFinderASCII
Error: Could not find or load main class index.MedlineTriggerAdder
sample_medline_preprocess_2016.sh: line 314: /home/whatizit/monq/medline/2016/baseline_annotated/medline16n0314.xml.gz: No such file or directory
preprocessMEDLINE.sh: line 1: DistFilter: command not found
Error: Could not find or load main class index.CitationFinderASCII
Error: Could not find or load main class index.MedlineTriggerAdder
sample_medline_preprocess_2016.sh: line 315: /home/whatizit/monq/medline/2016/baseline_annotated/medline16n0315.xml.gz: No such file or directory
preprocessMEDLINE.sh: line 1: DistFilter: command not found
Error: Could not find or load main class index.CitationFinderASCII
Error: Could not find or load main class index.MedlineTriggerAdder
sample_medline_preprocess_2016.sh: line 316: /home/whatizit/monq/medline/2016/baseline_annotated/medline16n0316.xml.gz: No such file or directory
preprocessMEDLINE.sh: line 1: DistFilter: command not found
Error: Could not find or load main class index.CitationFinderASCII
Error: Could not find or load main class index.MedlineTriggerAdder
sample_medline_preprocess_2016.sh: line 317: /home/whatizit/monq/medline/2016/baseline_annotated/medline16n0317.xml.gz: No such file or directory
preprocessMEDLINE.sh: line 1: DistFilter: command not found
Error: Could not find or load main class index.CitationFinderASCII
Error: Could not find or load main class index.MedlineTriggerAdder
sample_medline_preprocess_2016.sh: line 318: /home/whatizit/monq/medline/2016/baseline_annotated/medline16n0318.xml.gz: No such file or directory
preprocessMEDLINE.sh: line 1: DistFilter: command not found
Error: Could not find or load main class index.CitationFinderASCII
Error: Could not find or load main class index.MedlineTriggerAdder
sample_medline_preprocess_2016.sh: line 319: /home/whatizit/monq/medline/2016/baseline_annotated/medline16n0319.xml.gz: No such file or directory
preprocessMEDLINE.sh: line 1: DistFilter: command not found
Error: Could not find or load main class index.CitationFinderASCII
Error: Could not find or load main class index.MedlineTriggerAdder
sample_medline_preprocess_2016.sh: line 320: /home/whatizit/monq/medline/2016/baseline_annotated/medline16n0320.xml.gz: No such file or directory
preprocessMEDLINE.sh: line 1: DistFilter: command not found
Error: Could not find or load main class index.CitationFinderASCII
Error: Could not find or load main class index.MedlineTriggerAdder
sample_medline_preprocess_2016.sh: line 321: /home/whatizit/monq/medline/2016/baseline_annotated/medline16n0321.xml.gz: No such file or directory
preprocessMEDLINE.sh: line 1: DistFilter: command not found
Error: Could not find or load main class index.CitationFinderASCII
Error: Could not find or load main class index.MedlineTriggerAdder
sample_medline_preprocess_2016.sh: line 322: /home/whatizit/monq/medline/2016/baseline_annotated/medline16n0322.xml.gz: No such file or directory
preprocessMEDLINE.sh: line 1: DistFilter: command not found
Error: Could not find or load main class index.CitationFinderASCII
Error: Could not find or load main class index.MedlineTriggerAdder
sample_medline_preprocess_2016.sh: line 323: /home/whatizit/monq/medline/2016/baseline_annotated/medline16n0323.xml.gz: No such file or directory
preprocessMEDLINE.sh: line 1: DistFilter: command not found
Error: Could not find or load main class index.MedlineTriggerAdder
Error: Could not find or load main class index.CitationFinderASCII
sample_medline_preprocess_2016.sh: line 324: /home/whatizit/monq/medline/2016/baseline_annotated/medline16n0324.xml.gz: No such file or directory
preprocessMEDLINE.sh: line 1: DistFilter: command not found
Error: Could not find or load main class index.CitationFinderASCII
Error: Could not find or load main class index.MedlineTriggerAdder
sample_medline_preprocess_2016.sh: line 325: /home/whatizit/monq/medline/2016/baseline_annotated/medline16n0325.xml.gz: No such file or directory
preprocessMEDLINE.sh: line 1: DistFilter: command not found
Error: Could not find or load main class index.CitationFinderASCII
Error: Could not find or load main class index.MedlineTriggerAdder
sample_medline_preprocess_2016.sh: line 326: /home/whatizit/monq/medline/2016/baseline_annotated/medline16n0326.xml.gz: No such file or directory
preprocessMEDLINE.sh: line 1: DistFilter: command not found
Error: Could not find or load main class index.MedlineTriggerAdder
Error: Could not find or load main class index.CitationFinderASCII
sample_medline_preprocess_2016.sh: line 327: /home/whatizit/monq/medline/2016/baseline_annotated/medline16n0327.xml.gz: No such file or directory
preprocessMEDLINE.sh: line 1: DistFilter: command not found
Error: Could not find or load main class index.CitationFinderASCII
Error: Could not find or load main class index.MedlineTriggerAdder
sample_medline_preprocess_2016.sh: line 328: /home/whatizit/monq/medline/2016/baseline_annotated/medline16n0328.xml.gz: No such file or directory
preprocessMEDLINE.sh: line 1: DistFilter: command not found
Error: Could not find or load main class index.CitationFinderASCII
Error: Could not find or load main class index.MedlineTriggerAdder
sample_medline_preprocess_2016.sh: line 329: /home/whatizit/monq/medline/2016/baseline_annotated/medline16n0329.xml.gz: No such file or directory
preprocessMEDLINE.sh: line 1: DistFilter: command not found
Error: Could not find or load main class index.CitationFinderASCII
Error: Could not find or load main class index.MedlineTriggerAdder
sample_medline_preprocess_2016.sh: line 330: /home/whatizit/monq/medline/2016/baseline_annotated/medline16n0330.xml.gz: No such file or directory
preprocessMEDLINE.sh: line 1: DistFilter: command not found
Error: Could not find or load main class index.CitationFinderASCII
Error: Could not find or load main class index.MedlineTriggerAdder
sample_medline_preprocess_2016.sh: line 331: /home/whatizit/monq/medline/2016/baseline_annotated/medline16n0331.xml.gz: No such file or directory
preprocessMEDLINE.sh: line 1: DistFilter: command not found
Error: Could not find or load main class index.CitationFinderASCII
Error: Could not find or load main class index.MedlineTriggerAdder
sample_medline_preprocess_2016.sh: line 332: /home/whatizit/monq/medline/2016/baseline_annotated/medline16n0332.xml.gz: No such file or directory
preprocessMEDLINE.sh: line 1: DistFilter: command not found
Error: Could not find or load main class index.CitationFinderASCII
Error: Could not find or load main class index.MedlineTriggerAdder
sample_medline_preprocess_2016.sh: line 333: /home/whatizit/monq/medline/2016/baseline_annotated/medline16n0333.xml.gz: No such file or directory
preprocessMEDLINE.sh: line 1: DistFilter: command not found
Error: Could not find or load main class index.CitationFinderASCII
Error: Could not find or load main class index.MedlineTriggerAdder
sample_medline_preprocess_2016.sh: line 334: /home/whatizit/monq/medline/2016/baseline_annotated/medline16n0334.xml.gz: No such file or directory
preprocessMEDLINE.sh: line 1: DistFilter: command not found
Error: Could not find or load main class index.CitationFinderASCIIError: Could not find or load main class index.MedlineTriggerAdder

sample_medline_preprocess_2016.sh: line 335: /home/whatizit/monq/medline/2016/baseline_annotated/medline16n0335.xml.gz: No such file or directory
preprocessMEDLINE.sh: line 1: DistFilter: command not found
Error: Could not find or load main class index.MedlineTriggerAdder
Error: Could not find or load main class index.CitationFinderASCII
sample_medline_preprocess_2016.sh: line 336: /home/whatizit/monq/medline/2016/baseline_annotated/medline16n0336.xml.gz: No such file or directory
preprocessMEDLINE.sh: line 1: DistFilter: command not found
Error: Could not find or load main class index.CitationFinderASCII
Error: Could not find or load main class index.MedlineTriggerAdder
sample_medline_preprocess_2016.sh: line 337: /home/whatizit/monq/medline/2016/baseline_annotated/medline16n0337.xml.gz: No such file or directory
preprocessMEDLINE.sh: line 1: DistFilter: command not found
Error: Could not find or load main class index.MedlineTriggerAdder
Error: Could not find or load main class index.CitationFinderASCII
sample_medline_preprocess_2016.sh: line 338: /home/whatizit/monq/medline/2016/baseline_annotated/medline16n0338.xml.gz: No such file or directory
preprocessMEDLINE.sh: line 1: DistFilter: command not found
Error: Could not find or load main class index.CitationFinderASCII
Error: Could not find or load main class index.MedlineTriggerAdder
sample_medline_preprocess_2016.sh: line 339: /home/whatizit/monq/medline/2016/baseline_annotated/medline16n0339.xml.gz: No such file or directory
preprocessMEDLINE.sh: line 1: DistFilter: command not found
Error: Could not find or load main class index.CitationFinderASCII
Error: Could not find or load main class index.MedlineTriggerAdder
sample_medline_preprocess_2016.sh: line 340: /home/whatizit/monq/medline/2016/baseline_annotated/medline16n0340.xml.gz: No such file or directory
preprocessMEDLINE.sh: line 1: DistFilter: command not found
Error: Could not find or load main class index.CitationFinderASCII
Error: Could not find or load main class index.MedlineTriggerAdder
sample_medline_preprocess_2016.sh: line 341: /home/whatizit/monq/medline/2016/baseline_annotated/medline16n0341.xml.gz: No such file or directory
preprocessMEDLINE.sh: line 1: DistFilter: command not found
Error: Could not find or load main class index.MedlineTriggerAdder
Error: Could not find or load main class index.CitationFinderASCII
sample_medline_preprocess_2016.sh: line 342: /home/whatizit/monq/medline/2016/baseline_annotated/medline16n0342.xml.gz: No such file or directory
preprocessMEDLINE.sh: line 1: DistFilter: command not found
Error: Could not find or load main class index.CitationFinderASCII
Error: Could not find or load main class index.MedlineTriggerAdder
sample_medline_preprocess_2016.sh: line 343: /home/whatizit/monq/medline/2016/baseline_annotated/medline16n0343.xml.gz: No such file or directory
preprocessMEDLINE.sh: line 1: DistFilter: command not found
Error: Could not find or load main class index.MedlineTriggerAdder
Error: Could not find or load main class index.CitationFinderASCII
sample_medline_preprocess_2016.sh: line 344: /home/whatizit/monq/medline/2016/baseline_annotated/medline16n0344.xml.gz: No such file or directory
preprocessMEDLINE.sh: line 1: DistFilter: command not found
Error: Could not find or load main class index.MedlineTriggerAdder
Error: Could not find or load main class index.CitationFinderASCII
sample_medline_preprocess_2016.sh: line 345: /home/whatizit/monq/medline/2016/baseline_annotated/medline16n0345.xml.gz: No such file or directory
preprocessMEDLINE.sh: line 1: DistFilter: command not found
Error: Could not find or load main class index.CitationFinderASCII
Error: Could not find or load main class index.MedlineTriggerAdder
sample_medline_preprocess_2016.sh: line 346: /home/whatizit/monq/medline/2016/baseline_annotated/medline16n0346.xml.gz: No such file or directory
preprocessMEDLINE.sh: line 1: DistFilter: command not found
Error: Could not find or load main class index.CitationFinderASCII
Error: Could not find or load main class index.MedlineTriggerAdder
sample_medline_preprocess_2016.sh: line 347: /home/whatizit/monq/medline/2016/baseline_annotated/medline16n0347.xml.gz: No such file or directory
preprocessMEDLINE.sh: line 1: DistFilter: command not found
Error: Could not find or load main class index.CitationFinderASCII
Error: Could not find or load main class index.MedlineTriggerAdder
sample_medline_preprocess_2016.sh: line 348: /home/whatizit/monq/medline/2016/baseline_annotated/medline16n0348.xml.gz: No such file or directory
preprocessMEDLINE.sh: line 1: DistFilter: command not found
Error: Could not find or load main class index.CitationFinderASCII
Error: Could not find or load main class index.MedlineTriggerAdder
sample_medline_preprocess_2016.sh: line 349: /home/whatizit/monq/medline/2016/baseline_annotated/medline16n0349.xml.gz: No such file or directory
preprocessMEDLINE.sh: line 1: DistFilter: command not found
Error: Could not find or load main class index.CitationFinderASCII
Error: Could not find or load main class index.MedlineTriggerAdder
sample_medline_preprocess_2016.sh: line 350: /home/whatizit/monq/medline/2016/baseline_annotated/medline16n0350.xml.gz: No such file or directory
preprocessMEDLINE.sh: line 1: DistFilter: command not found
Error: Could not find or load main class index.CitationFinderASCII
Error: Could not find or load main class index.MedlineTriggerAdder
sample_medline_preprocess_2016.sh: line 351: /home/whatizit/monq/medline/2016/baseline_annotated/medline16n0351.xml.gz: No such file or directory
preprocessMEDLINE.sh: line 1: DistFilter: command not found
Error: Could not find or load main class index.MedlineTriggerAdder
Error: Could not find or load main class index.CitationFinderASCII
sample_medline_preprocess_2016.sh: line 352: /home/whatizit/monq/medline/2016/baseline_annotated/medline16n0352.xml.gz: No such file or directory
preprocessMEDLINE.sh: line 1: DistFilter: command not found
Error: Could not find or load main class index.CitationFinderASCII
Error: Could not find or load main class index.MedlineTriggerAdder
sample_medline_preprocess_2016.sh: line 353: /home/whatizit/monq/medline/2016/baseline_annotated/medline16n0353.xml.gz: No such file or directory
preprocessMEDLINE.sh: line 1: DistFilter: command not found
Error: Could not find or load main class index.MedlineTriggerAdder
Error: Could not find or load main class index.CitationFinderASCII
sample_medline_preprocess_2016.sh: line 354: /home/whatizit/monq/medline/2016/baseline_annotated/medline16n0354.xml.gz: No such file or directory
preprocessMEDLINE.sh: line 1: DistFilter: command not found
Error: Could not find or load main class index.CitationFinderASCII
Error: Could not find or load main class index.MedlineTriggerAdder
sample_medline_preprocess_2016.sh: line 355: /home/whatizit/monq/medline/2016/baseline_annotated/medline16n0355.xml.gz: No such file or directory
preprocessMEDLINE.sh: line 1: DistFilter: command not found
Error: Could not find or load main class index.CitationFinderASCII
Error: Could not find or load main class index.MedlineTriggerAdder
sample_medline_preprocess_2016.sh: line 356: /home/whatizit/monq/medline/2016/baseline_annotated/medline16n0356.xml.gz: No such file or directory
preprocessMEDLINE.sh: line 1: DistFilter: command not found
Error: Could not find or load main class index.MedlineTriggerAdder
Error: Could not find or load main class index.CitationFinderASCII
sample_medline_preprocess_2016.sh: line 357: /home/whatizit/monq/medline/2016/baseline_annotated/medline16n0357.xml.gz: No such file or directory
preprocessMEDLINE.sh: line 1: DistFilter: command not found
Error: Could not find or load main class index.CitationFinderASCII
Error: Could not find or load main class index.MedlineTriggerAdder
sample_medline_preprocess_2016.sh: line 358: /home/whatizit/monq/medline/2016/baseline_annotated/medline16n0358.xml.gz: No such file or directory
preprocessMEDLINE.sh: line 1: DistFilter: command not found
Error: Could not find or load main class index.CitationFinderASCII
Error: Could not find or load main class index.MedlineTriggerAdder
sample_medline_preprocess_2016.sh: line 359: /home/whatizit/monq/medline/2016/baseline_annotated/medline16n0359.xml.gz: No such file or directory
preprocessMEDLINE.sh: line 1: DistFilter: command not found
Error: Could not find or load main class index.MedlineTriggerAdder
Error: Could not find or load main class index.CitationFinderASCII
sample_medline_preprocess_2016.sh: line 360: /home/whatizit/monq/medline/2016/baseline_annotated/medline16n0360.xml.gz: No such file or directory
preprocessMEDLINE.sh: line 1: DistFilter: command not found
Error: Could not find or load main class index.CitationFinderASCII
Error: Could not find or load main class index.MedlineTriggerAdder
sample_medline_preprocess_2016.sh: line 361: /home/whatizit/monq/medline/2016/baseline_annotated/medline16n0361.xml.gz: No such file or directory
preprocessMEDLINE.sh: line 1: DistFilter: command not found
Error: Could not find or load main class index.CitationFinderASCII
Error: Could not find or load main class index.MedlineTriggerAdder
sample_medline_preprocess_2016.sh: line 362: /home/whatizit/monq/medline/2016/baseline_annotated/medline16n0362.xml.gz: No such file or directory
preprocessMEDLINE.sh: line 1: DistFilter: command not found
Error: Could not find or load main class index.MedlineTriggerAdder
Error: Could not find or load main class index.CitationFinderASCII
sample_medline_preprocess_2016.sh: line 363: /home/whatizit/monq/medline/2016/baseline_annotated/medline16n0363.xml.gz: No such file or directory
preprocessMEDLINE.sh: line 1: DistFilter: command not found
Error: Could not find or load main class index.CitationFinderASCII
Error: Could not find or load main class index.MedlineTriggerAdder
sample_medline_preprocess_2016.sh: line 364: /home/whatizit/monq/medline/2016/baseline_annotated/medline16n0364.xml.gz: No such file or directory
preprocessMEDLINE.sh: line 1: DistFilter: command not found
Error: Could not find or load main class index.MedlineTriggerAdder
Error: Could not find or load main class index.CitationFinderASCII
sample_medline_preprocess_2016.sh: line 365: /home/whatizit/monq/medline/2016/baseline_annotated/medline16n0365.xml.gz: No such file or directory
preprocessMEDLINE.sh: line 1: DistFilter: command not found
Error: Could not find or load main class index.MedlineTriggerAdder
Error: Could not find or load main class index.CitationFinderASCII
sample_medline_preprocess_2016.sh: line 366: /home/whatizit/monq/medline/2016/baseline_annotated/medline16n0366.xml.gz: No such file or directory
preprocessMEDLINE.sh: line 1: DistFilter: command not found
Error: Could not find or load main class index.CitationFinderASCII
Error: Could not find or load main class index.MedlineTriggerAdder
sample_medline_preprocess_2016.sh: line 367: /home/whatizit/monq/medline/2016/baseline_annotated/medline16n0367.xml.gz: No such file or directory
preprocessMEDLINE.sh: line 1: DistFilter: command not found
Error: Could not find or load main class index.MedlineTriggerAdder
Error: Could not find or load main class index.CitationFinderASCII
sample_medline_preprocess_2016.sh: line 368: /home/whatizit/monq/medline/2016/baseline_annotated/medline16n0368.xml.gz: No such file or directory
preprocessMEDLINE.sh: line 1: DistFilter: command not found
Error: Could not find or load main class index.CitationFinderASCII
Error: Could not find or load main class index.MedlineTriggerAdder
sample_medline_preprocess_2016.sh: line 369: /home/whatizit/monq/medline/2016/baseline_annotated/medline16n0369.xml.gz: No such file or directory
preprocessMEDLINE.sh: line 1: DistFilter: command not found
Error: Could not find or load main class index.CitationFinderASCII
Error: Could not find or load main class index.MedlineTriggerAdder
sample_medline_preprocess_2016.sh: line 370: /home/whatizit/monq/medline/2016/baseline_annotated/medline16n0370.xml.gz: No such file or directory
preprocessMEDLINE.sh: line 1: DistFilter: command not found
Error: Could not find or load main class index.CitationFinderASCII
Error: Could not find or load main class index.MedlineTriggerAdder
sample_medline_preprocess_2016.sh: line 371: /home/whatizit/monq/medline/2016/baseline_annotated/medline16n0371.xml.gz: No such file or directory
preprocessMEDLINE.sh: line 1: DistFilter: command not found
Error: Could not find or load main class index.MedlineTriggerAdder
Error: Could not find or load main class index.CitationFinderASCII
sample_medline_preprocess_2016.sh: line 372: /home/whatizit/monq/medline/2016/baseline_annotated/medline16n0372.xml.gz: No such file or directory
preprocessMEDLINE.sh: line 1: DistFilter: command not found
Error: Could not find or load main class index.MedlineTriggerAdder
Error: Could not find or load main class index.CitationFinderASCII
sample_medline_preprocess_2016.sh: line 373: /home/whatizit/monq/medline/2016/baseline_annotated/medline16n0373.xml.gz: No such file or directory
preprocessMEDLINE.sh: line 1: DistFilter: command not found
Error: Could not find or load main class index.MedlineTriggerAdder
Error: Could not find or load main class index.CitationFinderASCII
sample_medline_preprocess_2016.sh: line 374: /home/whatizit/monq/medline/2016/baseline_annotated/medline16n0374.xml.gz: No such file or directory
preprocessMEDLINE.sh: line 1: DistFilter: command not found
Error: Could not find or load main class index.CitationFinderASCII
Error: Could not find or load main class index.MedlineTriggerAdder
sample_medline_preprocess_2016.sh: line 375: /home/whatizit/monq/medline/2016/baseline_annotated/medline16n0375.xml.gz: No such file or directory
preprocessMEDLINE.sh: line 1: DistFilter: command not found
Error: Could not find or load main class index.CitationFinderASCII
Error: Could not find or load main class index.MedlineTriggerAdder
sample_medline_preprocess_2016.sh: line 376: /home/whatizit/monq/medline/2016/baseline_annotated/medline16n0376.xml.gz: No such file or directory
preprocessMEDLINE.sh: line 1: DistFilter: command not found
Error: Could not find or load main class index.CitationFinderASCII
Error: Could not find or load main class index.MedlineTriggerAdder
sample_medline_preprocess_2016.sh: line 377: /home/whatizit/monq/medline/2016/baseline_annotated/medline16n0377.xml.gz: No such file or directory
preprocessMEDLINE.sh: line 1: DistFilter: command not found
Error: Could not find or load main class index.CitationFinderASCII
Error: Could not find or load main class index.MedlineTriggerAdder
sample_medline_preprocess_2016.sh: line 378: /home/whatizit/monq/medline/2016/baseline_annotated/medline16n0378.xml.gz: No such file or directory
preprocessMEDLINE.sh: line 1: DistFilter: command not found
Error: Could not find or load main class index.CitationFinderASCII
Error: Could not find or load main class index.MedlineTriggerAdder
sample_medline_preprocess_2016.sh: line 379: /home/whatizit/monq/medline/2016/baseline_annotated/medline16n0379.xml.gz: No such file or directory
preprocessMEDLINE.sh: line 1: DistFilter: command not found
Error: Could not find or load main class index.MedlineTriggerAdder
Error: Could not find or load main class index.CitationFinderASCII
sample_medline_preprocess_2016.sh: line 380: /home/whatizit/monq/medline/2016/baseline_annotated/medline16n0380.xml.gz: No such file or directory
preprocessMEDLINE.sh: line 1: DistFilter: command not found
Error: Could not find or load main class index.CitationFinderASCII
Error: Could not find or load main class index.MedlineTriggerAdder
sample_medline_preprocess_2016.sh: line 381: /home/whatizit/monq/medline/2016/baseline_annotated/medline16n0381.xml.gz: No such file or directory
preprocessMEDLINE.sh: line 1: DistFilter: command not found
Error: Could not find or load main class index.CitationFinderASCII
Error: Could not find or load main class index.MedlineTriggerAdder
sample_medline_preprocess_2016.sh: line 382: /home/whatizit/monq/medline/2016/baseline_annotated/medline16n0382.xml.gz: No such file or directory
preprocessMEDLINE.sh: line 1: DistFilter: command not found
Error: Could not find or load main class index.CitationFinderASCII
Error: Could not find or load main class index.MedlineTriggerAdder
sample_medline_preprocess_2016.sh: line 383: /home/whatizit/monq/medline/2016/baseline_annotated/medline16n0383.xml.gz: No such file or directory
preprocessMEDLINE.sh: line 1: DistFilter: command not found
Error: Could not find or load main class index.CitationFinderASCII
Error: Could not find or load main class index.MedlineTriggerAdder
sample_medline_preprocess_2016.sh: line 384: /home/whatizit/monq/medline/2016/baseline_annotated/medline16n0384.xml.gz: No such file or directory
preprocessMEDLINE.sh: line 1: DistFilter: command not found
Error: Could not find or load main class index.CitationFinderASCII
Error: Could not find or load main class index.MedlineTriggerAdder
sample_medline_preprocess_2016.sh: line 385: /home/whatizit/monq/medline/2016/baseline_annotated/medline16n0385.xml.gz: No such file or directory
preprocessMEDLINE.sh: line 1: DistFilter: command not found
Error: Could not find or load main class index.MedlineTriggerAdderError: Could not find or load main class index.CitationFinderASCII

sample_medline_preprocess_2016.sh: line 386: /home/whatizit/monq/medline/2016/baseline_annotated/medline16n0386.xml.gz: No such file or directory
preprocessMEDLINE.sh: line 1: DistFilter: command not found
Error: Could not find or load main class index.CitationFinderASCII
Error: Could not find or load main class index.MedlineTriggerAdder
sample_medline_preprocess_2016.sh: line 387: /home/whatizit/monq/medline/2016/baseline_annotated/medline16n0387.xml.gz: No such file or directory
preprocessMEDLINE.sh: line 1: DistFilter: command not found
Error: Could not find or load main class index.CitationFinderASCII
Error: Could not find or load main class index.MedlineTriggerAdder
sample_medline_preprocess_2016.sh: line 388: /home/whatizit/monq/medline/2016/baseline_annotated/medline16n0388.xml.gz: No such file or directory
preprocessMEDLINE.sh: line 1: DistFilter: command not found
Error: Could not find or load main class index.MedlineTriggerAdder
Error: Could not find or load main class index.CitationFinderASCII
sample_medline_preprocess_2016.sh: line 389: /home/whatizit/monq/medline/2016/baseline_annotated/medline16n0389.xml.gz: No such file or directory
preprocessMEDLINE.sh: line 1: DistFilter: command not found
Error: Could not find or load main class index.CitationFinderASCII
Error: Could not find or load main class index.MedlineTriggerAdder
sample_medline_preprocess_2016.sh: line 390: /home/whatizit/monq/medline/2016/baseline_annotated/medline16n0390.xml.gz: No such file or directory
preprocessMEDLINE.sh: line 1: DistFilter: command not found
Error: Could not find or load main class index.CitationFinderASCII
Error: Could not find or load main class index.MedlineTriggerAdder
sample_medline_preprocess_2016.sh: line 391: /home/whatizit/monq/medline/2016/baseline_annotated/medline16n0391.xml.gz: No such file or directory
preprocessMEDLINE.sh: line 1: DistFilter: command not found
Error: Could not find or load main class index.CitationFinderASCII
Error: Could not find or load main class index.MedlineTriggerAdder
sample_medline_preprocess_2016.sh: line 392: /home/whatizit/monq/medline/2016/baseline_annotated/medline16n0392.xml.gz: No such file or directory
preprocessMEDLINE.sh: line 1: DistFilter: command not found
Error: Could not find or load main class index.CitationFinderASCII
Error: Could not find or load main class index.MedlineTriggerAdder
sample_medline_preprocess_2016.sh: line 393: /home/whatizit/monq/medline/2016/baseline_annotated/medline16n0393.xml.gz: No such file or directory
preprocessMEDLINE.sh: line 1: DistFilter: command not found
Error: Could not find or load main class index.CitationFinderASCII
Error: Could not find or load main class index.MedlineTriggerAdder
sample_medline_preprocess_2016.sh: line 394: /home/whatizit/monq/medline/2016/baseline_annotated/medline16n0394.xml.gz: No such file or directory
preprocessMEDLINE.sh: line 1: DistFilter: command not found
Error: Could not find or load main class index.CitationFinderASCII
Error: Could not find or load main class index.MedlineTriggerAdder
sample_medline_preprocess_2016.sh: line 395: /home/whatizit/monq/medline/2016/baseline_annotated/medline16n0395.xml.gz: No such file or directory
preprocessMEDLINE.sh: line 1: DistFilter: command not found
Error: Could not find or load main class index.CitationFinderASCII
Error: Could not find or load main class index.MedlineTriggerAdder
sample_medline_preprocess_2016.sh: line 396: /home/whatizit/monq/medline/2016/baseline_annotated/medline16n0396.xml.gz: No such file or directory
preprocessMEDLINE.sh: line 1: DistFilter: command not found
Error: Could not find or load main class index.CitationFinderASCII
Error: Could not find or load main class index.MedlineTriggerAdder
sample_medline_preprocess_2016.sh: line 397: /home/whatizit/monq/medline/2016/baseline_annotated/medline16n0397.xml.gz: No such file or directory
preprocessMEDLINE.sh: line 1: DistFilter: command not found
Error: Could not find or load main class index.CitationFinderASCII
Error: Could not find or load main class index.MedlineTriggerAdder
sample_medline_preprocess_2016.sh: line 398: /home/whatizit/monq/medline/2016/baseline_annotated/medline16n0398.xml.gz: No such file or directory
preprocessMEDLINE.sh: line 1: DistFilter: command not found
Error: Could not find or load main class index.MedlineTriggerAdder
Error: Could not find or load main class index.CitationFinderASCII
sample_medline_preprocess_2016.sh: line 399: /home/whatizit/monq/medline/2016/baseline_annotated/medline16n0399.xml.gz: No such file or directory
preprocessMEDLINE.sh: line 1: DistFilter: command not found
Error: Could not find or load main class index.CitationFinderASCII
Error: Could not find or load main class index.MedlineTriggerAdder
sample_medline_preprocess_2016.sh: line 400: /home/whatizit/monq/medline/2016/baseline_annotated/medline16n0400.xml.gz: No such file or directory
preprocessMEDLINE.sh: line 1: DistFilter: command not found
Error: Could not find or load main class index.CitationFinderASCII
Error: Could not find or load main class index.MedlineTriggerAdder
sample_medline_preprocess_2016.sh: line 401: /home/whatizit/monq/medline/2016/baseline_annotated/medline16n0401.xml.gz: No such file or directory
preprocessMEDLINE.sh: line 1: DistFilter: command not found
Error: Could not find or load main class index.MedlineTriggerAdder
Error: Could not find or load main class index.CitationFinderASCII
sample_medline_preprocess_2016.sh: line 402: /home/whatizit/monq/medline/2016/baseline_annotated/medline16n0402.xml.gz: No such file or directory
preprocessMEDLINE.sh: line 1: DistFilter: command not found
Error: Could not find or load main class index.MedlineTriggerAdder
Error: Could not find or load main class index.CitationFinderASCII
sample_medline_preprocess_2016.sh: line 403: /home/whatizit/monq/medline/2016/baseline_annotated/medline16n0403.xml.gz: No such file or directory
preprocessMEDLINE.sh: line 1: DistFilter: command not found
Error: Could not find or load main class index.CitationFinderASCII
Error: Could not find or load main class index.MedlineTriggerAdder
sample_medline_preprocess_2016.sh: line 404: /home/whatizit/monq/medline/2016/baseline_annotated/medline16n0404.xml.gz: No such file or directory
preprocessMEDLINE.sh: line 1: DistFilter: command not found
Error: Could not find or load main class index.CitationFinderASCII
Error: Could not find or load main class index.MedlineTriggerAdder
sample_medline_preprocess_2016.sh: line 405: /home/whatizit/monq/medline/2016/baseline_annotated/medline16n0405.xml.gz: No such file or directory
preprocessMEDLINE.sh: line 1: DistFilter: command not found
Error: Could not find or load main class index.MedlineTriggerAdder
Error: Could not find or load main class index.CitationFinderASCII
sample_medline_preprocess_2016.sh: line 406: /home/whatizit/monq/medline/2016/baseline_annotated/medline16n0406.xml.gz: No such file or directory
preprocessMEDLINE.sh: line 1: DistFilter: command not found
Error: Could not find or load main class index.MedlineTriggerAdder
Error: Could not find or load main class index.CitationFinderASCII
sample_medline_preprocess_2016.sh: line 407: /home/whatizit/monq/medline/2016/baseline_annotated/medline16n0407.xml.gz: No such file or directory
preprocessMEDLINE.sh: line 1: DistFilter: command not found
Error: Could not find or load main class index.CitationFinderASCII
Error: Could not find or load main class index.MedlineTriggerAdder
sample_medline_preprocess_2016.sh: line 408: /home/whatizit/monq/medline/2016/baseline_annotated/medline16n0408.xml.gz: No such file or directory
preprocessMEDLINE.sh: line 1: DistFilter: command not found
Error: Could not find or load main class index.CitationFinderASCII
Error: Could not find or load main class index.MedlineTriggerAdder
sample_medline_preprocess_2016.sh: line 409: /home/whatizit/monq/medline/2016/baseline_annotated/medline16n0409.xml.gz: No such file or directory
preprocessMEDLINE.sh: line 1: DistFilter: command not found
Error: Could not find or load main class index.CitationFinderASCII
Error: Could not find or load main class index.MedlineTriggerAdder
sample_medline_preprocess_2016.sh: line 410: /home/whatizit/monq/medline/2016/baseline_annotated/medline16n0410.xml.gz: No such file or directory
preprocessMEDLINE.sh: line 1: DistFilter: command not found
Error: Could not find or load main class index.CitationFinderASCII
Error: Could not find or load main class index.MedlineTriggerAdder
sample_medline_preprocess_2016.sh: line 411: /home/whatizit/monq/medline/2016/baseline_annotated/medline16n0411.xml.gz: No such file or directory
preprocessMEDLINE.sh: line 1: DistFilter: command not found
Error: Could not find or load main class index.CitationFinderASCII
Error: Could not find or load main class index.MedlineTriggerAdder
sample_medline_preprocess_2016.sh: line 412: /home/whatizit/monq/medline/2016/baseline_annotated/medline16n0412.xml.gz: No such file or directory
preprocessMEDLINE.sh: line 1: DistFilter: command not found
Error: Could not find or load main class index.MedlineTriggerAdder
Error: Could not find or load main class index.CitationFinderASCII
sample_medline_preprocess_2016.sh: line 413: /home/whatizit/monq/medline/2016/baseline_annotated/medline16n0413.xml.gz: No such file or directory
preprocessMEDLINE.sh: line 1: DistFilter: command not found
Error: Could not find or load main class index.CitationFinderASCII
Error: Could not find or load main class index.MedlineTriggerAdder
sample_medline_preprocess_2016.sh: line 414: /home/whatizit/monq/medline/2016/baseline_annotated/medline16n0414.xml.gz: No such file or directory
preprocessMEDLINE.sh: line 1: DistFilter: command not found
Error: Could not find or load main class index.CitationFinderASCII
Error: Could not find or load main class index.MedlineTriggerAdder
sample_medline_preprocess_2016.sh: line 415: /home/whatizit/monq/medline/2016/baseline_annotated/medline16n0415.xml.gz: No such file or directory
preprocessMEDLINE.sh: line 1: DistFilter: command not found
Error: Could not find or load main class index.MedlineTriggerAdder
Error: Could not find or load main class index.CitationFinderASCII
sample_medline_preprocess_2016.sh: line 416: /home/whatizit/monq/medline/2016/baseline_annotated/medline16n0416.xml.gz: No such file or directory
preprocessMEDLINE.sh: line 1: DistFilter: command not found
Error: Could not find or load main class index.CitationFinderASCII
Error: Could not find or load main class index.MedlineTriggerAdder
sample_medline_preprocess_2016.sh: line 417: /home/whatizit/monq/medline/2016/baseline_annotated/medline16n0417.xml.gz: No such file or directory
preprocessMEDLINE.sh: line 1: DistFilter: command not found
Error: Could not find or load main class index.CitationFinderASCII
Error: Could not find or load main class index.MedlineTriggerAdder
sample_medline_preprocess_2016.sh: line 418: /home/whatizit/monq/medline/2016/baseline_annotated/medline16n0418.xml.gz: No such file or directory
preprocessMEDLINE.sh: line 1: DistFilter: command not found
Error: Could not find or load main class index.CitationFinderASCII
Error: Could not find or load main class index.MedlineTriggerAdder
sample_medline_preprocess_2016.sh: line 419: /home/whatizit/monq/medline/2016/baseline_annotated/medline16n0419.xml.gz: No such file or directory
preprocessMEDLINE.sh: line 1: DistFilter: command not found
Error: Could not find or load main class index.CitationFinderASCII
Error: Could not find or load main class index.MedlineTriggerAdder
sample_medline_preprocess_2016.sh: line 420: /home/whatizit/monq/medline/2016/baseline_annotated/medline16n0420.xml.gz: No such file or directory
preprocessMEDLINE.sh: line 1: DistFilter: command not found
Error: Could not find or load main class index.MedlineTriggerAdder
Error: Could not find or load main class index.CitationFinderASCII
sample_medline_preprocess_2016.sh: line 421: /home/whatizit/monq/medline/2016/baseline_annotated/medline16n0421.xml.gz: No such file or directory
preprocessMEDLINE.sh: line 1: DistFilter: command not found
Error: Could not find or load main class index.CitationFinderASCII
Error: Could not find or load main class index.MedlineTriggerAdder
sample_medline_preprocess_2016.sh: line 422: /home/whatizit/monq/medline/2016/baseline_annotated/medline16n0422.xml.gz: No such file or directory
preprocessMEDLINE.sh: line 1: DistFilter: command not found
Error: Could not find or load main class index.CitationFinderASCII
Error: Could not find or load main class index.MedlineTriggerAdder
sample_medline_preprocess_2016.sh: line 423: /home/whatizit/monq/medline/2016/baseline_annotated/medline16n0423.xml.gz: No such file or directory
preprocessMEDLINE.sh: line 1: DistFilter: command not found
Error: Could not find or load main class index.MedlineTriggerAdder
Error: Could not find or load main class index.CitationFinderASCII
sample_medline_preprocess_2016.sh: line 424: /home/whatizit/monq/medline/2016/baseline_annotated/medline16n0424.xml.gz: No such file or directory
preprocessMEDLINE.sh: line 1: DistFilter: command not found
Error: Could not find or load main class index.CitationFinderASCII
Error: Could not find or load main class index.MedlineTriggerAdder
sample_medline_preprocess_2016.sh: line 425: /home/whatizit/monq/medline/2016/baseline_annotated/medline16n0425.xml.gz: No such file or directory
preprocessMEDLINE.sh: line 1: DistFilter: command not found
Error: Could not find or load main class index.MedlineTriggerAdder
Error: Could not find or load main class index.CitationFinderASCII
sample_medline_preprocess_2016.sh: line 426: /home/whatizit/monq/medline/2016/baseline_annotated/medline16n0426.xml.gz: No such file or directory
preprocessMEDLINE.sh: line 1: DistFilter: command not found
Error: Could not find or load main class index.CitationFinderASCII
Error: Could not find or load main class index.MedlineTriggerAdder
sample_medline_preprocess_2016.sh: line 427: /home/whatizit/monq/medline/2016/baseline_annotated/medline16n0427.xml.gz: No such file or directory
preprocessMEDLINE.sh: line 1: DistFilter: command not found
Error: Could not find or load main class index.MedlineTriggerAdder
Error: Could not find or load main class index.CitationFinderASCII
sample_medline_preprocess_2016.sh: line 428: /home/whatizit/monq/medline/2016/baseline_annotated/medline16n0428.xml.gz: No such file or directory
preprocessMEDLINE.sh: line 1: DistFilter: command not found
Error: Could not find or load main class index.CitationFinderASCII
Error: Could not find or load main class index.MedlineTriggerAdder
sample_medline_preprocess_2016.sh: line 429: /home/whatizit/monq/medline/2016/baseline_annotated/medline16n0429.xml.gz: No such file or directory
preprocessMEDLINE.sh: line 1: DistFilter: command not found
Error: Could not find or load main class index.MedlineTriggerAdder
Error: Could not find or load main class index.CitationFinderASCII
sample_medline_preprocess_2016.sh: line 430: /home/whatizit/monq/medline/2016/baseline_annotated/medline16n0430.xml.gz: No such file or directory
preprocessMEDLINE.sh: line 1: DistFilter: command not found
Error: Could not find or load main class index.MedlineTriggerAdder
Error: Could not find or load main class index.CitationFinderASCII
sample_medline_preprocess_2016.sh: line 431: /home/whatizit/monq/medline/2016/baseline_annotated/medline16n0431.xml.gz: No such file or directory
preprocessMEDLINE.sh: line 1: DistFilter: command not found
Error: Could not find or load main class index.CitationFinderASCII
Error: Could not find or load main class index.MedlineTriggerAdder
sample_medline_preprocess_2016.sh: line 432: /home/whatizit/monq/medline/2016/baseline_annotated/medline16n0432.xml.gz: No such file or directory
preprocessMEDLINE.sh: line 1: DistFilter: command not found
Error: Could not find or load main class index.CitationFinderASCII
Error: Could not find or load main class index.MedlineTriggerAdder
sample_medline_preprocess_2016.sh: line 433: /home/whatizit/monq/medline/2016/baseline_annotated/medline16n0433.xml.gz: No such file or directory
preprocessMEDLINE.sh: line 1: DistFilter: command not found
Error: Could not find or load main class index.MedlineTriggerAdder
Error: Could not find or load main class index.CitationFinderASCII
sample_medline_preprocess_2016.sh: line 434: /home/whatizit/monq/medline/2016/baseline_annotated/medline16n0434.xml.gz: No such file or directory
preprocessMEDLINE.sh: line 1: DistFilter: command not found
Error: Could not find or load main class index.CitationFinderASCII
Error: Could not find or load main class index.MedlineTriggerAdder
sample_medline_preprocess_2016.sh: line 435: /home/whatizit/monq/medline/2016/baseline_annotated/medline16n0435.xml.gz: No such file or directory
preprocessMEDLINE.sh: line 1: DistFilter: command not found
Error: Could not find or load main class index.CitationFinderASCII
Error: Could not find or load main class index.MedlineTriggerAdder
sample_medline_preprocess_2016.sh: line 436: /home/whatizit/monq/medline/2016/baseline_annotated/medline16n0436.xml.gz: No such file or directory
preprocessMEDLINE.sh: line 1: DistFilter: command not found
Error: Could not find or load main class index.CitationFinderASCII
Error: Could not find or load main class index.MedlineTriggerAdder
sample_medline_preprocess_2016.sh: line 437: /home/whatizit/monq/medline/2016/baseline_annotated/medline16n0437.xml.gz: No such file or directory
preprocessMEDLINE.sh: line 1: DistFilter: command not found
Error: Could not find or load main class index.CitationFinderASCII
Error: Could not find or load main class index.MedlineTriggerAdder
sample_medline_preprocess_2016.sh: line 438: /home/whatizit/monq/medline/2016/baseline_annotated/medline16n0438.xml.gz: No such file or directory
preprocessMEDLINE.sh: line 1: DistFilter: command not found
Error: Could not find or load main class index.CitationFinderASCII
Error: Could not find or load main class index.MedlineTriggerAdder
sample_medline_preprocess_2016.sh: line 439: /home/whatizit/monq/medline/2016/baseline_annotated/medline16n0439.xml.gz: No such file or directory
preprocessMEDLINE.sh: line 1: DistFilter: command not found
Error: Could not find or load main class index.CitationFinderASCII
Error: Could not find or load main class index.MedlineTriggerAdder
sample_medline_preprocess_2016.sh: line 440: /home/whatizit/monq/medline/2016/baseline_annotated/medline16n0440.xml.gz: No such file or directory
preprocessMEDLINE.sh: line 1: DistFilter: command not found
Error: Could not find or load main class index.CitationFinderASCII
Error: Could not find or load main class index.MedlineTriggerAdder
sample_medline_preprocess_2016.sh: line 441: /home/whatizit/monq/medline/2016/baseline_annotated/medline16n0441.xml.gz: No such file or directory
preprocessMEDLINE.sh: line 1: DistFilter: command not found
Error: Could not find or load main class index.MedlineTriggerAdder
Error: Could not find or load main class index.CitationFinderASCII
sample_medline_preprocess_2016.sh: line 442: /home/whatizit/monq/medline/2016/baseline_annotated/medline16n0442.xml.gz: No such file or directory
preprocessMEDLINE.sh: line 1: DistFilter: command not found
Error: Could not find or load main class index.CitationFinderASCII
Error: Could not find or load main class index.MedlineTriggerAdder
sample_medline_preprocess_2016.sh: line 443: /home/whatizit/monq/medline/2016/baseline_annotated/medline16n0443.xml.gz: No such file or directory
preprocessMEDLINE.sh: line 1: DistFilter: command not found
Error: Could not find or load main class index.CitationFinderASCII
Error: Could not find or load main class index.MedlineTriggerAdder
sample_medline_preprocess_2016.sh: line 444: /home/whatizit/monq/medline/2016/baseline_annotated/medline16n0444.xml.gz: No such file or directory
preprocessMEDLINE.sh: line 1: DistFilter: command not found
Error: Could not find or load main class index.CitationFinderASCII
Error: Could not find or load main class index.MedlineTriggerAdder
sample_medline_preprocess_2016.sh: line 445: /home/whatizit/monq/medline/2016/baseline_annotated/medline16n0445.xml.gz: No such file or directory
preprocessMEDLINE.sh: line 1: DistFilter: command not found
Error: Could not find or load main class index.CitationFinderASCII
Error: Could not find or load main class index.MedlineTriggerAdder
sample_medline_preprocess_2016.sh: line 446: /home/whatizit/monq/medline/2016/baseline_annotated/medline16n0446.xml.gz: No such file or directory
preprocessMEDLINE.sh: line 1: DistFilter: command not found
Error: Could not find or load main class index.CitationFinderASCII
Error: Could not find or load main class index.MedlineTriggerAdder
sample_medline_preprocess_2016.sh: line 447: /home/whatizit/monq/medline/2016/baseline_annotated/medline16n0447.xml.gz: No such file or directory
preprocessMEDLINE.sh: line 1: DistFilter: command not found
Error: Could not find or load main class index.CitationFinderASCII
Error: Could not find or load main class index.MedlineTriggerAdder
sample_medline_preprocess_2016.sh: line 448: /home/whatizit/monq/medline/2016/baseline_annotated/medline16n0448.xml.gz: No such file or directory
preprocessMEDLINE.sh: line 1: DistFilter: command not found
Error: Could not find or load main class index.MedlineTriggerAdderError: Could not find or load main class index.CitationFinderASCII

sample_medline_preprocess_2016.sh: line 449: /home/whatizit/monq/medline/2016/baseline_annotated/medline16n0449.xml.gz: No such file or directory
preprocessMEDLINE.sh: line 1: DistFilter: command not found
Error: Could not find or load main class index.MedlineTriggerAdder
Error: Could not find or load main class index.CitationFinderASCII
sample_medline_preprocess_2016.sh: line 450: /home/whatizit/monq/medline/2016/baseline_annotated/medline16n0450.xml.gz: No such file or directory
preprocessMEDLINE.sh: line 1: DistFilter: command not found
Error: Could not find or load main class index.CitationFinderASCII
Error: Could not find or load main class index.MedlineTriggerAdder
sample_medline_preprocess_2016.sh: line 451: /home/whatizit/monq/medline/2016/baseline_annotated/medline16n0451.xml.gz: No such file or directory
preprocessMEDLINE.sh: line 1: DistFilter: command not found
Error: Could not find or load main class index.MedlineTriggerAdder
Error: Could not find or load main class index.CitationFinderASCII
sample_medline_preprocess_2016.sh: line 452: /home/whatizit/monq/medline/2016/baseline_annotated/medline16n0452.xml.gz: No such file or directory
preprocessMEDLINE.sh: line 1: DistFilter: command not found
Error: Could not find or load main class index.CitationFinderASCII
Error: Could not find or load main class index.MedlineTriggerAdder
sample_medline_preprocess_2016.sh: line 453: /home/whatizit/monq/medline/2016/baseline_annotated/medline16n0453.xml.gz: No such file or directory
preprocessMEDLINE.sh: line 1: DistFilter: command not found
Error: Could not find or load main class index.CitationFinderASCII
Error: Could not find or load main class index.MedlineTriggerAdder
sample_medline_preprocess_2016.sh: line 454: /home/whatizit/monq/medline/2016/baseline_annotated/medline16n0454.xml.gz: No such file or directory
preprocessMEDLINE.sh: line 1: DistFilter: command not found
Error: Could not find or load main class index.MedlineTriggerAdder
Error: Could not find or load main class index.CitationFinderASCII
sample_medline_preprocess_2016.sh: line 455: /home/whatizit/monq/medline/2016/baseline_annotated/medline16n0455.xml.gz: No such file or directory
preprocessMEDLINE.sh: line 1: DistFilter: command not found
Error: Could not find or load main class index.CitationFinderASCII
Error: Could not find or load main class index.MedlineTriggerAdder
sample_medline_preprocess_2016.sh: line 456: /home/whatizit/monq/medline/2016/baseline_annotated/medline16n0456.xml.gz: No such file or directory
preprocessMEDLINE.sh: line 1: DistFilter: command not found
Error: Could not find or load main class index.CitationFinderASCII
Error: Could not find or load main class index.MedlineTriggerAdder
sample_medline_preprocess_2016.sh: line 457: /home/whatizit/monq/medline/2016/baseline_annotated/medline16n0457.xml.gz: No such file or directory
preprocessMEDLINE.sh: line 1: DistFilter: command not found
Error: Could not find or load main class index.CitationFinderASCII
Error: Could not find or load main class index.MedlineTriggerAdder
sample_medline_preprocess_2016.sh: line 458: /home/whatizit/monq/medline/2016/baseline_annotated/medline16n0458.xml.gz: No such file or directory
preprocessMEDLINE.sh: line 1: DistFilter: command not found
Error: Could not find or load main class index.MedlineTriggerAdder
Error: Could not find or load main class index.CitationFinderASCII
sample_medline_preprocess_2016.sh: line 459: /home/whatizit/monq/medline/2016/baseline_annotated/medline16n0459.xml.gz: No such file or directory
preprocessMEDLINE.sh: line 1: DistFilter: command not found
Error: Could not find or load main class index.MedlineTriggerAdderError: Could not find or load main class index.CitationFinderASCII

sample_medline_preprocess_2016.sh: line 460: /home/whatizit/monq/medline/2016/baseline_annotated/medline16n0460.xml.gz: No such file or directory
preprocessMEDLINE.sh: line 1: DistFilter: command not found
Error: Could not find or load main class index.CitationFinderASCII
Error: Could not find or load main class index.MedlineTriggerAdder
sample_medline_preprocess_2016.sh: line 461: /home/whatizit/monq/medline/2016/baseline_annotated/medline16n0461.xml.gz: No such file or directory
preprocessMEDLINE.sh: line 1: DistFilter: command not found
Error: Could not find or load main class index.CitationFinderASCII
Error: Could not find or load main class index.MedlineTriggerAdder
sample_medline_preprocess_2016.sh: line 462: /home/whatizit/monq/medline/2016/baseline_annotated/medline16n0462.xml.gz: No such file or directory
preprocessMEDLINE.sh: line 1: DistFilter: command not found
Error: Could not find or load main class index.CitationFinderASCII
Error: Could not find or load main class index.MedlineTriggerAdder
sample_medline_preprocess_2016.sh: line 463: /home/whatizit/monq/medline/2016/baseline_annotated/medline16n0463.xml.gz: No such file or directory
preprocessMEDLINE.sh: line 1: DistFilter: command not found
Error: Could not find or load main class index.MedlineTriggerAdder
Error: Could not find or load main class index.CitationFinderASCII
sample_medline_preprocess_2016.sh: line 464: /home/whatizit/monq/medline/2016/baseline_annotated/medline16n0464.xml.gz: No such file or directory
preprocessMEDLINE.sh: line 1: DistFilter: command not found
Error: Could not find or load main class index.MedlineTriggerAdder
Error: Could not find or load main class index.CitationFinderASCII
sample_medline_preprocess_2016.sh: line 465: /home/whatizit/monq/medline/2016/baseline_annotated/medline16n0465.xml.gz: No such file or directory
preprocessMEDLINE.sh: line 1: DistFilter: command not found
Error: Could not find or load main class index.MedlineTriggerAdder
Error: Could not find or load main class index.CitationFinderASCII
sample_medline_preprocess_2016.sh: line 466: /home/whatizit/monq/medline/2016/baseline_annotated/medline16n0466.xml.gz: No such file or directory
preprocessMEDLINE.sh: line 1: DistFilter: command not found
Error: Could not find or load main class index.CitationFinderASCII
Error: Could not find or load main class index.MedlineTriggerAdder
sample_medline_preprocess_2016.sh: line 467: /home/whatizit/monq/medline/2016/baseline_annotated/medline16n0467.xml.gz: No such file or directory
preprocessMEDLINE.sh: line 1: DistFilter: command not found
Error: Could not find or load main class index.CitationFinderASCII
Error: Could not find or load main class index.MedlineTriggerAdder
sample_medline_preprocess_2016.sh: line 468: /home/whatizit/monq/medline/2016/baseline_annotated/medline16n0468.xml.gz: No such file or directory
preprocessMEDLINE.sh: line 1: DistFilter: command not found
Error: Could not find or load main class index.CitationFinderASCII
Error: Could not find or load main class index.MedlineTriggerAdder
sample_medline_preprocess_2016.sh: line 469: /home/whatizit/monq/medline/2016/baseline_annotated/medline16n0469.xml.gz: No such file or directory
preprocessMEDLINE.sh: line 1: DistFilter: command not found
Error: Could not find or load main class index.CitationFinderASCII
Error: Could not find or load main class index.MedlineTriggerAdder
sample_medline_preprocess_2016.sh: line 470: /home/whatizit/monq/medline/2016/baseline_annotated/medline16n0470.xml.gz: No such file or directory
preprocessMEDLINE.sh: line 1: DistFilter: command not found
Error: Could not find or load main class index.MedlineTriggerAdder
Error: Could not find or load main class index.CitationFinderASCII
sample_medline_preprocess_2016.sh: line 471: /home/whatizit/monq/medline/2016/baseline_annotated/medline16n0471.xml.gz: No such file or directory
preprocessMEDLINE.sh: line 1: DistFilter: command not found
Error: Could not find or load main class index.MedlineTriggerAdder
Error: Could not find or load main class index.CitationFinderASCII
sample_medline_preprocess_2016.sh: line 472: /home/whatizit/monq/medline/2016/baseline_annotated/medline16n0472.xml.gz: No such file or directory
preprocessMEDLINE.sh: line 1: DistFilter: command not found
Error: Could not find or load main class index.CitationFinderASCII
Error: Could not find or load main class index.MedlineTriggerAdder
sample_medline_preprocess_2016.sh: line 473: /home/whatizit/monq/medline/2016/baseline_annotated/medline16n0473.xml.gz: No such file or directory
preprocessMEDLINE.sh: line 1: DistFilter: command not found
Error: Could not find or load main class index.MedlineTriggerAdder
Error: Could not find or load main class index.CitationFinderASCII
sample_medline_preprocess_2016.sh: line 474: /home/whatizit/monq/medline/2016/baseline_annotated/medline16n0474.xml.gz: No such file or directory
preprocessMEDLINE.sh: line 1: DistFilter: command not found
Error: Could not find or load main class index.MedlineTriggerAdder
Error: Could not find or load main class index.CitationFinderASCII
sample_medline_preprocess_2016.sh: line 475: /home/whatizit/monq/medline/2016/baseline_annotated/medline16n0475.xml.gz: No such file or directory
preprocessMEDLINE.sh: line 1: DistFilter: command not found
Error: Could not find or load main class index.CitationFinderASCII
Error: Could not find or load main class index.MedlineTriggerAdder
sample_medline_preprocess_2016.sh: line 476: /home/whatizit/monq/medline/2016/baseline_annotated/medline16n0476.xml.gz: No such file or directory
preprocessMEDLINE.sh: line 1: DistFilter: command not found
Error: Could not find or load main class index.CitationFinderASCII
Error: Could not find or load main class index.MedlineTriggerAdder
sample_medline_preprocess_2016.sh: line 477: /home/whatizit/monq/medline/2016/baseline_annotated/medline16n0477.xml.gz: No such file or directory
preprocessMEDLINE.sh: line 1: DistFilter: command not found
Error: Could not find or load main class index.CitationFinderASCII
Error: Could not find or load main class index.MedlineTriggerAdder
sample_medline_preprocess_2016.sh: line 478: /home/whatizit/monq/medline/2016/baseline_annotated/medline16n0478.xml.gz: No such file or directory
preprocessMEDLINE.sh: line 1: DistFilter: command not found
Error: Could not find or load main class index.MedlineTriggerAdder
Error: Could not find or load main class index.CitationFinderASCII
sample_medline_preprocess_2016.sh: line 479: /home/whatizit/monq/medline/2016/baseline_annotated/medline16n0479.xml.gz: No such file or directory
preprocessMEDLINE.sh: line 1: DistFilter: command not found
Error: Could not find or load main class index.CitationFinderASCII
Error: Could not find or load main class index.MedlineTriggerAdder
sample_medline_preprocess_2016.sh: line 480: /home/whatizit/monq/medline/2016/baseline_annotated/medline16n0480.xml.gz: No such file or directory
preprocessMEDLINE.sh: line 1: DistFilter: command not found
Error: Could not find or load main class index.CitationFinderASCII
Error: Could not find or load main class index.MedlineTriggerAdder
sample_medline_preprocess_2016.sh: line 481: /home/whatizit/monq/medline/2016/baseline_annotated/medline16n0481.xml.gz: No such file or directory
preprocessMEDLINE.sh: line 1: DistFilter: command not found
Error: Could not find or load main class index.CitationFinderASCII
Error: Could not find or load main class index.MedlineTriggerAdder
sample_medline_preprocess_2016.sh: line 482: /home/whatizit/monq/medline/2016/baseline_annotated/medline16n0482.xml.gz: No such file or directory
preprocessMEDLINE.sh: line 1: DistFilter: command not found
Error: Could not find or load main class index.CitationFinderASCIIError: Could not find or load main class index.MedlineTriggerAdder

sample_medline_preprocess_2016.sh: line 483: /home/whatizit/monq/medline/2016/baseline_annotated/medline16n0483.xml.gz: No such file or directory
preprocessMEDLINE.sh: line 1: DistFilter: command not found
Error: Could not find or load main class index.CitationFinderASCII
Error: Could not find or load main class index.MedlineTriggerAdder
sample_medline_preprocess_2016.sh: line 484: /home/whatizit/monq/medline/2016/baseline_annotated/medline16n0484.xml.gz: No such file or directory
preprocessMEDLINE.sh: line 1: DistFilter: command not found
Error: Could not find or load main class index.MedlineTriggerAdder
Error: Could not find or load main class index.CitationFinderASCII
sample_medline_preprocess_2016.sh: line 485: /home/whatizit/monq/medline/2016/baseline_annotated/medline16n0485.xml.gz: No such file or directory
preprocessMEDLINE.sh: line 1: DistFilter: command not found
Error: Could not find or load main class index.CitationFinderASCII
Error: Could not find or load main class index.MedlineTriggerAdder
sample_medline_preprocess_2016.sh: line 486: /home/whatizit/monq/medline/2016/baseline_annotated/medline16n0486.xml.gz: No such file or directory
preprocessMEDLINE.sh: line 1: DistFilter: command not found
Error: Could not find or load main class index.MedlineTriggerAdder
Error: Could not find or load main class index.CitationFinderASCII
sample_medline_preprocess_2016.sh: line 487: /home/whatizit/monq/medline/2016/baseline_annotated/medline16n0487.xml.gz: No such file or directory
preprocessMEDLINE.sh: line 1: DistFilter: command not found
Error: Could not find or load main class index.MedlineTriggerAdder
Error: Could not find or load main class index.CitationFinderASCII
sample_medline_preprocess_2016.sh: line 488: /home/whatizit/monq/medline/2016/baseline_annotated/medline16n0488.xml.gz: No such file or directory
preprocessMEDLINE.sh: line 1: DistFilter: command not found
Error: Could not find or load main class index.CitationFinderASCII
Error: Could not find or load main class index.MedlineTriggerAdder
sample_medline_preprocess_2016.sh: line 489: /home/whatizit/monq/medline/2016/baseline_annotated/medline16n0489.xml.gz: No such file or directory
preprocessMEDLINE.sh: line 1: DistFilter: command not found
Error: Could not find or load main class index.CitationFinderASCII
Error: Could not find or load main class index.MedlineTriggerAdder
sample_medline_preprocess_2016.sh: line 490: /home/whatizit/monq/medline/2016/baseline_annotated/medline16n0490.xml.gz: No such file or directory
preprocessMEDLINE.sh: line 1: DistFilter: command not found
Error: Could not find or load main class index.MedlineTriggerAdder
Error: Could not find or load main class index.CitationFinderASCII
sample_medline_preprocess_2016.sh: line 491: /home/whatizit/monq/medline/2016/baseline_annotated/medline16n0491.xml.gz: No such file or directory
preprocessMEDLINE.sh: line 1: DistFilter: command not found
Error: Could not find or load main class index.CitationFinderASCII
Error: Could not find or load main class index.MedlineTriggerAdder
sample_medline_preprocess_2016.sh: line 492: /home/whatizit/monq/medline/2016/baseline_annotated/medline16n0492.xml.gz: No such file or directory
preprocessMEDLINE.sh: line 1: DistFilter: command not found
Error: Could not find or load main class index.MedlineTriggerAdder
Error: Could not find or load main class index.CitationFinderASCII
sample_medline_preprocess_2016.sh: line 493: /home/whatizit/monq/medline/2016/baseline_annotated/medline16n0493.xml.gz: No such file or directory
preprocessMEDLINE.sh: line 1: DistFilter: command not found
Error: Could not find or load main class index.CitationFinderASCII
Error: Could not find or load main class index.MedlineTriggerAdder
sample_medline_preprocess_2016.sh: line 494: /home/whatizit/monq/medline/2016/baseline_annotated/medline16n0494.xml.gz: No such file or directory
preprocessMEDLINE.sh: line 1: DistFilter: command not found
Error: Could not find or load main class index.CitationFinderASCII
Error: Could not find or load main class index.MedlineTriggerAdder
sample_medline_preprocess_2016.sh: line 495: /home/whatizit/monq/medline/2016/baseline_annotated/medline16n0495.xml.gz: No such file or directory
preprocessMEDLINE.sh: line 1: DistFilter: command not found
Error: Could not find or load main class index.MedlineTriggerAdder
Error: Could not find or load main class index.CitationFinderASCII
sample_medline_preprocess_2016.sh: line 496: /home/whatizit/monq/medline/2016/baseline_annotated/medline16n0496.xml.gz: No such file or directory
preprocessMEDLINE.sh: line 1: DistFilter: command not found
Error: Could not find or load main class index.CitationFinderASCII
Error: Could not find or load main class index.MedlineTriggerAdder
sample_medline_preprocess_2016.sh: line 497: /home/whatizit/monq/medline/2016/baseline_annotated/medline16n0497.xml.gz: No such file or directory
preprocessMEDLINE.sh: line 1: DistFilter: command not found
Error: Could not find or load main class index.CitationFinderASCII
Error: Could not find or load main class index.MedlineTriggerAdder
sample_medline_preprocess_2016.sh: line 498: /home/whatizit/monq/medline/2016/baseline_annotated/medline16n0498.xml.gz: No such file or directory
preprocessMEDLINE.sh: line 1: DistFilter: command not found
Error: Could not find or load main class index.MedlineTriggerAdder
Error: Could not find or load main class index.CitationFinderASCII
sample_medline_preprocess_2016.sh: line 499: /home/whatizit/monq/medline/2016/baseline_annotated/medline16n0499.xml.gz: No such file or directory
preprocessMEDLINE.sh: line 1: DistFilter: command not found
Error: Could not find or load main class index.MedlineTriggerAdder
Error: Could not find or load main class index.CitationFinderASCII
sample_medline_preprocess_2016.sh: line 500: /home/whatizit/monq/medline/2016/baseline_annotated/medline16n0500.xml.gz: No such file or directory
preprocessMEDLINE.sh: line 1: DistFilter: command not found
Error: Could not find or load main class index.CitationFinderASCII
Error: Could not find or load main class index.MedlineTriggerAdder
sample_medline_preprocess_2016.sh: line 501: /home/whatizit/monq/medline/2016/baseline_annotated/medline16n0501.xml.gz: No such file or directory
preprocessMEDLINE.sh: line 1: DistFilter: command not found
Error: Could not find or load main class index.MedlineTriggerAdder
Error: Could not find or load main class index.CitationFinderASCII
sample_medline_preprocess_2016.sh: line 502: /home/whatizit/monq/medline/2016/baseline_annotated/medline16n0502.xml.gz: No such file or directory
preprocessMEDLINE.sh: line 1: DistFilter: command not found
Error: Could not find or load main class index.MedlineTriggerAdder
Error: Could not find or load main class index.CitationFinderASCII
sample_medline_preprocess_2016.sh: line 503: /home/whatizit/monq/medline/2016/baseline_annotated/medline16n0503.xml.gz: No such file or directory
preprocessMEDLINE.sh: line 1: DistFilter: command not found
Error: Could not find or load main class index.CitationFinderASCII
Error: Could not find or load main class index.MedlineTriggerAdder
sample_medline_preprocess_2016.sh: line 504: /home/whatizit/monq/medline/2016/baseline_annotated/medline16n0504.xml.gz: No such file or directory
preprocessMEDLINE.sh: line 1: DistFilter: command not found
Error: Could not find or load main class index.CitationFinderASCII
Error: Could not find or load main class index.MedlineTriggerAdder
sample_medline_preprocess_2016.sh: line 505: /home/whatizit/monq/medline/2016/baseline_annotated/medline16n0505.xml.gz: No such file or directory
preprocessMEDLINE.sh: line 1: DistFilter: command not found
Error: Could not find or load main class index.CitationFinderASCII
Error: Could not find or load main class index.MedlineTriggerAdder
sample_medline_preprocess_2016.sh: line 506: /home/whatizit/monq/medline/2016/baseline_annotated/medline16n0506.xml.gz: No such file or directory
preprocessMEDLINE.sh: line 1: DistFilter: command not found
Error: Could not find or load main class index.CitationFinderASCII
Error: Could not find or load main class index.MedlineTriggerAdder
sample_medline_preprocess_2016.sh: line 507: /home/whatizit/monq/medline/2016/baseline_annotated/medline16n0507.xml.gz: No such file or directory
preprocessMEDLINE.sh: line 1: DistFilter: command not found
Error: Could not find or load main class index.CitationFinderASCII
Error: Could not find or load main class index.MedlineTriggerAdder
sample_medline_preprocess_2016.sh: line 508: /home/whatizit/monq/medline/2016/baseline_annotated/medline16n0508.xml.gz: No such file or directory
preprocessMEDLINE.sh: line 1: DistFilter: command not found
Error: Could not find or load main class index.MedlineTriggerAdder
Error: Could not find or load main class index.CitationFinderASCII
sample_medline_preprocess_2016.sh: line 509: /home/whatizit/monq/medline/2016/baseline_annotated/medline16n0509.xml.gz: No such file or directory
preprocessMEDLINE.sh: line 1: DistFilter: command not found
Error: Could not find or load main class index.MedlineTriggerAdder
Error: Could not find or load main class index.CitationFinderASCII
sample_medline_preprocess_2016.sh: line 510: /home/whatizit/monq/medline/2016/baseline_annotated/medline16n0510.xml.gz: No such file or directory
preprocessMEDLINE.sh: line 1: DistFilter: command not found
Error: Could not find or load main class index.CitationFinderASCII
Error: Could not find or load main class index.MedlineTriggerAdder
sample_medline_preprocess_2016.sh: line 511: /home/whatizit/monq/medline/2016/baseline_annotated/medline16n0511.xml.gz: No such file or directory
preprocessMEDLINE.sh: line 1: DistFilter: command not found
Error: Could not find or load main class index.CitationFinderASCII
Error: Could not find or load main class index.MedlineTriggerAdder
sample_medline_preprocess_2016.sh: line 512: /home/whatizit/monq/medline/2016/baseline_annotated/medline16n0512.xml.gz: No such file or directory
preprocessMEDLINE.sh: line 1: DistFilter: command not found
Error: Could not find or load main class index.CitationFinderASCII
Error: Could not find or load main class index.MedlineTriggerAdder
sample_medline_preprocess_2016.sh: line 513: /home/whatizit/monq/medline/2016/baseline_annotated/medline16n0513.xml.gz: No such file or directory
preprocessMEDLINE.sh: line 1: DistFilter: command not found
Error: Could not find or load main class index.CitationFinderASCII
Error: Could not find or load main class index.MedlineTriggerAdder
sample_medline_preprocess_2016.sh: line 514: /home/whatizit/monq/medline/2016/baseline_annotated/medline16n0514.xml.gz: No such file or directory
preprocessMEDLINE.sh: line 1: DistFilter: command not found
Error: Could not find or load main class index.CitationFinderASCIIError: Could not find or load main class index.MedlineTriggerAdder

sample_medline_preprocess_2016.sh: line 515: /home/whatizit/monq/medline/2016/baseline_annotated/medline16n0515.xml.gz: No such file or directory
preprocessMEDLINE.sh: line 1: DistFilter: command not found
Error: Could not find or load main class index.CitationFinderASCII
Error: Could not find or load main class index.MedlineTriggerAdder
sample_medline_preprocess_2016.sh: line 516: /home/whatizit/monq/medline/2016/baseline_annotated/medline16n0516.xml.gz: No such file or directory
preprocessMEDLINE.sh: line 1: DistFilter: command not found
Error: Could not find or load main class index.CitationFinderASCII
Error: Could not find or load main class index.MedlineTriggerAdder
sample_medline_preprocess_2016.sh: line 517: /home/whatizit/monq/medline/2016/baseline_annotated/medline16n0517.xml.gz: No such file or directory
preprocessMEDLINE.sh: line 1: DistFilter: command not found
Error: Could not find or load main class index.CitationFinderASCII
Error: Could not find or load main class index.MedlineTriggerAdder
sample_medline_preprocess_2016.sh: line 518: /home/whatizit/monq/medline/2016/baseline_annotated/medline16n0518.xml.gz: No such file or directory
preprocessMEDLINE.sh: line 1: DistFilter: command not found
Error: Could not find or load main class index.CitationFinderASCII
Error: Could not find or load main class index.MedlineTriggerAdder
sample_medline_preprocess_2016.sh: line 519: /home/whatizit/monq/medline/2016/baseline_annotated/medline16n0519.xml.gz: No such file or directory
preprocessMEDLINE.sh: line 1: DistFilter: command not found
Error: Could not find or load main class index.MedlineTriggerAdderError: Could not find or load main class index.CitationFinderASCII

sample_medline_preprocess_2016.sh: line 520: /home/whatizit/monq/medline/2016/baseline_annotated/medline16n0520.xml.gz: No such file or directory
preprocessMEDLINE.sh: line 1: DistFilter: command not found
Error: Could not find or load main class index.MedlineTriggerAdder
Error: Could not find or load main class index.CitationFinderASCII
sample_medline_preprocess_2016.sh: line 521: /home/whatizit/monq/medline/2016/baseline_annotated/medline16n0521.xml.gz: No such file or directory
preprocessMEDLINE.sh: line 1: DistFilter: command not found
Error: Could not find or load main class index.CitationFinderASCII
Error: Could not find or load main class index.MedlineTriggerAdder
sample_medline_preprocess_2016.sh: line 522: /home/whatizit/monq/medline/2016/baseline_annotated/medline16n0522.xml.gz: No such file or directory
preprocessMEDLINE.sh: line 1: DistFilter: command not found
Error: Could not find or load main class index.CitationFinderASCIIError: Could not find or load main class index.MedlineTriggerAdder

sample_medline_preprocess_2016.sh: line 523: /home/whatizit/monq/medline/2016/baseline_annotated/medline16n0523.xml.gz: No such file or directory
preprocessMEDLINE.sh: line 1: DistFilter: command not found
Error: Could not find or load main class index.CitationFinderASCII
Error: Could not find or load main class index.MedlineTriggerAdder
sample_medline_preprocess_2016.sh: line 524: /home/whatizit/monq/medline/2016/baseline_annotated/medline16n0524.xml.gz: No such file or directory
preprocessMEDLINE.sh: line 1: DistFilter: command not found
Error: Could not find or load main class index.CitationFinderASCII
Error: Could not find or load main class index.MedlineTriggerAdder
sample_medline_preprocess_2016.sh: line 525: /home/whatizit/monq/medline/2016/baseline_annotated/medline16n0525.xml.gz: No such file or directory
preprocessMEDLINE.sh: line 1: DistFilter: command not found
Error: Could not find or load main class index.CitationFinderASCII
Error: Could not find or load main class index.MedlineTriggerAdder
sample_medline_preprocess_2016.sh: line 526: /home/whatizit/monq/medline/2016/baseline_annotated/medline16n0526.xml.gz: No such file or directory
preprocessMEDLINE.sh: line 1: DistFilter: command not found
Error: Could not find or load main class index.MedlineTriggerAdder
Error: Could not find or load main class index.CitationFinderASCII
sample_medline_preprocess_2016.sh: line 527: /home/whatizit/monq/medline/2016/baseline_annotated/medline16n0527.xml.gz: No such file or directory
preprocessMEDLINE.sh: line 1: DistFilter: command not found
Error: Could not find or load main class index.MedlineTriggerAdder
Error: Could not find or load main class index.CitationFinderASCII
sample_medline_preprocess_2016.sh: line 528: /home/whatizit/monq/medline/2016/baseline_annotated/medline16n0528.xml.gz: No such file or directory
preprocessMEDLINE.sh: line 1: DistFilter: command not found
Error: Could not find or load main class index.CitationFinderASCII
Error: Could not find or load main class index.MedlineTriggerAdder
sample_medline_preprocess_2016.sh: line 529: /home/whatizit/monq/medline/2016/baseline_annotated/medline16n0529.xml.gz: No such file or directory
preprocessMEDLINE.sh: line 1: DistFilter: command not found
Error: Could not find or load main class index.CitationFinderASCII
Error: Could not find or load main class index.MedlineTriggerAdder
sample_medline_preprocess_2016.sh: line 530: /home/whatizit/monq/medline/2016/baseline_annotated/medline16n0530.xml.gz: No such file or directory
preprocessMEDLINE.sh: line 1: DistFilter: command not found
Error: Could not find or load main class index.CitationFinderASCII
Error: Could not find or load main class index.MedlineTriggerAdder
sample_medline_preprocess_2016.sh: line 531: /home/whatizit/monq/medline/2016/baseline_annotated/medline16n0531.xml.gz: No such file or directory
preprocessMEDLINE.sh: line 1: DistFilter: command not found
Error: Could not find or load main class index.CitationFinderASCII
Error: Could not find or load main class index.MedlineTriggerAdder
sample_medline_preprocess_2016.sh: line 532: /home/whatizit/monq/medline/2016/baseline_annotated/medline16n0532.xml.gz: No such file or directory
preprocessMEDLINE.sh: line 1: DistFilter: command not found
Error: Could not find or load main class index.CitationFinderASCII
Error: Could not find or load main class index.MedlineTriggerAdder
sample_medline_preprocess_2016.sh: line 533: /home/whatizit/monq/medline/2016/baseline_annotated/medline16n0533.xml.gz: No such file or directory
preprocessMEDLINE.sh: line 1: DistFilter: command not found
Error: Could not find or load main class index.CitationFinderASCII
Error: Could not find or load main class index.MedlineTriggerAdder
sample_medline_preprocess_2016.sh: line 534: /home/whatizit/monq/medline/2016/baseline_annotated/medline16n0534.xml.gz: No such file or directory
preprocessMEDLINE.sh: line 1: DistFilter: command not found
Error: Could not find or load main class index.CitationFinderASCII
Error: Could not find or load main class index.MedlineTriggerAdder
sample_medline_preprocess_2016.sh: line 535: /home/whatizit/monq/medline/2016/baseline_annotated/medline16n0535.xml.gz: No such file or directory
preprocessMEDLINE.sh: line 1: DistFilter: command not found
Error: Could not find or load main class index.CitationFinderASCII
Error: Could not find or load main class index.MedlineTriggerAdder
sample_medline_preprocess_2016.sh: line 536: /home/whatizit/monq/medline/2016/baseline_annotated/medline16n0536.xml.gz: No such file or directory
preprocessMEDLINE.sh: line 1: DistFilter: command not found
Error: Could not find or load main class index.CitationFinderASCIIError: Could not find or load main class index.MedlineTriggerAdder

sample_medline_preprocess_2016.sh: line 537: /home/whatizit/monq/medline/2016/baseline_annotated/medline16n0537.xml.gz: No such file or directory
preprocessMEDLINE.sh: line 1: DistFilter: command not found
Error: Could not find or load main class index.MedlineTriggerAdder
Error: Could not find or load main class index.CitationFinderASCII
sample_medline_preprocess_2016.sh: line 538: /home/whatizit/monq/medline/2016/baseline_annotated/medline16n0538.xml.gz: No such file or directory
preprocessMEDLINE.sh: line 1: DistFilter: command not found
Error: Could not find or load main class index.CitationFinderASCII
Error: Could not find or load main class index.MedlineTriggerAdder
sample_medline_preprocess_2016.sh: line 539: /home/whatizit/monq/medline/2016/baseline_annotated/medline16n0539.xml.gz: No such file or directory
preprocessMEDLINE.sh: line 1: DistFilter: command not found
Error: Could not find or load main class index.MedlineTriggerAdder
Error: Could not find or load main class index.CitationFinderASCII
sample_medline_preprocess_2016.sh: line 540: /home/whatizit/monq/medline/2016/baseline_annotated/medline16n0540.xml.gz: No such file or directory
preprocessMEDLINE.sh: line 1: DistFilter: command not found
Error: Could not find or load main class index.CitationFinderASCII
Error: Could not find or load main class index.MedlineTriggerAdder
sample_medline_preprocess_2016.sh: line 541: /home/whatizit/monq/medline/2016/baseline_annotated/medline16n0541.xml.gz: No such file or directory
preprocessMEDLINE.sh: line 1: DistFilter: command not found
Error: Could not find or load main class index.CitationFinderASCII
Error: Could not find or load main class index.MedlineTriggerAdder
sample_medline_preprocess_2016.sh: line 542: /home/whatizit/monq/medline/2016/baseline_annotated/medline16n0542.xml.gz: No such file or directory
preprocessMEDLINE.sh: line 1: DistFilter: command not found
Error: Could not find or load main class index.CitationFinderASCII
Error: Could not find or load main class index.MedlineTriggerAdder
sample_medline_preprocess_2016.sh: line 543: /home/whatizit/monq/medline/2016/baseline_annotated/medline16n0543.xml.gz: No such file or directory
preprocessMEDLINE.sh: line 1: DistFilter: command not found
Error: Could not find or load main class index.CitationFinderASCII
Error: Could not find or load main class index.MedlineTriggerAdder
sample_medline_preprocess_2016.sh: line 544: /home/whatizit/monq/medline/2016/baseline_annotated/medline16n0544.xml.gz: No such file or directory
preprocessMEDLINE.sh: line 1: DistFilter: command not found
Error: Could not find or load main class index.CitationFinderASCII
Error: Could not find or load main class index.MedlineTriggerAdder
sample_medline_preprocess_2016.sh: line 545: /home/whatizit/monq/medline/2016/baseline_annotated/medline16n0545.xml.gz: No such file or directory
preprocessMEDLINE.sh: line 1: DistFilter: command not found
Error: Could not find or load main class index.MedlineTriggerAdder
Error: Could not find or load main class index.CitationFinderASCII
sample_medline_preprocess_2016.sh: line 546: /home/whatizit/monq/medline/2016/baseline_annotated/medline16n0546.xml.gz: No such file or directory
preprocessMEDLINE.sh: line 1: DistFilter: command not found
Error: Could not find or load main class index.CitationFinderASCII
Error: Could not find or load main class index.MedlineTriggerAdder
sample_medline_preprocess_2016.sh: line 547: /home/whatizit/monq/medline/2016/baseline_annotated/medline16n0547.xml.gz: No such file or directory
preprocessMEDLINE.sh: line 1: DistFilter: command not found
Error: Could not find or load main class index.CitationFinderASCII
Error: Could not find or load main class index.MedlineTriggerAdder
sample_medline_preprocess_2016.sh: line 548: /home/whatizit/monq/medline/2016/baseline_annotated/medline16n0548.xml.gz: No such file or directory
preprocessMEDLINE.sh: line 1: DistFilter: command not found
Error: Could not find or load main class index.MedlineTriggerAdder
Error: Could not find or load main class index.CitationFinderASCII
sample_medline_preprocess_2016.sh: line 549: /home/whatizit/monq/medline/2016/baseline_annotated/medline16n0549.xml.gz: No such file or directory
preprocessMEDLINE.sh: line 1: DistFilter: command not found
Error: Could not find or load main class index.CitationFinderASCII
Error: Could not find or load main class index.MedlineTriggerAdder
sample_medline_preprocess_2016.sh: line 550: /home/whatizit/monq/medline/2016/baseline_annotated/medline16n0550.xml.gz: No such file or directory
preprocessMEDLINE.sh: line 1: DistFilter: command not found
Error: Could not find or load main class index.CitationFinderASCII
Error: Could not find or load main class index.MedlineTriggerAdder
sample_medline_preprocess_2016.sh: line 551: /home/whatizit/monq/medline/2016/baseline_annotated/medline16n0551.xml.gz: No such file or directory
preprocessMEDLINE.sh: line 1: DistFilter: command not found
Error: Could not find or load main class index.MedlineTriggerAdderError: Could not find or load main class index.CitationFinderASCII

sample_medline_preprocess_2016.sh: line 552: /home/whatizit/monq/medline/2016/baseline_annotated/medline16n0552.xml.gz: No such file or directory
preprocessMEDLINE.sh: line 1: DistFilter: command not found
Error: Could not find or load main class index.CitationFinderASCII
Error: Could not find or load main class index.MedlineTriggerAdder
sample_medline_preprocess_2016.sh: line 553: /home/whatizit/monq/medline/2016/baseline_annotated/medline16n0553.xml.gz: No such file or directory
preprocessMEDLINE.sh: line 1: DistFilter: command not found
Error: Could not find or load main class index.MedlineTriggerAdderError: Could not find or load main class index.CitationFinderASCII

sample_medline_preprocess_2016.sh: line 554: /home/whatizit/monq/medline/2016/baseline_annotated/medline16n0554.xml.gz: No such file or directory
preprocessMEDLINE.sh: line 1: DistFilter: command not found
Error: Could not find or load main class index.CitationFinderASCII
Error: Could not find or load main class index.MedlineTriggerAdder
sample_medline_preprocess_2016.sh: line 555: /home/whatizit/monq/medline/2016/baseline_annotated/medline16n0555.xml.gz: No such file or directory
preprocessMEDLINE.sh: line 1: DistFilter: command not found
Error: Could not find or load main class index.CitationFinderASCII
Error: Could not find or load main class index.MedlineTriggerAdder
sample_medline_preprocess_2016.sh: line 556: /home/whatizit/monq/medline/2016/baseline_annotated/medline16n0556.xml.gz: No such file or directory
preprocessMEDLINE.sh: line 1: DistFilter: command not found
Error: Could not find or load main class index.MedlineTriggerAdder
Error: Could not find or load main class index.CitationFinderASCII
sample_medline_preprocess_2016.sh: line 557: /home/whatizit/monq/medline/2016/baseline_annotated/medline16n0557.xml.gz: No such file or directory
preprocessMEDLINE.sh: line 1: DistFilter: command not found
Error: Could not find or load main class index.CitationFinderASCII
Error: Could not find or load main class index.MedlineTriggerAdder
sample_medline_preprocess_2016.sh: line 558: /home/whatizit/monq/medline/2016/baseline_annotated/medline16n0558.xml.gz: No such file or directory
preprocessMEDLINE.sh: line 1: DistFilter: command not found
Error: Could not find or load main class index.CitationFinderASCII
Error: Could not find or load main class index.MedlineTriggerAdder
sample_medline_preprocess_2016.sh: line 559: /home/whatizit/monq/medline/2016/baseline_annotated/medline16n0559.xml.gz: No such file or directory
preprocessMEDLINE.sh: line 1: DistFilter: command not found
Error: Could not find or load main class index.MedlineTriggerAdder
Error: Could not find or load main class index.CitationFinderASCII
sample_medline_preprocess_2016.sh: line 560: /home/whatizit/monq/medline/2016/baseline_annotated/medline16n0560.xml.gz: No such file or directory
preprocessMEDLINE.sh: line 1: DistFilter: command not found
Error: Could not find or load main class index.MedlineTriggerAdder
Error: Could not find or load main class index.CitationFinderASCII
sample_medline_preprocess_2016.sh: line 561: /home/whatizit/monq/medline/2016/baseline_annotated/medline16n0561.xml.gz: No such file or directory
preprocessMEDLINE.sh: line 1: DistFilter: command not found
Error: Could not find or load main class index.CitationFinderASCII
Error: Could not find or load main class index.MedlineTriggerAdder
sample_medline_preprocess_2016.sh: line 562: /home/whatizit/monq/medline/2016/baseline_annotated/medline16n0562.xml.gz: No such file or directory
preprocessMEDLINE.sh: line 1: DistFilter: command not found
Error: Could not find or load main class index.CitationFinderASCII
Error: Could not find or load main class index.MedlineTriggerAdder
sample_medline_preprocess_2016.sh: line 563: /home/whatizit/monq/medline/2016/baseline_annotated/medline16n0563.xml.gz: No such file or directory
preprocessMEDLINE.sh: line 1: DistFilter: command not found
Error: Could not find or load main class index.CitationFinderASCII
Error: Could not find or load main class index.MedlineTriggerAdder
sample_medline_preprocess_2016.sh: line 564: /home/whatizit/monq/medline/2016/baseline_annotated/medline16n0564.xml.gz: No such file or directory
preprocessMEDLINE.sh: line 1: DistFilter: command not found
Error: Could not find or load main class index.CitationFinderASCII
Error: Could not find or load main class index.MedlineTriggerAdder
sample_medline_preprocess_2016.sh: line 565: /home/whatizit/monq/medline/2016/baseline_annotated/medline16n0565.xml.gz: No such file or directory
preprocessMEDLINE.sh: line 1: DistFilter: command not found
Error: Could not find or load main class index.MedlineTriggerAdder
Error: Could not find or load main class index.CitationFinderASCII
sample_medline_preprocess_2016.sh: line 566: /home/whatizit/monq/medline/2016/baseline_annotated/medline16n0566.xml.gz: No such file or directory
preprocessMEDLINE.sh: line 1: DistFilter: command not found
Error: Could not find or load main class index.CitationFinderASCII
Error: Could not find or load main class index.MedlineTriggerAdder
sample_medline_preprocess_2016.sh: line 567: /home/whatizit/monq/medline/2016/baseline_annotated/medline16n0567.xml.gz: No such file or directory
preprocessMEDLINE.sh: line 1: DistFilter: command not found
Error: Could not find or load main class index.CitationFinderASCII
Error: Could not find or load main class index.MedlineTriggerAdder
sample_medline_preprocess_2016.sh: line 568: /home/whatizit/monq/medline/2016/baseline_annotated/medline16n0568.xml.gz: No such file or directory
preprocessMEDLINE.sh: line 1: DistFilter: command not found
Error: Could not find or load main class index.MedlineTriggerAdder
Error: Could not find or load main class index.CitationFinderASCII
sample_medline_preprocess_2016.sh: line 569: /home/whatizit/monq/medline/2016/baseline_annotated/medline16n0569.xml.gz: No such file or directory
preprocessMEDLINE.sh: line 1: DistFilter: command not found
Error: Could not find or load main class index.MedlineTriggerAdder
Error: Could not find or load main class index.CitationFinderASCII
sample_medline_preprocess_2016.sh: line 570: /home/whatizit/monq/medline/2016/baseline_annotated/medline16n0570.xml.gz: No such file or directory
preprocessMEDLINE.sh: line 1: DistFilter: command not found
Error: Could not find or load main class index.CitationFinderASCII
Error: Could not find or load main class index.MedlineTriggerAdder
sample_medline_preprocess_2016.sh: line 571: /home/whatizit/monq/medline/2016/baseline_annotated/medline16n0571.xml.gz: No such file or directory
preprocessMEDLINE.sh: line 1: DistFilter: command not found
Error: Could not find or load main class index.MedlineTriggerAdder
Error: Could not find or load main class index.CitationFinderASCII
sample_medline_preprocess_2016.sh: line 572: /home/whatizit/monq/medline/2016/baseline_annotated/medline16n0572.xml.gz: No such file or directory
preprocessMEDLINE.sh: line 1: DistFilter: command not found
Error: Could not find or load main class index.CitationFinderASCII
Error: Could not find or load main class index.MedlineTriggerAdder
sample_medline_preprocess_2016.sh: line 573: /home/whatizit/monq/medline/2016/baseline_annotated/medline16n0573.xml.gz: No such file or directory
preprocessMEDLINE.sh: line 1: DistFilter: command not found
Error: Could not find or load main class index.CitationFinderASCII
Error: Could not find or load main class index.MedlineTriggerAdder
sample_medline_preprocess_2016.sh: line 574: /home/whatizit/monq/medline/2016/baseline_annotated/medline16n0574.xml.gz: No such file or directory
preprocessMEDLINE.sh: line 1: DistFilter: command not found
Error: Could not find or load main class index.CitationFinderASCII
Error: Could not find or load main class index.MedlineTriggerAdder
sample_medline_preprocess_2016.sh: line 575: /home/whatizit/monq/medline/2016/baseline_annotated/medline16n0575.xml.gz: No such file or directory
preprocessMEDLINE.sh: line 1: DistFilter: command not found
Error: Could not find or load main class index.CitationFinderASCII
Error: Could not find or load main class index.MedlineTriggerAdder
sample_medline_preprocess_2016.sh: line 576: /home/whatizit/monq/medline/2016/baseline_annotated/medline16n0576.xml.gz: No such file or directory
preprocessMEDLINE.sh: line 1: DistFilter: command not found
Error: Could not find or load main class index.CitationFinderASCII
Error: Could not find or load main class index.MedlineTriggerAdder
sample_medline_preprocess_2016.sh: line 577: /home/whatizit/monq/medline/2016/baseline_annotated/medline16n0577.xml.gz: No such file or directory
preprocessMEDLINE.sh: line 1: DistFilter: command not found
Error: Could not find or load main class index.CitationFinderASCII
Error: Could not find or load main class index.MedlineTriggerAdder
sample_medline_preprocess_2016.sh: line 578: /home/whatizit/monq/medline/2016/baseline_annotated/medline16n0578.xml.gz: No such file or directory
preprocessMEDLINE.sh: line 1: DistFilter: command not found
Error: Could not find or load main class index.MedlineTriggerAdder
Error: Could not find or load main class index.CitationFinderASCII
sample_medline_preprocess_2016.sh: line 579: /home/whatizit/monq/medline/2016/baseline_annotated/medline16n0579.xml.gz: No such file or directory
preprocessMEDLINE.sh: line 1: DistFilter: command not found
Error: Could not find or load main class index.MedlineTriggerAdder
Error: Could not find or load main class index.CitationFinderASCII
sample_medline_preprocess_2016.sh: line 580: /home/whatizit/monq/medline/2016/baseline_annotated/medline16n0580.xml.gz: No such file or directory
preprocessMEDLINE.sh: line 1: DistFilter: command not found
Error: Could not find or load main class index.MedlineTriggerAdder
Error: Could not find or load main class index.CitationFinderASCII
sample_medline_preprocess_2016.sh: line 581: /home/whatizit/monq/medline/2016/baseline_annotated/medline16n0581.xml.gz: No such file or directory
preprocessMEDLINE.sh: line 1: DistFilter: command not found
Error: Could not find or load main class index.CitationFinderASCII
Error: Could not find or load main class index.MedlineTriggerAdder
sample_medline_preprocess_2016.sh: line 582: /home/whatizit/monq/medline/2016/baseline_annotated/medline16n0582.xml.gz: No such file or directory
preprocessMEDLINE.sh: line 1: DistFilter: command not found
Error: Could not find or load main class index.CitationFinderASCII
Error: Could not find or load main class index.MedlineTriggerAdder
sample_medline_preprocess_2016.sh: line 583: /home/whatizit/monq/medline/2016/baseline_annotated/medline16n0583.xml.gz: No such file or directory
preprocessMEDLINE.sh: line 1: DistFilter: command not found
Error: Could not find or load main class index.CitationFinderASCII
Error: Could not find or load main class index.MedlineTriggerAdder
sample_medline_preprocess_2016.sh: line 584: /home/whatizit/monq/medline/2016/baseline_annotated/medline16n0584.xml.gz: No such file or directory
preprocessMEDLINE.sh: line 1: DistFilter: command not found
Error: Could not find or load main class index.CitationFinderASCII
Error: Could not find or load main class index.MedlineTriggerAdder
sample_medline_preprocess_2016.sh: line 585: /home/whatizit/monq/medline/2016/baseline_annotated/medline16n0585.xml.gz: No such file or directory
preprocessMEDLINE.sh: line 1: DistFilter: command not found
Error: Could not find or load main class index.MedlineTriggerAdderError: Could not find or load main class index.CitationFinderASCII

sample_medline_preprocess_2016.sh: line 586: /home/whatizit/monq/medline/2016/baseline_annotated/medline16n0586.xml.gz: No such file or directory
preprocessMEDLINE.sh: line 1: DistFilter: command not found
Error: Could not find or load main class index.CitationFinderASCII
Error: Could not find or load main class index.MedlineTriggerAdder
sample_medline_preprocess_2016.sh: line 587: /home/whatizit/monq/medline/2016/baseline_annotated/medline16n0587.xml.gz: No such file or directory
preprocessMEDLINE.sh: line 1: DistFilter: command not found
Error: Could not find or load main class index.CitationFinderASCII
Error: Could not find or load main class index.MedlineTriggerAdder
sample_medline_preprocess_2016.sh: line 588: /home/whatizit/monq/medline/2016/baseline_annotated/medline16n0588.xml.gz: No such file or directory
preprocessMEDLINE.sh: line 1: DistFilter: command not found
Error: Could not find or load main class index.MedlineTriggerAdder
Error: Could not find or load main class index.CitationFinderASCII
sample_medline_preprocess_2016.sh: line 589: /home/whatizit/monq/medline/2016/baseline_annotated/medline16n0589.xml.gz: No such file or directory
preprocessMEDLINE.sh: line 1: DistFilter: command not found
Error: Could not find or load main class index.MedlineTriggerAdder
Error: Could not find or load main class index.CitationFinderASCII
sample_medline_preprocess_2016.sh: line 590: /home/whatizit/monq/medline/2016/baseline_annotated/medline16n0590.xml.gz: No such file or directory
preprocessMEDLINE.sh: line 1: DistFilter: command not found
Error: Could not find or load main class index.CitationFinderASCII
Error: Could not find or load main class index.MedlineTriggerAdder
sample_medline_preprocess_2016.sh: line 591: /home/whatizit/monq/medline/2016/baseline_annotated/medline16n0591.xml.gz: No such file or directory
preprocessMEDLINE.sh: line 1: DistFilter: command not found
Error: Could not find or load main class index.CitationFinderASCII
Error: Could not find or load main class index.MedlineTriggerAdder
sample_medline_preprocess_2016.sh: line 592: /home/whatizit/monq/medline/2016/baseline_annotated/medline16n0592.xml.gz: No such file or directory
preprocessMEDLINE.sh: line 1: DistFilter: command not found
Error: Could not find or load main class index.MedlineTriggerAdder
Error: Could not find or load main class index.CitationFinderASCII
sample_medline_preprocess_2016.sh: line 593: /home/whatizit/monq/medline/2016/baseline_annotated/medline16n0593.xml.gz: No such file or directory
preprocessMEDLINE.sh: line 1: DistFilter: command not found
Error: Could not find or load main class index.CitationFinderASCII
Error: Could not find or load main class index.MedlineTriggerAdder
sample_medline_preprocess_2016.sh: line 594: /home/whatizit/monq/medline/2016/baseline_annotated/medline16n0594.xml.gz: No such file or directory
preprocessMEDLINE.sh: line 1: DistFilter: command not found
Error: Could not find or load main class index.MedlineTriggerAdder
Error: Could not find or load main class index.CitationFinderASCII
sample_medline_preprocess_2016.sh: line 595: /home/whatizit/monq/medline/2016/baseline_annotated/medline16n0595.xml.gz: No such file or directory
preprocessMEDLINE.sh: line 1: DistFilter: command not found
Error: Could not find or load main class index.CitationFinderASCII
Error: Could not find or load main class index.MedlineTriggerAdder
sample_medline_preprocess_2016.sh: line 596: /home/whatizit/monq/medline/2016/baseline_annotated/medline16n0596.xml.gz: No such file or directory
preprocessMEDLINE.sh: line 1: DistFilter: command not found
Error: Could not find or load main class index.MedlineTriggerAdder
Error: Could not find or load main class index.CitationFinderASCII
sample_medline_preprocess_2016.sh: line 597: /home/whatizit/monq/medline/2016/baseline_annotated/medline16n0597.xml.gz: No such file or directory
preprocessMEDLINE.sh: line 1: DistFilter: command not found
Error: Could not find or load main class index.MedlineTriggerAdder
Error: Could not find or load main class index.CitationFinderASCII
sample_medline_preprocess_2016.sh: line 598: /home/whatizit/monq/medline/2016/baseline_annotated/medline16n0598.xml.gz: No such file or directory
preprocessMEDLINE.sh: line 1: DistFilter: command not found
Error: Could not find or load main class index.CitationFinderASCII
Error: Could not find or load main class index.MedlineTriggerAdder
sample_medline_preprocess_2016.sh: line 599: /home/whatizit/monq/medline/2016/baseline_annotated/medline16n0599.xml.gz: No such file or directory
preprocessMEDLINE.sh: line 1: DistFilter: command not found
Error: Could not find or load main class index.CitationFinderASCII
Error: Could not find or load main class index.MedlineTriggerAdder
sample_medline_preprocess_2016.sh: line 600: /home/whatizit/monq/medline/2016/baseline_annotated/medline16n0600.xml.gz: No such file or directory
preprocessMEDLINE.sh: line 1: DistFilter: command not found
Error: Could not find or load main class index.MedlineTriggerAdder
Error: Could not find or load main class index.CitationFinderASCII
sample_medline_preprocess_2016.sh: line 601: /home/whatizit/monq/medline/2016/baseline_annotated/medline16n0601.xml.gz: No such file or directory
preprocessMEDLINE.sh: line 1: DistFilter: command not found
Error: Could not find or load main class index.MedlineTriggerAdder
Error: Could not find or load main class index.CitationFinderASCII
sample_medline_preprocess_2016.sh: line 602: /home/whatizit/monq/medline/2016/baseline_annotated/medline16n0602.xml.gz: No such file or directory
preprocessMEDLINE.sh: line 1: DistFilter: command not found
Error: Could not find or load main class index.CitationFinderASCII
Error: Could not find or load main class index.MedlineTriggerAdder
sample_medline_preprocess_2016.sh: line 603: /home/whatizit/monq/medline/2016/baseline_annotated/medline16n0603.xml.gz: No such file or directory
preprocessMEDLINE.sh: line 1: DistFilter: command not found
Error: Could not find or load main class index.MedlineTriggerAdder
Error: Could not find or load main class index.CitationFinderASCII
sample_medline_preprocess_2016.sh: line 604: /home/whatizit/monq/medline/2016/baseline_annotated/medline16n0604.xml.gz: No such file or directory
preprocessMEDLINE.sh: line 1: DistFilter: command not found
Error: Could not find or load main class index.MedlineTriggerAdder
Error: Could not find or load main class index.CitationFinderASCII
sample_medline_preprocess_2016.sh: line 605: /home/whatizit/monq/medline/2016/baseline_annotated/medline16n0605.xml.gz: No such file or directory
preprocessMEDLINE.sh: line 1: DistFilter: command not found
Error: Could not find or load main class index.MedlineTriggerAdder
Error: Could not find or load main class index.CitationFinderASCII
sample_medline_preprocess_2016.sh: line 606: /home/whatizit/monq/medline/2016/baseline_annotated/medline16n0606.xml.gz: No such file or directory
preprocessMEDLINE.sh: line 1: DistFilter: command not found
Error: Could not find or load main class index.CitationFinderASCIIError: Could not find or load main class index.MedlineTriggerAdder

sample_medline_preprocess_2016.sh: line 607: /home/whatizit/monq/medline/2016/baseline_annotated/medline16n0607.xml.gz: No such file or directory
preprocessMEDLINE.sh: line 1: DistFilter: command not found
Error: Could not find or load main class index.MedlineTriggerAdder
Error: Could not find or load main class index.CitationFinderASCII
sample_medline_preprocess_2016.sh: line 608: /home/whatizit/monq/medline/2016/baseline_annotated/medline16n0608.xml.gz: No such file or directory
preprocessMEDLINE.sh: line 1: DistFilter: command not found
Error: Could not find or load main class index.MedlineTriggerAdder
Error: Could not find or load main class index.CitationFinderASCII
sample_medline_preprocess_2016.sh: line 609: /home/whatizit/monq/medline/2016/baseline_annotated/medline16n0609.xml.gz: No such file or directory
preprocessMEDLINE.sh: line 1: DistFilter: command not found
Error: Could not find or load main class index.CitationFinderASCII
Error: Could not find or load main class index.MedlineTriggerAdder
sample_medline_preprocess_2016.sh: line 610: /home/whatizit/monq/medline/2016/baseline_annotated/medline16n0610.xml.gz: No such file or directory
preprocessMEDLINE.sh: line 1: DistFilter: command not found
Error: Could not find or load main class index.CitationFinderASCII
Error: Could not find or load main class index.MedlineTriggerAdder
sample_medline_preprocess_2016.sh: line 611: /home/whatizit/monq/medline/2016/baseline_annotated/medline16n0611.xml.gz: No such file or directory
preprocessMEDLINE.sh: line 1: DistFilter: command not found
Error: Could not find or load main class index.MedlineTriggerAdder
Error: Could not find or load main class index.CitationFinderASCII
sample_medline_preprocess_2016.sh: line 612: /home/whatizit/monq/medline/2016/baseline_annotated/medline16n0612.xml.gz: No such file or directory
preprocessMEDLINE.sh: line 1: DistFilter: command not found
Error: Could not find or load main class index.CitationFinderASCII
Error: Could not find or load main class index.MedlineTriggerAdder
sample_medline_preprocess_2016.sh: line 613: /home/whatizit/monq/medline/2016/baseline_annotated/medline16n0613.xml.gz: No such file or directory
preprocessMEDLINE.sh: line 1: DistFilter: command not found
Error: Could not find or load main class index.CitationFinderASCII
Error: Could not find or load main class index.MedlineTriggerAdder
sample_medline_preprocess_2016.sh: line 614: /home/whatizit/monq/medline/2016/baseline_annotated/medline16n0614.xml.gz: No such file or directory
preprocessMEDLINE.sh: line 1: DistFilter: command not found
Error: Could not find or load main class index.CitationFinderASCII
Error: Could not find or load main class index.MedlineTriggerAdder
sample_medline_preprocess_2016.sh: line 615: /home/whatizit/monq/medline/2016/baseline_annotated/medline16n0615.xml.gz: No such file or directory
preprocessMEDLINE.sh: line 1: DistFilter: command not found
Error: Could not find or load main class index.CitationFinderASCII
Error: Could not find or load main class index.MedlineTriggerAdder
sample_medline_preprocess_2016.sh: line 616: /home/whatizit/monq/medline/2016/baseline_annotated/medline16n0616.xml.gz: No such file or directory
preprocessMEDLINE.sh: line 1: DistFilter: command not found
Error: Could not find or load main class index.MedlineTriggerAdder
Error: Could not find or load main class index.CitationFinderASCII
sample_medline_preprocess_2016.sh: line 617: /home/whatizit/monq/medline/2016/baseline_annotated/medline16n0617.xml.gz: No such file or directory
preprocessMEDLINE.sh: line 1: DistFilter: command not found
Error: Could not find or load main class index.MedlineTriggerAdder
Error: Could not find or load main class index.CitationFinderASCII
sample_medline_preprocess_2016.sh: line 618: /home/whatizit/monq/medline/2016/baseline_annotated/medline16n0618.xml.gz: No such file or directory
preprocessMEDLINE.sh: line 1: DistFilter: command not found
Error: Could not find or load main class index.CitationFinderASCII
Error: Could not find or load main class index.MedlineTriggerAdder
sample_medline_preprocess_2016.sh: line 619: /home/whatizit/monq/medline/2016/baseline_annotated/medline16n0619.xml.gz: No such file or directory
preprocessMEDLINE.sh: line 1: DistFilter: command not found
Error: Could not find or load main class index.CitationFinderASCII
Error: Could not find or load main class index.MedlineTriggerAdder
sample_medline_preprocess_2016.sh: line 620: /home/whatizit/monq/medline/2016/baseline_annotated/medline16n0620.xml.gz: No such file or directory
preprocessMEDLINE.sh: line 1: DistFilter: command not found
Error: Could not find or load main class index.CitationFinderASCII
Error: Could not find or load main class index.MedlineTriggerAdder
sample_medline_preprocess_2016.sh: line 621: /home/whatizit/monq/medline/2016/baseline_annotated/medline16n0621.xml.gz: No such file or directory
preprocessMEDLINE.sh: line 1: DistFilter: command not found
Error: Could not find or load main class index.CitationFinderASCII
Error: Could not find or load main class index.MedlineTriggerAdder
sample_medline_preprocess_2016.sh: line 622: /home/whatizit/monq/medline/2016/baseline_annotated/medline16n0622.xml.gz: No such file or directory
preprocessMEDLINE.sh: line 1: DistFilter: command not found
Error: Could not find or load main class index.CitationFinderASCII
Error: Could not find or load main class index.MedlineTriggerAdder
sample_medline_preprocess_2016.sh: line 623: /home/whatizit/monq/medline/2016/baseline_annotated/medline16n0623.xml.gz: No such file or directory
preprocessMEDLINE.sh: line 1: DistFilter: command not found
Error: Could not find or load main class index.CitationFinderASCII
Error: Could not find or load main class index.MedlineTriggerAdder
sample_medline_preprocess_2016.sh: line 624: /home/whatizit/monq/medline/2016/baseline_annotated/medline16n0624.xml.gz: No such file or directory
preprocessMEDLINE.sh: line 1: DistFilter: command not found
Error: Could not find or load main class index.CitationFinderASCII
Error: Could not find or load main class index.MedlineTriggerAdder
sample_medline_preprocess_2016.sh: line 625: /home/whatizit/monq/medline/2016/baseline_annotated/medline16n0625.xml.gz: No such file or directory
preprocessMEDLINE.sh: line 1: DistFilter: command not found
Error: Could not find or load main class index.MedlineTriggerAdder
Error: Could not find or load main class index.CitationFinderASCII
sample_medline_preprocess_2016.sh: line 626: /home/whatizit/monq/medline/2016/baseline_annotated/medline16n0626.xml.gz: No such file or directory
preprocessMEDLINE.sh: line 1: DistFilter: command not found
Error: Could not find or load main class index.MedlineTriggerAdder
Error: Could not find or load main class index.CitationFinderASCII
sample_medline_preprocess_2016.sh: line 627: /home/whatizit/monq/medline/2016/baseline_annotated/medline16n0627.xml.gz: No such file or directory
preprocessMEDLINE.sh: line 1: DistFilter: command not found
Error: Could not find or load main class index.CitationFinderASCII
Error: Could not find or load main class index.MedlineTriggerAdder
sample_medline_preprocess_2016.sh: line 628: /home/whatizit/monq/medline/2016/baseline_annotated/medline16n0628.xml.gz: No such file or directory
preprocessMEDLINE.sh: line 1: DistFilter: command not found
Error: Could not find or load main class index.CitationFinderASCII
Error: Could not find or load main class index.MedlineTriggerAdder
sample_medline_preprocess_2016.sh: line 629: /home/whatizit/monq/medline/2016/baseline_annotated/medline16n0629.xml.gz: No such file or directory
preprocessMEDLINE.sh: line 1: DistFilter: command not found
Error: Could not find or load main class index.CitationFinderASCII
Error: Could not find or load main class index.MedlineTriggerAdder
sample_medline_preprocess_2016.sh: line 630: /home/whatizit/monq/medline/2016/baseline_annotated/medline16n0630.xml.gz: No such file or directory
preprocessMEDLINE.sh: line 1: DistFilter: command not found
Error: Could not find or load main class index.CitationFinderASCII
Error: Could not find or load main class index.MedlineTriggerAdder
sample_medline_preprocess_2016.sh: line 631: /home/whatizit/monq/medline/2016/baseline_annotated/medline16n0631.xml.gz: No such file or directory
preprocessMEDLINE.sh: line 1: DistFilter: command not found
Error: Could not find or load main class index.CitationFinderASCII
Error: Could not find or load main class index.MedlineTriggerAdder
sample_medline_preprocess_2016.sh: line 632: /home/whatizit/monq/medline/2016/baseline_annotated/medline16n0632.xml.gz: No such file or directory
preprocessMEDLINE.sh: line 1: DistFilter: command not found
Error: Could not find or load main class index.MedlineTriggerAdder
Error: Could not find or load main class index.CitationFinderASCII
sample_medline_preprocess_2016.sh: line 633: /home/whatizit/monq/medline/2016/baseline_annotated/medline16n0633.xml.gz: No such file or directory
preprocessMEDLINE.sh: line 1: DistFilter: command not found
Error: Could not find or load main class index.CitationFinderASCII
Error: Could not find or load main class index.MedlineTriggerAdder
sample_medline_preprocess_2016.sh: line 634: /home/whatizit/monq/medline/2016/baseline_annotated/medline16n0634.xml.gz: No such file or directory
preprocessMEDLINE.sh: line 1: DistFilter: command not found
Error: Could not find or load main class index.MedlineTriggerAdder
Error: Could not find or load main class index.CitationFinderASCII
sample_medline_preprocess_2016.sh: line 635: /home/whatizit/monq/medline/2016/baseline_annotated/medline16n0635.xml.gz: No such file or directory
preprocessMEDLINE.sh: line 1: DistFilter: command not found
Error: Could not find or load main class index.CitationFinderASCII
Error: Could not find or load main class index.MedlineTriggerAdder
sample_medline_preprocess_2016.sh: line 636: /home/whatizit/monq/medline/2016/baseline_annotated/medline16n0636.xml.gz: No such file or directory
preprocessMEDLINE.sh: line 1: DistFilter: command not found
Error: Could not find or load main class index.CitationFinderASCII
Error: Could not find or load main class index.MedlineTriggerAdder
sample_medline_preprocess_2016.sh: line 637: /home/whatizit/monq/medline/2016/baseline_annotated/medline16n0637.xml.gz: No such file or directory
preprocessMEDLINE.sh: line 1: DistFilter: command not found
Error: Could not find or load main class index.MedlineTriggerAdder
Error: Could not find or load main class index.CitationFinderASCII
sample_medline_preprocess_2016.sh: line 638: /home/whatizit/monq/medline/2016/baseline_annotated/medline16n0638.xml.gz: No such file or directory
preprocessMEDLINE.sh: line 1: DistFilter: command not found
Error: Could not find or load main class index.CitationFinderASCII
Error: Could not find or load main class index.MedlineTriggerAdder
sample_medline_preprocess_2016.sh: line 639: /home/whatizit/monq/medline/2016/baseline_annotated/medline16n0639.xml.gz: No such file or directory
preprocessMEDLINE.sh: line 1: DistFilter: command not found
Error: Could not find or load main class index.MedlineTriggerAdder
Error: Could not find or load main class index.CitationFinderASCII
sample_medline_preprocess_2016.sh: line 640: /home/whatizit/monq/medline/2016/baseline_annotated/medline16n0640.xml.gz: No such file or directory
preprocessMEDLINE.sh: line 1: DistFilter: command not found
Error: Could not find or load main class index.CitationFinderASCII
Error: Could not find or load main class index.MedlineTriggerAdder
sample_medline_preprocess_2016.sh: line 641: /home/whatizit/monq/medline/2016/baseline_annotated/medline16n0641.xml.gz: No such file or directory
preprocessMEDLINE.sh: line 1: DistFilter: command not found
Error: Could not find or load main class index.CitationFinderASCII
Error: Could not find or load main class index.MedlineTriggerAdder
sample_medline_preprocess_2016.sh: line 642: /home/whatizit/monq/medline/2016/baseline_annotated/medline16n0642.xml.gz: No such file or directory
preprocessMEDLINE.sh: line 1: DistFilter: command not found
Error: Could not find or load main class index.CitationFinderASCII
Error: Could not find or load main class index.MedlineTriggerAdder
sample_medline_preprocess_2016.sh: line 643: /home/whatizit/monq/medline/2016/baseline_annotated/medline16n0643.xml.gz: No such file or directory
preprocessMEDLINE.sh: line 1: DistFilter: command not found
Error: Could not find or load main class index.MedlineTriggerAdder
Error: Could not find or load main class index.CitationFinderASCII
sample_medline_preprocess_2016.sh: line 644: /home/whatizit/monq/medline/2016/baseline_annotated/medline16n0644.xml.gz: No such file or directory
preprocessMEDLINE.sh: line 1: DistFilter: command not found
Error: Could not find or load main class index.MedlineTriggerAdder
Error: Could not find or load main class index.CitationFinderASCII
sample_medline_preprocess_2016.sh: line 645: /home/whatizit/monq/medline/2016/baseline_annotated/medline16n0645.xml.gz: No such file or directory
preprocessMEDLINE.sh: line 1: DistFilter: command not found
Error: Could not find or load main class index.CitationFinderASCII
Error: Could not find or load main class index.MedlineTriggerAdder
sample_medline_preprocess_2016.sh: line 646: /home/whatizit/monq/medline/2016/baseline_annotated/medline16n0646.xml.gz: No such file or directory
preprocessMEDLINE.sh: line 1: DistFilter: command not found
Error: Could not find or load main class index.CitationFinderASCII
Error: Could not find or load main class index.MedlineTriggerAdder
sample_medline_preprocess_2016.sh: line 647: /home/whatizit/monq/medline/2016/baseline_annotated/medline16n0647.xml.gz: No such file or directory
preprocessMEDLINE.sh: line 1: DistFilter: command not found
Error: Could not find or load main class index.CitationFinderASCII
Error: Could not find or load main class index.MedlineTriggerAdder
sample_medline_preprocess_2016.sh: line 648: /home/whatizit/monq/medline/2016/baseline_annotated/medline16n0648.xml.gz: No such file or directory
preprocessMEDLINE.sh: line 1: DistFilter: command not found
Error: Could not find or load main class index.CitationFinderASCII
Error: Could not find or load main class index.MedlineTriggerAdder
sample_medline_preprocess_2016.sh: line 649: /home/whatizit/monq/medline/2016/baseline_annotated/medline16n0649.xml.gz: No such file or directory
preprocessMEDLINE.sh: line 1: DistFilter: command not found
Error: Could not find or load main class index.CitationFinderASCII
Error: Could not find or load main class index.MedlineTriggerAdder
sample_medline_preprocess_2016.sh: line 650: /home/whatizit/monq/medline/2016/baseline_annotated/medline16n0650.xml.gz: No such file or directory
preprocessMEDLINE.sh: line 1: DistFilter: command not found
Error: Could not find or load main class index.CitationFinderASCII
Error: Could not find or load main class index.MedlineTriggerAdder
sample_medline_preprocess_2016.sh: line 651: /home/whatizit/monq/medline/2016/baseline_annotated/medline16n0651.xml.gz: No such file or directory
preprocessMEDLINE.sh: line 1: DistFilter: command not found
Error: Could not find or load main class index.CitationFinderASCII
Error: Could not find or load main class index.MedlineTriggerAdder
sample_medline_preprocess_2016.sh: line 652: /home/whatizit/monq/medline/2016/baseline_annotated/medline16n0652.xml.gz: No such file or directory
preprocessMEDLINE.sh: line 1: DistFilter: command not found
Error: Could not find or load main class index.CitationFinderASCII
Error: Could not find or load main class index.MedlineTriggerAdder
sample_medline_preprocess_2016.sh: line 653: /home/whatizit/monq/medline/2016/baseline_annotated/medline16n0653.xml.gz: No such file or directory
preprocessMEDLINE.sh: line 1: DistFilter: command not found
Error: Could not find or load main class index.MedlineTriggerAdder
Error: Could not find or load main class index.CitationFinderASCII
sample_medline_preprocess_2016.sh: line 654: /home/whatizit/monq/medline/2016/baseline_annotated/medline16n0654.xml.gz: No such file or directory
preprocessMEDLINE.sh: line 1: DistFilter: command not found
Error: Could not find or load main class index.CitationFinderASCII
Error: Could not find or load main class index.MedlineTriggerAdder
sample_medline_preprocess_2016.sh: line 655: /home/whatizit/monq/medline/2016/baseline_annotated/medline16n0655.xml.gz: No such file or directory
preprocessMEDLINE.sh: line 1: DistFilter: command not found
Error: Could not find or load main class index.CitationFinderASCII
Error: Could not find or load main class index.MedlineTriggerAdder
sample_medline_preprocess_2016.sh: line 656: /home/whatizit/monq/medline/2016/baseline_annotated/medline16n0656.xml.gz: No such file or directory
preprocessMEDLINE.sh: line 1: DistFilter: command not found
Error: Could not find or load main class index.CitationFinderASCII
Error: Could not find or load main class index.MedlineTriggerAdder
sample_medline_preprocess_2016.sh: line 657: /home/whatizit/monq/medline/2016/baseline_annotated/medline16n0657.xml.gz: No such file or directory
preprocessMEDLINE.sh: line 1: DistFilter: command not found
Error: Could not find or load main class index.MedlineTriggerAdder
Error: Could not find or load main class index.CitationFinderASCII
sample_medline_preprocess_2016.sh: line 658: /home/whatizit/monq/medline/2016/baseline_annotated/medline16n0658.xml.gz: No such file or directory
preprocessMEDLINE.sh: line 1: DistFilter: command not found
Error: Could not find or load main class index.MedlineTriggerAdder
Error: Could not find or load main class index.CitationFinderASCII
sample_medline_preprocess_2016.sh: line 659: /home/whatizit/monq/medline/2016/baseline_annotated/medline16n0659.xml.gz: No such file or directory
preprocessMEDLINE.sh: line 1: DistFilter: command not found
Error: Could not find or load main class index.CitationFinderASCII
Error: Could not find or load main class index.MedlineTriggerAdder
sample_medline_preprocess_2016.sh: line 660: /home/whatizit/monq/medline/2016/baseline_annotated/medline16n0660.xml.gz: No such file or directory
preprocessMEDLINE.sh: line 1: DistFilter: command not found
Error: Could not find or load main class index.MedlineTriggerAdder
Error: Could not find or load main class index.CitationFinderASCII
sample_medline_preprocess_2016.sh: line 661: /home/whatizit/monq/medline/2016/baseline_annotated/medline16n0661.xml.gz: No such file or directory
preprocessMEDLINE.sh: line 1: DistFilter: command not found
Error: Could not find or load main class index.MedlineTriggerAdderError: Could not find or load main class index.CitationFinderASCII

sample_medline_preprocess_2016.sh: line 662: /home/whatizit/monq/medline/2016/baseline_annotated/medline16n0662.xml.gz: No such file or directory
preprocessMEDLINE.sh: line 1: DistFilter: command not found
Error: Could not find or load main class index.CitationFinderASCII
Error: Could not find or load main class index.MedlineTriggerAdder
sample_medline_preprocess_2016.sh: line 663: /home/whatizit/monq/medline/2016/baseline_annotated/medline16n0663.xml.gz: No such file or directory
preprocessMEDLINE.sh: line 1: DistFilter: command not found
Error: Could not find or load main class index.CitationFinderASCIIError: Could not find or load main class index.MedlineTriggerAdder

sample_medline_preprocess_2016.sh: line 664: /home/whatizit/monq/medline/2016/baseline_annotated/medline16n0664.xml.gz: No such file or directory
preprocessMEDLINE.sh: line 1: DistFilter: command not found
Error: Could not find or load main class index.CitationFinderASCII
Error: Could not find or load main class index.MedlineTriggerAdder
sample_medline_preprocess_2016.sh: line 665: /home/whatizit/monq/medline/2016/baseline_annotated/medline16n0665.xml.gz: No such file or directory
preprocessMEDLINE.sh: line 1: DistFilter: command not found
Error: Could not find or load main class index.MedlineTriggerAdder
Error: Could not find or load main class index.CitationFinderASCII
sample_medline_preprocess_2016.sh: line 666: /home/whatizit/monq/medline/2016/baseline_annotated/medline16n0666.xml.gz: No such file or directory
preprocessMEDLINE.sh: line 1: DistFilter: command not found
Error: Could not find or load main class index.CitationFinderASCII
Error: Could not find or load main class index.MedlineTriggerAdder
sample_medline_preprocess_2016.sh: line 667: /home/whatizit/monq/medline/2016/baseline_annotated/medline16n0667.xml.gz: No such file or directory
preprocessMEDLINE.sh: line 1: DistFilter: command not found
Error: Could not find or load main class index.MedlineTriggerAdder
Error: Could not find or load main class index.CitationFinderASCII
sample_medline_preprocess_2016.sh: line 668: /home/whatizit/monq/medline/2016/baseline_annotated/medline16n0668.xml.gz: No such file or directory
preprocessMEDLINE.sh: line 1: DistFilter: command not found
Error: Could not find or load main class index.CitationFinderASCII
Error: Could not find or load main class index.MedlineTriggerAdder
sample_medline_preprocess_2016.sh: line 669: /home/whatizit/monq/medline/2016/baseline_annotated/medline16n0669.xml.gz: No such file or directory
preprocessMEDLINE.sh: line 1: DistFilter: command not found
Error: Could not find or load main class index.CitationFinderASCII
Error: Could not find or load main class index.MedlineTriggerAdder
sample_medline_preprocess_2016.sh: line 670: /home/whatizit/monq/medline/2016/baseline_annotated/medline16n0670.xml.gz: No such file or directory
preprocessMEDLINE.sh: line 1: DistFilter: command not found
Error: Could not find or load main class index.CitationFinderASCII
Error: Could not find or load main class index.MedlineTriggerAdder
sample_medline_preprocess_2016.sh: line 671: /home/whatizit/monq/medline/2016/baseline_annotated/medline16n0671.xml.gz: No such file or directory
preprocessMEDLINE.sh: line 1: DistFilter: command not found
Error: Could not find or load main class index.MedlineTriggerAdder
Error: Could not find or load main class index.CitationFinderASCII
sample_medline_preprocess_2016.sh: line 672: /home/whatizit/monq/medline/2016/baseline_annotated/medline16n0672.xml.gz: No such file or directory
preprocessMEDLINE.sh: line 1: DistFilter: command not found
Error: Could not find or load main class index.CitationFinderASCII
Error: Could not find or load main class index.MedlineTriggerAdder
sample_medline_preprocess_2016.sh: line 673: /home/whatizit/monq/medline/2016/baseline_annotated/medline16n0673.xml.gz: No such file or directory
preprocessMEDLINE.sh: line 1: DistFilter: command not found
Error: Could not find or load main class index.CitationFinderASCII
Error: Could not find or load main class index.MedlineTriggerAdder
sample_medline_preprocess_2016.sh: line 674: /home/whatizit/monq/medline/2016/baseline_annotated/medline16n0674.xml.gz: No such file or directory
preprocessMEDLINE.sh: line 1: DistFilter: command not found
Error: Could not find or load main class index.MedlineTriggerAdderError: Could not find or load main class index.CitationFinderASCII

sample_medline_preprocess_2016.sh: line 675: /home/whatizit/monq/medline/2016/baseline_annotated/medline16n0675.xml.gz: No such file or directory
preprocessMEDLINE.sh: line 1: DistFilter: command not found
Error: Could not find or load main class index.MedlineTriggerAdder
Error: Could not find or load main class index.CitationFinderASCII
sample_medline_preprocess_2016.sh: line 676: /home/whatizit/monq/medline/2016/baseline_annotated/medline16n0676.xml.gz: No such file or directory
preprocessMEDLINE.sh: line 1: DistFilter: command not found
Error: Could not find or load main class index.MedlineTriggerAdder
Error: Could not find or load main class index.CitationFinderASCII
sample_medline_preprocess_2016.sh: line 677: /home/whatizit/monq/medline/2016/baseline_annotated/medline16n0677.xml.gz: No such file or directory
preprocessMEDLINE.sh: line 1: DistFilter: command not found
Error: Could not find or load main class index.CitationFinderASCII
Error: Could not find or load main class index.MedlineTriggerAdder
sample_medline_preprocess_2016.sh: line 678: /home/whatizit/monq/medline/2016/baseline_annotated/medline16n0678.xml.gz: No such file or directory
preprocessMEDLINE.sh: line 1: DistFilter: command not found
Error: Could not find or load main class index.CitationFinderASCII
Error: Could not find or load main class index.MedlineTriggerAdder
sample_medline_preprocess_2016.sh: line 679: /home/whatizit/monq/medline/2016/baseline_annotated/medline16n0679.xml.gz: No such file or directory
preprocessMEDLINE.sh: line 1: DistFilter: command not found
Error: Could not find or load main class index.MedlineTriggerAdder
Error: Could not find or load main class index.CitationFinderASCII
sample_medline_preprocess_2016.sh: line 680: /home/whatizit/monq/medline/2016/baseline_annotated/medline16n0680.xml.gz: No such file or directory
preprocessMEDLINE.sh: line 1: DistFilter: command not found
Error: Could not find or load main class index.CitationFinderASCII
Error: Could not find or load main class index.MedlineTriggerAdder
sample_medline_preprocess_2016.sh: line 681: /home/whatizit/monq/medline/2016/baseline_annotated/medline16n0681.xml.gz: No such file or directory
preprocessMEDLINE.sh: line 1: DistFilter: command not found
Error: Could not find or load main class index.MedlineTriggerAdder
Error: Could not find or load main class index.CitationFinderASCII
sample_medline_preprocess_2016.sh: line 682: /home/whatizit/monq/medline/2016/baseline_annotated/medline16n0682.xml.gz: No such file or directory
preprocessMEDLINE.sh: line 1: DistFilter: command not found
Error: Could not find or load main class index.MedlineTriggerAdder
Error: Could not find or load main class index.CitationFinderASCII
sample_medline_preprocess_2016.sh: line 683: /home/whatizit/monq/medline/2016/baseline_annotated/medline16n0683.xml.gz: No such file or directory
preprocessMEDLINE.sh: line 1: DistFilter: command not found
Error: Could not find or load main class index.CitationFinderASCII
Error: Could not find or load main class index.MedlineTriggerAdder
sample_medline_preprocess_2016.sh: line 684: /home/whatizit/monq/medline/2016/baseline_annotated/medline16n0684.xml.gz: No such file or directory
preprocessMEDLINE.sh: line 1: DistFilter: command not found
Error: Could not find or load main class index.CitationFinderASCII
Error: Could not find or load main class index.MedlineTriggerAdder
sample_medline_preprocess_2016.sh: line 685: /home/whatizit/monq/medline/2016/baseline_annotated/medline16n0685.xml.gz: No such file or directory
preprocessMEDLINE.sh: line 1: DistFilter: command not found
Error: Could not find or load main class index.MedlineTriggerAdder
Error: Could not find or load main class index.CitationFinderASCII
sample_medline_preprocess_2016.sh: line 686: /home/whatizit/monq/medline/2016/baseline_annotated/medline16n0686.xml.gz: No such file or directory
preprocessMEDLINE.sh: line 1: DistFilter: command not found
Error: Could not find or load main class index.CitationFinderASCII
Error: Could not find or load main class index.MedlineTriggerAdder
sample_medline_preprocess_2016.sh: line 687: /home/whatizit/monq/medline/2016/baseline_annotated/medline16n0687.xml.gz: No such file or directory
preprocessMEDLINE.sh: line 1: DistFilter: command not found
Error: Could not find or load main class index.CitationFinderASCII
Error: Could not find or load main class index.MedlineTriggerAdder
sample_medline_preprocess_2016.sh: line 688: /home/whatizit/monq/medline/2016/baseline_annotated/medline16n0688.xml.gz: No such file or directory
preprocessMEDLINE.sh: line 1: DistFilter: command not found
Error: Could not find or load main class index.CitationFinderASCII
Error: Could not find or load main class index.MedlineTriggerAdder
sample_medline_preprocess_2016.sh: line 689: /home/whatizit/monq/medline/2016/baseline_annotated/medline16n0689.xml.gz: No such file or directory
preprocessMEDLINE.sh: line 1: DistFilter: command not found
Error: Could not find or load main class index.CitationFinderASCII
Error: Could not find or load main class index.MedlineTriggerAdder
sample_medline_preprocess_2016.sh: line 690: /home/whatizit/monq/medline/2016/baseline_annotated/medline16n0690.xml.gz: No such file or directory
preprocessMEDLINE.sh: line 1: DistFilter: command not found
Error: Could not find or load main class index.CitationFinderASCII
Error: Could not find or load main class index.MedlineTriggerAdder
sample_medline_preprocess_2016.sh: line 691: /home/whatizit/monq/medline/2016/baseline_annotated/medline16n0691.xml.gz: No such file or directory
preprocessMEDLINE.sh: line 1: DistFilter: command not found
Error: Could not find or load main class index.CitationFinderASCII
Error: Could not find or load main class index.MedlineTriggerAdder
sample_medline_preprocess_2016.sh: line 692: /home/whatizit/monq/medline/2016/baseline_annotated/medline16n0692.xml.gz: No such file or directory
preprocessMEDLINE.sh: line 1: DistFilter: command not found
Error: Could not find or load main class index.CitationFinderASCII
Error: Could not find or load main class index.MedlineTriggerAdder
sample_medline_preprocess_2016.sh: line 693: /home/whatizit/monq/medline/2016/baseline_annotated/medline16n0693.xml.gz: No such file or directory
preprocessMEDLINE.sh: line 1: DistFilter: command not found
Error: Could not find or load main class index.MedlineTriggerAdder
Error: Could not find or load main class index.CitationFinderASCII
sample_medline_preprocess_2016.sh: line 694: /home/whatizit/monq/medline/2016/baseline_annotated/medline16n0694.xml.gz: No such file or directory
preprocessMEDLINE.sh: line 1: DistFilter: command not found
Error: Could not find or load main class index.MedlineTriggerAdder
Error: Could not find or load main class index.CitationFinderASCII
sample_medline_preprocess_2016.sh: line 695: /home/whatizit/monq/medline/2016/baseline_annotated/medline16n0695.xml.gz: No such file or directory
preprocessMEDLINE.sh: line 1: DistFilter: command not found
Error: Could not find or load main class index.CitationFinderASCII
Error: Could not find or load main class index.MedlineTriggerAdder
sample_medline_preprocess_2016.sh: line 696: /home/whatizit/monq/medline/2016/baseline_annotated/medline16n0696.xml.gz: No such file or directory
preprocessMEDLINE.sh: line 1: DistFilter: command not found
Error: Could not find or load main class index.CitationFinderASCII
Error: Could not find or load main class index.MedlineTriggerAdder
sample_medline_preprocess_2016.sh: line 697: /home/whatizit/monq/medline/2016/baseline_annotated/medline16n0697.xml.gz: No such file or directory
preprocessMEDLINE.sh: line 1: DistFilter: command not found
Error: Could not find or load main class index.CitationFinderASCII
Error: Could not find or load main class index.MedlineTriggerAdder
sample_medline_preprocess_2016.sh: line 698: /home/whatizit/monq/medline/2016/baseline_annotated/medline16n0698.xml.gz: No such file or directory
preprocessMEDLINE.sh: line 1: DistFilter: command not found
Error: Could not find or load main class index.CitationFinderASCII
Error: Could not find or load main class index.MedlineTriggerAdder
sample_medline_preprocess_2016.sh: line 699: /home/whatizit/monq/medline/2016/baseline_annotated/medline16n0699.xml.gz: No such file or directory
preprocessMEDLINE.sh: line 1: DistFilter: command not found
Error: Could not find or load main class index.MedlineTriggerAdder
Error: Could not find or load main class index.CitationFinderASCII
sample_medline_preprocess_2016.sh: line 700: /home/whatizit/monq/medline/2016/baseline_annotated/medline16n0700.xml.gz: No such file or directory
preprocessMEDLINE.sh: line 1: DistFilter: command not found
Error: Could not find or load main class index.CitationFinderASCII
Error: Could not find or load main class index.MedlineTriggerAdder
sample_medline_preprocess_2016.sh: line 701: /home/whatizit/monq/medline/2016/baseline_annotated/medline16n0701.xml.gz: No such file or directory
preprocessMEDLINE.sh: line 1: DistFilter: command not found
Error: Could not find or load main class index.MedlineTriggerAdder
Error: Could not find or load main class index.CitationFinderASCII
sample_medline_preprocess_2016.sh: line 702: /home/whatizit/monq/medline/2016/baseline_annotated/medline16n0702.xml.gz: No such file or directory
preprocessMEDLINE.sh: line 1: DistFilter: command not found
Error: Could not find or load main class index.MedlineTriggerAdder
Error: Could not find or load main class index.CitationFinderASCII
sample_medline_preprocess_2016.sh: line 703: /home/whatizit/monq/medline/2016/baseline_annotated/medline16n0703.xml.gz: No such file or directory
preprocessMEDLINE.sh: line 1: DistFilter: command not found
Error: Could not find or load main class index.CitationFinderASCII
Error: Could not find or load main class index.MedlineTriggerAdder
sample_medline_preprocess_2016.sh: line 704: /home/whatizit/monq/medline/2016/baseline_annotated/medline16n0704.xml.gz: No such file or directory
preprocessMEDLINE.sh: line 1: DistFilter: command not found
Error: Could not find or load main class index.MedlineTriggerAdder
Error: Could not find or load main class index.CitationFinderASCII
sample_medline_preprocess_2016.sh: line 705: /home/whatizit/monq/medline/2016/baseline_annotated/medline16n0705.xml.gz: No such file or directory
preprocessMEDLINE.sh: line 1: DistFilter: command not found
Error: Could not find or load main class index.MedlineTriggerAdder
Error: Could not find or load main class index.CitationFinderASCII
sample_medline_preprocess_2016.sh: line 706: /home/whatizit/monq/medline/2016/baseline_annotated/medline16n0706.xml.gz: No such file or directory
preprocessMEDLINE.sh: line 1: DistFilter: command not found
Error: Could not find or load main class index.CitationFinderASCII
Error: Could not find or load main class index.MedlineTriggerAdder
sample_medline_preprocess_2016.sh: line 707: /home/whatizit/monq/medline/2016/baseline_annotated/medline16n0707.xml.gz: No such file or directory
preprocessMEDLINE.sh: line 1: DistFilter: command not found
Error: Could not find or load main class index.CitationFinderASCIIError: Could not find or load main class index.MedlineTriggerAdder

sample_medline_preprocess_2016.sh: line 708: /home/whatizit/monq/medline/2016/baseline_annotated/medline16n0708.xml.gz: No such file or directory
preprocessMEDLINE.sh: line 1: DistFilter: command not found
Error: Could not find or load main class index.CitationFinderASCII
Error: Could not find or load main class index.MedlineTriggerAdder
sample_medline_preprocess_2016.sh: line 709: /home/whatizit/monq/medline/2016/baseline_annotated/medline16n0709.xml.gz: No such file or directory
preprocessMEDLINE.sh: line 1: DistFilter: command not found
Error: Could not find or load main class index.CitationFinderASCII
Error: Could not find or load main class index.MedlineTriggerAdder
sample_medline_preprocess_2016.sh: line 710: /home/whatizit/monq/medline/2016/baseline_annotated/medline16n0710.xml.gz: No such file or directory
preprocessMEDLINE.sh: line 1: DistFilter: command not found
Error: Could not find or load main class index.CitationFinderASCII
Error: Could not find or load main class index.MedlineTriggerAdder
sample_medline_preprocess_2016.sh: line 711: /home/whatizit/monq/medline/2016/baseline_annotated/medline16n0711.xml.gz: No such file or directory
preprocessMEDLINE.sh: line 1: DistFilter: command not found
Error: Could not find or load main class index.MedlineTriggerAdder
Error: Could not find or load main class index.CitationFinderASCII
sample_medline_preprocess_2016.sh: line 712: /home/whatizit/monq/medline/2016/baseline_annotated/medline16n0712.xml.gz: No such file or directory
preprocessMEDLINE.sh: line 1: DistFilter: command not found
Error: Could not find or load main class index.MedlineTriggerAdder
Error: Could not find or load main class index.CitationFinderASCII
sample_medline_preprocess_2016.sh: line 713: /home/whatizit/monq/medline/2016/baseline_annotated/medline16n0713.xml.gz: No such file or directory
preprocessMEDLINE.sh: line 1: DistFilter: command not found
Error: Could not find or load main class index.CitationFinderASCIIError: Could not find or load main class index.MedlineTriggerAdder

sample_medline_preprocess_2016.sh: line 714: /home/whatizit/monq/medline/2016/baseline_annotated/medline16n0714.xml.gz: No such file or directory
preprocessMEDLINE.sh: line 1: DistFilter: command not found
Error: Could not find or load main class index.CitationFinderASCII
Error: Could not find or load main class index.MedlineTriggerAdder
sample_medline_preprocess_2016.sh: line 715: /home/whatizit/monq/medline/2016/baseline_annotated/medline16n0715.xml.gz: No such file or directory
preprocessMEDLINE.sh: line 1: DistFilter: command not found
Error: Could not find or load main class index.CitationFinderASCII
Error: Could not find or load main class index.MedlineTriggerAdder
sample_medline_preprocess_2016.sh: line 716: /home/whatizit/monq/medline/2016/baseline_annotated/medline16n0716.xml.gz: No such file or directory
preprocessMEDLINE.sh: line 1: DistFilter: command not found
Error: Could not find or load main class index.MedlineTriggerAdder
Error: Could not find or load main class index.CitationFinderASCII
sample_medline_preprocess_2016.sh: line 717: /home/whatizit/monq/medline/2016/baseline_annotated/medline16n0717.xml.gz: No such file or directory
preprocessMEDLINE.sh: line 1: DistFilter: command not found
Error: Could not find or load main class index.CitationFinderASCII
Error: Could not find or load main class index.MedlineTriggerAdder
sample_medline_preprocess_2016.sh: line 718: /home/whatizit/monq/medline/2016/baseline_annotated/medline16n0718.xml.gz: No such file or directory
preprocessMEDLINE.sh: line 1: DistFilter: command not found
Error: Could not find or load main class index.MedlineTriggerAdder
Error: Could not find or load main class index.CitationFinderASCII
sample_medline_preprocess_2016.sh: line 719: /home/whatizit/monq/medline/2016/baseline_annotated/medline16n0719.xml.gz: No such file or directory
preprocessMEDLINE.sh: line 1: DistFilter: command not found
Error: Could not find or load main class index.CitationFinderASCII
Error: Could not find or load main class index.MedlineTriggerAdder
sample_medline_preprocess_2016.sh: line 720: /home/whatizit/monq/medline/2016/baseline_annotated/medline16n0720.xml.gz: No such file or directory
preprocessMEDLINE.sh: line 1: DistFilter: command not found
Error: Could not find or load main class index.CitationFinderASCII
Error: Could not find or load main class index.MedlineTriggerAdder
sample_medline_preprocess_2016.sh: line 721: /home/whatizit/monq/medline/2016/baseline_annotated/medline16n0721.xml.gz: No such file or directory
preprocessMEDLINE.sh: line 1: DistFilter: command not found
Error: Could not find or load main class index.CitationFinderASCII
Error: Could not find or load main class index.MedlineTriggerAdder
sample_medline_preprocess_2016.sh: line 722: /home/whatizit/monq/medline/2016/baseline_annotated/medline16n0722.xml.gz: No such file or directory
preprocessMEDLINE.sh: line 1: DistFilter: command not found
Error: Could not find or load main class index.MedlineTriggerAdder
Error: Could not find or load main class index.CitationFinderASCII
sample_medline_preprocess_2016.sh: line 723: /home/whatizit/monq/medline/2016/baseline_annotated/medline16n0723.xml.gz: No such file or directory
preprocessMEDLINE.sh: line 1: DistFilter: command not found
Error: Could not find or load main class index.CitationFinderASCII
Error: Could not find or load main class index.MedlineTriggerAdder
sample_medline_preprocess_2016.sh: line 724: /home/whatizit/monq/medline/2016/baseline_annotated/medline16n0724.xml.gz: No such file or directory
preprocessMEDLINE.sh: line 1: DistFilter: command not found
Error: Could not find or load main class index.CitationFinderASCII
Error: Could not find or load main class index.MedlineTriggerAdder
sample_medline_preprocess_2016.sh: line 725: /home/whatizit/monq/medline/2016/baseline_annotated/medline16n0725.xml.gz: No such file or directory
preprocessMEDLINE.sh: line 1: DistFilter: command not found
Error: Could not find or load main class index.CitationFinderASCII
Error: Could not find or load main class index.MedlineTriggerAdder
sample_medline_preprocess_2016.sh: line 726: /home/whatizit/monq/medline/2016/baseline_annotated/medline16n0726.xml.gz: No such file or directory
preprocessMEDLINE.sh: line 1: DistFilter: command not found
Error: Could not find or load main class index.CitationFinderASCII
Error: Could not find or load main class index.MedlineTriggerAdder
sample_medline_preprocess_2016.sh: line 727: /home/whatizit/monq/medline/2016/baseline_annotated/medline16n0727.xml.gz: No such file or directory
preprocessMEDLINE.sh: line 1: DistFilter: command not found
Error: Could not find or load main class index.CitationFinderASCII
Error: Could not find or load main class index.MedlineTriggerAdder
sample_medline_preprocess_2016.sh: line 728: /home/whatizit/monq/medline/2016/baseline_annotated/medline16n0728.xml.gz: No such file or directory
preprocessMEDLINE.sh: line 1: DistFilter: command not found
Error: Could not find or load main class index.CitationFinderASCII
Error: Could not find or load main class index.MedlineTriggerAdder
sample_medline_preprocess_2016.sh: line 729: /home/whatizit/monq/medline/2016/baseline_annotated/medline16n0729.xml.gz: No such file or directory
preprocessMEDLINE.sh: line 1: DistFilter: command not found
Error: Could not find or load main class index.MedlineTriggerAdder
Error: Could not find or load main class index.CitationFinderASCII
sample_medline_preprocess_2016.sh: line 730: /home/whatizit/monq/medline/2016/baseline_annotated/medline16n0730.xml.gz: No such file or directory
preprocessMEDLINE.sh: line 1: DistFilter: command not found
Error: Could not find or load main class index.CitationFinderASCII
Error: Could not find or load main class index.MedlineTriggerAdder
sample_medline_preprocess_2016.sh: line 731: /home/whatizit/monq/medline/2016/baseline_annotated/medline16n0731.xml.gz: No such file or directory
preprocessMEDLINE.sh: line 1: DistFilter: command not found
Error: Could not find or load main class index.CitationFinderASCII
Error: Could not find or load main class index.MedlineTriggerAdder
sample_medline_preprocess_2016.sh: line 732: /home/whatizit/monq/medline/2016/baseline_annotated/medline16n0732.xml.gz: No such file or directory
preprocessMEDLINE.sh: line 1: DistFilter: command not found
Error: Could not find or load main class index.MedlineTriggerAdder
Error: Could not find or load main class index.CitationFinderASCII
sample_medline_preprocess_2016.sh: line 733: /home/whatizit/monq/medline/2016/baseline_annotated/medline16n0733.xml.gz: No such file or directory
preprocessMEDLINE.sh: line 1: DistFilter: command not found
Error: Could not find or load main class index.CitationFinderASCII
Error: Could not find or load main class index.MedlineTriggerAdder
sample_medline_preprocess_2016.sh: line 734: /home/whatizit/monq/medline/2016/baseline_annotated/medline16n0734.xml.gz: No such file or directory
preprocessMEDLINE.sh: line 1: DistFilter: command not found
Error: Could not find or load main class index.MedlineTriggerAdder
Error: Could not find or load main class index.CitationFinderASCII
sample_medline_preprocess_2016.sh: line 735: /home/whatizit/monq/medline/2016/baseline_annotated/medline16n0735.xml.gz: No such file or directory
preprocessMEDLINE.sh: line 1: DistFilter: command not found
Error: Could not find or load main class index.MedlineTriggerAdder
Error: Could not find or load main class index.CitationFinderASCII
sample_medline_preprocess_2016.sh: line 736: /home/whatizit/monq/medline/2016/baseline_annotated/medline16n0736.xml.gz: No such file or directory
preprocessMEDLINE.sh: line 1: DistFilter: command not found
Error: Could not find or load main class index.CitationFinderASCII
Error: Could not find or load main class index.MedlineTriggerAdder
sample_medline_preprocess_2016.sh: line 737: /home/whatizit/monq/medline/2016/baseline_annotated/medline16n0737.xml.gz: No such file or directory
preprocessMEDLINE.sh: line 1: DistFilter: command not found
Error: Could not find or load main class index.CitationFinderASCII
Error: Could not find or load main class index.MedlineTriggerAdder
sample_medline_preprocess_2016.sh: line 738: /home/whatizit/monq/medline/2016/baseline_annotated/medline16n0738.xml.gz: No such file or directory
preprocessMEDLINE.sh: line 1: DistFilter: command not found
Error: Could not find or load main class index.MedlineTriggerAdderError: Could not find or load main class index.CitationFinderASCII

sample_medline_preprocess_2016.sh: line 739: /home/whatizit/monq/medline/2016/baseline_annotated/medline16n0739.xml.gz: No such file or directory
preprocessMEDLINE.sh: line 1: DistFilter: command not found
Error: Could not find or load main class index.MedlineTriggerAdder
Error: Could not find or load main class index.CitationFinderASCII
sample_medline_preprocess_2016.sh: line 740: /home/whatizit/monq/medline/2016/baseline_annotated/medline16n0740.xml.gz: No such file or directory
preprocessMEDLINE.sh: line 1: DistFilter: command not found
Error: Could not find or load main class index.MedlineTriggerAdder
Error: Could not find or load main class index.CitationFinderASCII
sample_medline_preprocess_2016.sh: line 741: /home/whatizit/monq/medline/2016/baseline_annotated/medline16n0741.xml.gz: No such file or directory
preprocessMEDLINE.sh: line 1: DistFilter: command not found
Error: Could not find or load main class index.MedlineTriggerAdder
Error: Could not find or load main class index.CitationFinderASCII
sample_medline_preprocess_2016.sh: line 742: /home/whatizit/monq/medline/2016/baseline_annotated/medline16n0742.xml.gz: No such file or directory
preprocessMEDLINE.sh: line 1: DistFilter: command not found
Error: Could not find or load main class index.MedlineTriggerAdder
Error: Could not find or load main class index.CitationFinderASCII
sample_medline_preprocess_2016.sh: line 743: /home/whatizit/monq/medline/2016/baseline_annotated/medline16n0743.xml.gz: No such file or directory
preprocessMEDLINE.sh: line 1: DistFilter: command not found
Error: Could not find or load main class index.CitationFinderASCII
Error: Could not find or load main class index.MedlineTriggerAdder
sample_medline_preprocess_2016.sh: line 744: /home/whatizit/monq/medline/2016/baseline_annotated/medline16n0744.xml.gz: No such file or directory
preprocessMEDLINE.sh: line 1: DistFilter: command not found
Error: Could not find or load main class index.CitationFinderASCII
Error: Could not find or load main class index.MedlineTriggerAdder
sample_medline_preprocess_2016.sh: line 745: /home/whatizit/monq/medline/2016/baseline_annotated/medline16n0745.xml.gz: No such file or directory
preprocessMEDLINE.sh: line 1: DistFilter: command not found
Error: Could not find or load main class index.MedlineTriggerAdder
Error: Could not find or load main class index.CitationFinderASCII
sample_medline_preprocess_2016.sh: line 746: /home/whatizit/monq/medline/2016/baseline_annotated/medline16n0746.xml.gz: No such file or directory
preprocessMEDLINE.sh: line 1: DistFilter: command not found
Error: Could not find or load main class index.CitationFinderASCII
Error: Could not find or load main class index.MedlineTriggerAdder
sample_medline_preprocess_2016.sh: line 747: /home/whatizit/monq/medline/2016/baseline_annotated/medline16n0747.xml.gz: No such file or directory
preprocessMEDLINE.sh: line 1: DistFilter: command not found
Error: Could not find or load main class index.CitationFinderASCII
Error: Could not find or load main class index.MedlineTriggerAdder
sample_medline_preprocess_2016.sh: line 748: /home/whatizit/monq/medline/2016/baseline_annotated/medline16n0748.xml.gz: No such file or directory
preprocessMEDLINE.sh: line 1: DistFilter: command not found
Error: Could not find or load main class index.CitationFinderASCII
Error: Could not find or load main class index.MedlineTriggerAdder
sample_medline_preprocess_2016.sh: line 749: /home/whatizit/monq/medline/2016/baseline_annotated/medline16n0749.xml.gz: No such file or directory
preprocessMEDLINE.sh: line 1: DistFilter: command not found
Error: Could not find or load main class index.CitationFinderASCII
Error: Could not find or load main class index.MedlineTriggerAdder
sample_medline_preprocess_2016.sh: line 750: /home/whatizit/monq/medline/2016/baseline_annotated/medline16n0750.xml.gz: No such file or directory
preprocessMEDLINE.sh: line 1: DistFilter: command not found
Error: Could not find or load main class index.CitationFinderASCII
Error: Could not find or load main class index.MedlineTriggerAdder
sample_medline_preprocess_2016.sh: line 751: /home/whatizit/monq/medline/2016/baseline_annotated/medline16n0751.xml.gz: No such file or directory
preprocessMEDLINE.sh: line 1: DistFilter: command not found
Error: Could not find or load main class index.CitationFinderASCII
Error: Could not find or load main class index.MedlineTriggerAdder
sample_medline_preprocess_2016.sh: line 752: /home/whatizit/monq/medline/2016/baseline_annotated/medline16n0752.xml.gz: No such file or directory
preprocessMEDLINE.sh: line 1: DistFilter: command not found
Error: Could not find or load main class index.MedlineTriggerAdder
Error: Could not find or load main class index.CitationFinderASCII
sample_medline_preprocess_2016.sh: line 753: /home/whatizit/monq/medline/2016/baseline_annotated/medline16n0753.xml.gz: No such file or directory
preprocessMEDLINE.sh: line 1: DistFilter: command not found
Error: Could not find or load main class index.CitationFinderASCII
Error: Could not find or load main class index.MedlineTriggerAdder
sample_medline_preprocess_2016.sh: line 754: /home/whatizit/monq/medline/2016/baseline_annotated/medline16n0754.xml.gz: No such file or directory
preprocessMEDLINE.sh: line 1: DistFilter: command not found
Error: Could not find or load main class index.MedlineTriggerAdder
Error: Could not find or load main class index.CitationFinderASCII
sample_medline_preprocess_2016.sh: line 755: /home/whatizit/monq/medline/2016/baseline_annotated/medline16n0755.xml.gz: No such file or directory
preprocessMEDLINE.sh: line 1: DistFilter: command not found
Error: Could not find or load main class index.MedlineTriggerAdder
Error: Could not find or load main class index.CitationFinderASCII
sample_medline_preprocess_2016.sh: line 756: /home/whatizit/monq/medline/2016/baseline_annotated/medline16n0756.xml.gz: No such file or directory
preprocessMEDLINE.sh: line 1: DistFilter: command not found
Error: Could not find or load main class index.CitationFinderASCII
Error: Could not find or load main class index.MedlineTriggerAdder
sample_medline_preprocess_2016.sh: line 757: /home/whatizit/monq/medline/2016/baseline_annotated/medline16n0757.xml.gz: No such file or directory
preprocessMEDLINE.sh: line 1: DistFilter: command not found
Error: Could not find or load main class index.CitationFinderASCII
Error: Could not find or load main class index.MedlineTriggerAdder
sample_medline_preprocess_2016.sh: line 758: /home/whatizit/monq/medline/2016/baseline_annotated/medline16n0758.xml.gz: No such file or directory
preprocessMEDLINE.sh: line 1: DistFilter: command not found
Error: Could not find or load main class index.MedlineTriggerAdder
Error: Could not find or load main class index.CitationFinderASCII
sample_medline_preprocess_2016.sh: line 759: /home/whatizit/monq/medline/2016/baseline_annotated/medline16n0759.xml.gz: No such file or directory
preprocessMEDLINE.sh: line 1: DistFilter: command not found
Error: Could not find or load main class index.CitationFinderASCII
Error: Could not find or load main class index.MedlineTriggerAdder
sample_medline_preprocess_2016.sh: line 760: /home/whatizit/monq/medline/2016/baseline_annotated/medline16n0760.xml.gz: No such file or directory
preprocessMEDLINE.sh: line 1: DistFilter: command not found
Error: Could not find or load main class index.MedlineTriggerAdder
Error: Could not find or load main class index.CitationFinderASCII
sample_medline_preprocess_2016.sh: line 761: /home/whatizit/monq/medline/2016/baseline_annotated/medline16n0761.xml.gz: No such file or directory
preprocessMEDLINE.sh: line 1: DistFilter: command not found
Error: Could not find or load main class index.CitationFinderASCII
Error: Could not find or load main class index.MedlineTriggerAdder
sample_medline_preprocess_2016.sh: line 762: /home/whatizit/monq/medline/2016/baseline_annotated/medline16n0762.xml.gz: No such file or directory
preprocessMEDLINE.sh: line 1: DistFilter: command not found
Error: Could not find or load main class index.CitationFinderASCII
Error: Could not find or load main class index.MedlineTriggerAdder
sample_medline_preprocess_2016.sh: line 763: /home/whatizit/monq/medline/2016/baseline_annotated/medline16n0763.xml.gz: No such file or directory
preprocessMEDLINE.sh: line 1: DistFilter: command not found
Error: Could not find or load main class index.CitationFinderASCII
Error: Could not find or load main class index.MedlineTriggerAdder
sample_medline_preprocess_2016.sh: line 764: /home/whatizit/monq/medline/2016/baseline_annotated/medline16n0764.xml.gz: No such file or directory
preprocessMEDLINE.sh: line 1: DistFilter: command not found
Error: Could not find or load main class index.CitationFinderASCII
Error: Could not find or load main class index.MedlineTriggerAdder
sample_medline_preprocess_2016.sh: line 765: /home/whatizit/monq/medline/2016/baseline_annotated/medline16n0765.xml.gz: No such file or directory
preprocessMEDLINE.sh: line 1: DistFilter: command not found
Error: Could not find or load main class index.MedlineTriggerAdder
Error: Could not find or load main class index.CitationFinderASCII
sample_medline_preprocess_2016.sh: line 766: /home/whatizit/monq/medline/2016/baseline_annotated/medline16n0766.xml.gz: No such file or directory
preprocessMEDLINE.sh: line 1: DistFilter: command not found
Error: Could not find or load main class index.CitationFinderASCII
Error: Could not find or load main class index.MedlineTriggerAdder
sample_medline_preprocess_2016.sh: line 767: /home/whatizit/monq/medline/2016/baseline_annotated/medline16n0767.xml.gz: No such file or directory
preprocessMEDLINE.sh: line 1: DistFilter: command not found
Error: Could not find or load main class index.CitationFinderASCII
Error: Could not find or load main class index.MedlineTriggerAdder
sample_medline_preprocess_2016.sh: line 768: /home/whatizit/monq/medline/2016/baseline_annotated/medline16n0768.xml.gz: No such file or directory
preprocessMEDLINE.sh: line 1: DistFilter: command not found
Error: Could not find or load main class index.CitationFinderASCII
Error: Could not find or load main class index.MedlineTriggerAdder
sample_medline_preprocess_2016.sh: line 769: /home/whatizit/monq/medline/2016/baseline_annotated/medline16n0769.xml.gz: No such file or directory
preprocessMEDLINE.sh: line 1: DistFilter: command not found
Error: Could not find or load main class index.MedlineTriggerAdder
Error: Could not find or load main class index.CitationFinderASCII
sample_medline_preprocess_2016.sh: line 770: /home/whatizit/monq/medline/2016/baseline_annotated/medline16n0770.xml.gz: No such file or directory
preprocessMEDLINE.sh: line 1: DistFilter: command not found
Error: Could not find or load main class index.MedlineTriggerAdder
Error: Could not find or load main class index.CitationFinderASCII
sample_medline_preprocess_2016.sh: line 771: /home/whatizit/monq/medline/2016/baseline_annotated/medline16n0771.xml.gz: No such file or directory
preprocessMEDLINE.sh: line 1: DistFilter: command not found
Error: Could not find or load main class index.CitationFinderASCII
Error: Could not find or load main class index.MedlineTriggerAdder
sample_medline_preprocess_2016.sh: line 772: /home/whatizit/monq/medline/2016/baseline_annotated/medline16n0772.xml.gz: No such file or directory
preprocessMEDLINE.sh: line 1: DistFilter: command not found
Error: Could not find or load main class index.CitationFinderASCII
Error: Could not find or load main class index.MedlineTriggerAdder
sample_medline_preprocess_2016.sh: line 773: /home/whatizit/monq/medline/2016/baseline_annotated/medline16n0773.xml.gz: No such file or directory
preprocessMEDLINE.sh: line 1: DistFilter: command not found
Error: Could not find or load main class index.MedlineTriggerAdder
Error: Could not find or load main class index.CitationFinderASCII
sample_medline_preprocess_2016.sh: line 774: /home/whatizit/monq/medline/2016/baseline_annotated/medline16n0774.xml.gz: No such file or directory
preprocessMEDLINE.sh: line 1: DistFilter: command not found
Error: Could not find or load main class index.CitationFinderASCII
Error: Could not find or load main class index.MedlineTriggerAdder
sample_medline_preprocess_2016.sh: line 775: /home/whatizit/monq/medline/2016/baseline_annotated/medline16n0775.xml.gz: No such file or directory
preprocessMEDLINE.sh: line 1: DistFilter: command not found
Error: Could not find or load main class index.CitationFinderASCII
Error: Could not find or load main class index.MedlineTriggerAdder
sample_medline_preprocess_2016.sh: line 776: /home/whatizit/monq/medline/2016/baseline_annotated/medline16n0776.xml.gz: No such file or directory
preprocessMEDLINE.sh: line 1: DistFilter: command not found
Error: Could not find or load main class index.CitationFinderASCII
Error: Could not find or load main class index.MedlineTriggerAdder
sample_medline_preprocess_2016.sh: line 777: /home/whatizit/monq/medline/2016/baseline_annotated/medline16n0777.xml.gz: No such file or directory
preprocessMEDLINE.sh: line 1: DistFilter: command not found
Error: Could not find or load main class index.CitationFinderASCII
Error: Could not find or load main class index.MedlineTriggerAdder
sample_medline_preprocess_2016.sh: line 778: /home/whatizit/monq/medline/2016/baseline_annotated/medline16n0778.xml.gz: No such file or directory
preprocessMEDLINE.sh: line 1: DistFilter: command not found
Error: Could not find or load main class index.CitationFinderASCII
Error: Could not find or load main class index.MedlineTriggerAdder
sample_medline_preprocess_2016.sh: line 779: /home/whatizit/monq/medline/2016/baseline_annotated/medline16n0779.xml.gz: No such file or directory
preprocessMEDLINE.sh: line 1: DistFilter: command not found
Error: Could not find or load main class index.MedlineTriggerAdder
Error: Could not find or load main class index.CitationFinderASCII
sample_medline_preprocess_2016.sh: line 780: /home/whatizit/monq/medline/2016/baseline_annotated/medline16n0780.xml.gz: No such file or directory
preprocessMEDLINE.sh: line 1: DistFilter: command not found
Error: Could not find or load main class index.CitationFinderASCII
Error: Could not find or load main class index.MedlineTriggerAdder
sample_medline_preprocess_2016.sh: line 781: /home/whatizit/monq/medline/2016/baseline_annotated/medline16n0781.xml.gz: No such file or directory
preprocessMEDLINE.sh: line 1: DistFilter: command not found
Error: Could not find or load main class index.CitationFinderASCII
Error: Could not find or load main class index.MedlineTriggerAdder
sample_medline_preprocess_2016.sh: line 782: /home/whatizit/monq/medline/2016/baseline_annotated/medline16n0782.xml.gz: No such file or directory
preprocessMEDLINE.sh: line 1: DistFilter: command not found
Error: Could not find or load main class index.CitationFinderASCII
Error: Could not find or load main class index.MedlineTriggerAdder
sample_medline_preprocess_2016.sh: line 783: /home/whatizit/monq/medline/2016/baseline_annotated/medline16n0783.xml.gz: No such file or directory
preprocessMEDLINE.sh: line 1: DistFilter: command not found
Error: Could not find or load main class index.CitationFinderASCII
Error: Could not find or load main class index.MedlineTriggerAdder
sample_medline_preprocess_2016.sh: line 784: /home/whatizit/monq/medline/2016/baseline_annotated/medline16n0784.xml.gz: No such file or directory
preprocessMEDLINE.sh: line 1: DistFilter: command not found
Error: Could not find or load main class index.CitationFinderASCII
Error: Could not find or load main class index.MedlineTriggerAdder
sample_medline_preprocess_2016.sh: line 785: /home/whatizit/monq/medline/2016/baseline_annotated/medline16n0785.xml.gz: No such file or directory
preprocessMEDLINE.sh: line 1: DistFilter: command not found
Error: Could not find or load main class index.CitationFinderASCII
Error: Could not find or load main class index.MedlineTriggerAdder
sample_medline_preprocess_2016.sh: line 786: /home/whatizit/monq/medline/2016/baseline_annotated/medline16n0786.xml.gz: No such file or directory
preprocessMEDLINE.sh: line 1: DistFilter: command not found
Error: Could not find or load main class index.CitationFinderASCII
Error: Could not find or load main class index.MedlineTriggerAdder
sample_medline_preprocess_2016.sh: line 787: /home/whatizit/monq/medline/2016/baseline_annotated/medline16n0787.xml.gz: No such file or directory
preprocessMEDLINE.sh: line 1: DistFilter: command not found
Error: Could not find or load main class index.MedlineTriggerAdder
Error: Could not find or load main class index.CitationFinderASCII
sample_medline_preprocess_2016.sh: line 788: /home/whatizit/monq/medline/2016/baseline_annotated/medline16n0788.xml.gz: No such file or directory
preprocessMEDLINE.sh: line 1: DistFilter: command not found
Error: Could not find or load main class index.MedlineTriggerAdder
Error: Could not find or load main class index.CitationFinderASCII
sample_medline_preprocess_2016.sh: line 789: /home/whatizit/monq/medline/2016/baseline_annotated/medline16n0789.xml.gz: No such file or directory
preprocessMEDLINE.sh: line 1: DistFilter: command not found
Error: Could not find or load main class index.CitationFinderASCII
Error: Could not find or load main class index.MedlineTriggerAdder
sample_medline_preprocess_2016.sh: line 790: /home/whatizit/monq/medline/2016/baseline_annotated/medline16n0790.xml.gz: No such file or directory
preprocessMEDLINE.sh: line 1: DistFilter: command not found
Error: Could not find or load main class index.CitationFinderASCIIError: Could not find or load main class index.MedlineTriggerAdder

sample_medline_preprocess_2016.sh: line 791: /home/whatizit/monq/medline/2016/baseline_annotated/medline16n0791.xml.gz: No such file or directory
preprocessMEDLINE.sh: line 1: DistFilter: command not found
Error: Could not find or load main class index.CitationFinderASCII
Error: Could not find or load main class index.MedlineTriggerAdder
sample_medline_preprocess_2016.sh: line 792: /home/whatizit/monq/medline/2016/baseline_annotated/medline16n0792.xml.gz: No such file or directory
preprocessMEDLINE.sh: line 1: DistFilter: command not found
Error: Could not find or load main class index.CitationFinderASCII
Error: Could not find or load main class index.MedlineTriggerAdder
sample_medline_preprocess_2016.sh: line 793: /home/whatizit/monq/medline/2016/baseline_annotated/medline16n0793.xml.gz: No such file or directory
preprocessMEDLINE.sh: line 1: DistFilter: command not found
Error: Could not find or load main class index.MedlineTriggerAdderError: Could not find or load main class index.CitationFinderASCII

sample_medline_preprocess_2016.sh: line 794: /home/whatizit/monq/medline/2016/baseline_annotated/medline16n0794.xml.gz: No such file or directory
preprocessMEDLINE.sh: line 1: DistFilter: command not found
Error: Could not find or load main class index.CitationFinderASCII
Error: Could not find or load main class index.MedlineTriggerAdder
sample_medline_preprocess_2016.sh: line 795: /home/whatizit/monq/medline/2016/baseline_annotated/medline16n0795.xml.gz: No such file or directory
preprocessMEDLINE.sh: line 1: DistFilter: command not found
Error: Could not find or load main class index.CitationFinderASCII
Error: Could not find or load main class index.MedlineTriggerAdder
sample_medline_preprocess_2016.sh: line 796: /home/whatizit/monq/medline/2016/baseline_annotated/medline16n0796.xml.gz: No such file or directory
preprocessMEDLINE.sh: line 1: DistFilter: command not found
Error: Could not find or load main class index.CitationFinderASCII
Error: Could not find or load main class index.MedlineTriggerAdder
sample_medline_preprocess_2016.sh: line 797: /home/whatizit/monq/medline/2016/baseline_annotated/medline16n0797.xml.gz: No such file or directory
preprocessMEDLINE.sh: line 1: DistFilter: command not found
Error: Could not find or load main class index.CitationFinderASCII
Error: Could not find or load main class index.MedlineTriggerAdder
sample_medline_preprocess_2016.sh: line 798: /home/whatizit/monq/medline/2016/baseline_annotated/medline16n0798.xml.gz: No such file or directory
preprocessMEDLINE.sh: line 1: DistFilter: command not found
Error: Could not find or load main class index.CitationFinderASCII
Error: Could not find or load main class index.MedlineTriggerAdder
sample_medline_preprocess_2016.sh: line 799: /home/whatizit/monq/medline/2016/baseline_annotated/medline16n0799.xml.gz: No such file or directory
preprocessMEDLINE.sh: line 1: DistFilter: command not found
Error: Could not find or load main class index.MedlineTriggerAdder
Error: Could not find or load main class index.CitationFinderASCII
sample_medline_preprocess_2016.sh: line 800: /home/whatizit/monq/medline/2016/baseline_annotated/medline16n0800.xml.gz: No such file or directory
preprocessMEDLINE.sh: line 1: DistFilter: command not found
Error: Could not find or load main class index.CitationFinderASCII
Error: Could not find or load main class index.MedlineTriggerAdder
sample_medline_preprocess_2016.sh: line 801: /home/whatizit/monq/medline/2016/baseline_annotated/medline16n0801.xml.gz: No such file or directory
preprocessMEDLINE.sh: line 1: DistFilter: command not found
Error: Could not find or load main class index.CitationFinderASCII
Error: Could not find or load main class index.MedlineTriggerAdder
sample_medline_preprocess_2016.sh: line 802: /home/whatizit/monq/medline/2016/baseline_annotated/medline16n0802.xml.gz: No such file or directory
preprocessMEDLINE.sh: line 1: DistFilter: command not found
Error: Could not find or load main class index.CitationFinderASCII
Error: Could not find or load main class index.MedlineTriggerAdder
sample_medline_preprocess_2016.sh: line 803: /home/whatizit/monq/medline/2016/baseline_annotated/medline16n0803.xml.gz: No such file or directory
preprocessMEDLINE.sh: line 1: DistFilter: command not found
Error: Could not find or load main class index.CitationFinderASCII
Error: Could not find or load main class index.MedlineTriggerAdder
sample_medline_preprocess_2016.sh: line 804: /home/whatizit/monq/medline/2016/baseline_annotated/medline16n0804.xml.gz: No such file or directory
preprocessMEDLINE.sh: line 1: DistFilter: command not found
Error: Could not find or load main class index.MedlineTriggerAdder
Error: Could not find or load main class index.CitationFinderASCII
sample_medline_preprocess_2016.sh: line 805: /home/whatizit/monq/medline/2016/baseline_annotated/medline16n0805.xml.gz: No such file or directory
preprocessMEDLINE.sh: line 1: DistFilter: command not found
Error: Could not find or load main class index.MedlineTriggerAdder
Error: Could not find or load main class index.CitationFinderASCII
sample_medline_preprocess_2016.sh: line 806: /home/whatizit/monq/medline/2016/baseline_annotated/medline16n0806.xml.gz: No such file or directory
preprocessMEDLINE.sh: line 1: DistFilter: command not found
Error: Could not find or load main class index.CitationFinderASCIIError: Could not find or load main class index.MedlineTriggerAdder

sample_medline_preprocess_2016.sh: line 807: /home/whatizit/monq/medline/2016/baseline_annotated/medline16n0807.xml.gz: No such file or directory
preprocessMEDLINE.sh: line 1: DistFilter: command not found
Error: Could not find or load main class index.CitationFinderASCII
Error: Could not find or load main class index.MedlineTriggerAdder
sample_medline_preprocess_2016.sh: line 808: /home/whatizit/monq/medline/2016/baseline_annotated/medline16n0808.xml.gz: No such file or directory
preprocessMEDLINE.sh: line 1: DistFilter: command not found
Error: Could not find or load main class index.CitationFinderASCII
Error: Could not find or load main class index.MedlineTriggerAdder
sample_medline_preprocess_2016.sh: line 809: /home/whatizit/monq/medline/2016/baseline_annotated/medline16n0809.xml.gz: No such file or directory
preprocessMEDLINE.sh: line 1: DistFilter: command not found
Error: Could not find or load main class index.CitationFinderASCIIError: Could not find or load main class index.MedlineTriggerAdder

sample_medline_preprocess_2016.sh: line 810: /home/whatizit/monq/medline/2016/baseline_annotated/medline16n0810.xml.gz: No such file or directory
preprocessMEDLINE.sh: line 1: DistFilter: command not found
Error: Could not find or load main class index.CitationFinderASCII
Error: Could not find or load main class index.MedlineTriggerAdder
sample_medline_preprocess_2016.sh: line 811: /home/whatizit/monq/medline/2016/baseline_annotated/medline16n0811.xml.gz: No such file or directory
preprocessMEDLINE.sh: line 1: DistFilter: command not found
Error: Could not find or load main class index.CitationFinderASCII
Error: Could not find or load main class index.MedlineTriggerAdder
sample_medline_preprocess_2016.sh: line 812: /home/whatizit/monq/medline/2016/baseline_annotated/medline16n0812.xml.gz: No such file or directory
preprocessMEDLINE.sh: line 1: DistFilter: command not found
Error: Could not find or load main class index.MedlineTriggerAdder
Error: Could not find or load main class index.CitationFinderASCII
preprocessMEDLINE.sh: line 1: DistFilter: command not found
Error: Could not find or load main class index.CitationFinderASCII
Error: Could not find or load main class index.MedlineTriggerAdder
preprocessMEDLINE.sh: line 1: DistFilter: command not found
Error: Could not find or load main class index.MedlineTriggerAdder
Error: Could not find or load main class index.CitationFinderASCII
preprocessMEDLINE.sh: line 1: DistFilter: command not found
Error: Could not find or load main class index.CitationFinderASCII
Error: Could not find or load main class index.MedlineTriggerAdder
preprocessMEDLINE.sh: line 1: DistFilter: command not found
Error: Could not find or load main class index.CitationFinderASCII
Error: Could not find or load main class index.MedlineTriggerAdder
preprocessMEDLINE.sh: line 1: DistFilter: command not found
Error: Could not find or load main class index.CitationFinderASCII
Error: Could not find or load main class index.MedlineTriggerAdder
preprocessMEDLINE.sh: line 1: DistFilter: command not found
Error: Could not find or load main class index.MedlineTriggerAdder
Error: Could not find or load main class index.CitationFinderASCII
preprocessMEDLINE.sh: line 1: DistFilter: command not found
Error: Could not find or load main class index.CitationFinderASCII
Error: Could not find or load main class index.MedlineTriggerAdder
preprocessMEDLINE.sh: line 1: DistFilter: command not found
Error: Could not find or load main class index.CitationFinderASCII
Error: Could not find or load main class index.MedlineTriggerAdder
preprocessMEDLINE.sh: line 1: DistFilter: command not found
Error: Could not find or load main class index.MedlineTriggerAdder
Error: Could not find or load main class index.CitationFinderASCII
preprocessMEDLINE.sh: line 1: DistFilter: command not found
Error: Could not find or load main class index.MedlineTriggerAdder
Error: Could not find or load main class index.CitationFinderASCII
preprocessMEDLINE.sh: line 1: DistFilter: command not found
Error: Could not find or load main class index.CitationFinderASCII
Error: Could not find or load main class index.MedlineTriggerAdder
preprocessMEDLINE.sh: line 1: DistFilter: command not found
Error: Could not find or load main class index.CitationFinderASCII
Error: Could not find or load main class index.MedlineTriggerAdder
preprocessMEDLINE.sh: line 1: DistFilter: command not found
Error: Could not find or load main class index.CitationFinderASCII
Error: Could not find or load main class index.MedlineTriggerAdder
preprocessMEDLINE.sh: line 1: DistFilter: command not found
Error: Could not find or load main class index.CitationFinderASCIIError: Could not find or load main class index.MedlineTriggerAdder

preprocessMEDLINE.sh: line 1: DistFilter: command not found
Error: Could not find or load main class index.CitationFinderASCII
Error: Could not find or load main class index.MedlineTriggerAdder
preprocessMEDLINE.sh: line 1: DistFilter: command not found
Error: Could not find or load main class index.CitationFinderASCII
Error: Could not find or load main class index.MedlineTriggerAdder
preprocessMEDLINE.sh: line 1: DistFilter: command not found
Error: Could not find or load main class index.CitationFinderASCII
Error: Could not find or load main class index.MedlineTriggerAdder
preprocessMEDLINE.sh: line 1: DistFilter: command not found
Error: Could not find or load main class index.MedlineTriggerAdder
Error: Could not find or load main class index.CitationFinderASCII
preprocessMEDLINE.sh: line 1: DistFilter: command not found
Error: Could not find or load main class index.CitationFinderASCII
Error: Could not find or load main class index.MedlineTriggerAdder
preprocessMEDLINE.sh: line 1: DistFilter: command not found
Error: Could not find or load main class index.MedlineTriggerAdder
Error: Could not find or load main class index.CitationFinderASCII
preprocessMEDLINE.sh: line 1: DistFilter: command not found
Error: Could not find or load main class index.MedlineTriggerAdder
Error: Could not find or load main class index.CitationFinderASCII
preprocessMEDLINE.sh: line 1: DistFilter: command not found
Error: Could not find or load main class index.CitationFinderASCII
Error: Could not find or load main class index.MedlineTriggerAdder
preprocessMEDLINE.sh: line 1: DistFilter: command not found
Error: Could not find or load main class index.MedlineTriggerAdder
Error: Could not find or load main class index.CitationFinderASCII
preprocessMEDLINE.sh: line 1: DistFilter: command not found
Error: Could not find or load main class index.CitationFinderASCII
Error: Could not find or load main class index.MedlineTriggerAdder
preprocessMEDLINE.sh: line 1: DistFilter: command not found
Error: Could not find or load main class index.MedlineTriggerAdder
Error: Could not find or load main class index.CitationFinderASCII
preprocessMEDLINE.sh: line 1: DistFilter: command not found
Error: Could not find or load main class index.CitationFinderASCII
Error: Could not find or load main class index.MedlineTriggerAdder
preprocessMEDLINE.sh: line 1: DistFilter: command not found
Error: Could not find or load main class index.CitationFinderASCII
Error: Could not find or load main class index.MedlineTriggerAdder
preprocessMEDLINE.sh: line 1: DistFilter: command not found
Error: Could not find or load main class index.CitationFinderASCII
Error: Could not find or load main class index.MedlineTriggerAdder
preprocessMEDLINE.sh: line 1: DistFilter: command not found
Error: Could not find or load main class index.CitationFinderASCII
Error: Could not find or load main class index.MedlineTriggerAdder
preprocessMEDLINE.sh: line 1: DistFilter: command not found
Error: Could not find or load main class index.CitationFinderASCII
Error: Could not find or load main class index.MedlineTriggerAdder
preprocessMEDLINE.sh: line 1: DistFilter: command not found
Error: Could not find or load main class index.CitationFinderASCII
Error: Could not find or load main class index.MedlineTriggerAdder
preprocessMEDLINE.sh: line 1: DistFilter: command not found
Error: Could not find or load main class index.MedlineTriggerAdder
Error: Could not find or load main class index.CitationFinderASCII
preprocessMEDLINE.sh: line 1: DistFilter: command not found
Error: Could not find or load main class index.CitationFinderASCII
Error: Could not find or load main class index.MedlineTriggerAdder
preprocessMEDLINE.sh: line 1: DistFilter: command not found
Error: Could not find or load main class index.CitationFinderASCII
Error: Could not find or load main class index.MedlineTriggerAdder
preprocessMEDLINE.sh: line 1: DistFilter: command not found
Error: Could not find or load main class index.CitationFinderASCII
Error: Could not find or load main class index.MedlineTriggerAdder
preprocessMEDLINE.sh: line 1: DistFilter: command not found
Error: Could not find or load main class index.MedlineTriggerAdder
Error: Could not find or load main class index.CitationFinderASCII
preprocessMEDLINE.sh: line 1: DistFilter: command not found
Error: Could not find or load main class index.CitationFinderASCII
Error: Could not find or load main class index.MedlineTriggerAdder
preprocessMEDLINE.sh: line 1: DistFilter: command not found
Error: Could not find or load main class index.MedlineTriggerAdder
Error: Could not find or load main class index.CitationFinderASCII
preprocessMEDLINE.sh: line 1: DistFilter: command not found
Error: Could not find or load main class index.MedlineTriggerAdder
Error: Could not find or load main class index.CitationFinderASCII
preprocessMEDLINE.sh: line 1: DistFilter: command not found
Error: Could not find or load main class index.MedlineTriggerAdder
Error: Could not find or load main class index.CitationFinderASCII
preprocessMEDLINE.sh: line 1: DistFilter: command not found
Error: Could not find or load main class index.MedlineTriggerAdder
Error: Could not find or load main class index.CitationFinderASCII
preprocessMEDLINE.sh: line 1: DistFilter: command not found
Error: Could not find or load main class index.CitationFinderASCII
Error: Could not find or load main class index.MedlineTriggerAdder
preprocessMEDLINE.sh: line 1: DistFilter: command not found
Error: Could not find or load main class index.CitationFinderASCII
Error: Could not find or load main class index.MedlineTriggerAdder
preprocessMEDLINE.sh: line 1: DistFilter: command not found
Error: Could not find or load main class index.CitationFinderASCII
Error: Could not find or load main class index.MedlineTriggerAdder
preprocessMEDLINE.sh: line 1: DistFilter: command not found
Error: Could not find or load main class index.MedlineTriggerAdder
Error: Could not find or load main class index.CitationFinderASCII
preprocessMEDLINE.sh: line 1: DistFilter: command not found
Error: Could not find or load main class index.MedlineTriggerAdder
Error: Could not find or load main class index.CitationFinderASCII
preprocessMEDLINE.sh: line 1: DistFilter: command not found
Error: Could not find or load main class index.MedlineTriggerAdder
Error: Could not find or load main class index.CitationFinderASCII
preprocessMEDLINE.sh: line 1: DistFilter: command not found
Error: Could not find or load main class index.MedlineTriggerAdderError: Could not find or load main class index.CitationFinderASCII

preprocessMEDLINE.sh: line 1: DistFilter: command not found
Error: Could not find or load main class index.CitationFinderASCII
Error: Could not find or load main class index.MedlineTriggerAdder
preprocessMEDLINE.sh: line 1: DistFilter: command not found
Error: Could not find or load main class index.MedlineTriggerAdderError: Could not find or load main class index.CitationFinderASCII

preprocessMEDLINE.sh: line 1: DistFilter: command not found
Error: Could not find or load main class index.CitationFinderASCII
Error: Could not find or load main class index.MedlineTriggerAdder
preprocessMEDLINE.sh: line 1: DistFilter: command not found
Error: Could not find or load main class index.CitationFinderASCII
Error: Could not find or load main class index.MedlineTriggerAdder
preprocessMEDLINE.sh: line 1: DistFilter: command not found
Error: Could not find or load main class index.CitationFinderASCII
Error: Could not find or load main class index.MedlineTriggerAdder
preprocessMEDLINE.sh: line 1: DistFilter: command not found
Error: Could not find or load main class index.MedlineTriggerAdder
Error: Could not find or load main class index.CitationFinderASCII
preprocessMEDLINE.sh: line 1: DistFilter: command not found
Error: Could not find or load main class index.CitationFinderASCII
Error: Could not find or load main class index.MedlineTriggerAdder
preprocessMEDLINE.sh: line 1: DistFilter: command not found
Error: Could not find or load main class index.MedlineTriggerAdder
Error: Could not find or load main class index.CitationFinderASCII
preprocessMEDLINE.sh: line 1: DistFilter: command not found
Error: Could not find or load main class index.MedlineTriggerAdder
Error: Could not find or load main class index.CitationFinderASCII
preprocessMEDLINE.sh: line 1: DistFilter: command not found
Error: Could not find or load main class index.MedlineTriggerAdder
Error: Could not find or load main class index.CitationFinderASCII
preprocessMEDLINE.sh: line 1: DistFilter: command not found
Error: Could not find or load main class index.CitationFinderASCII
Error: Could not find or load main class index.MedlineTriggerAdder
preprocessMEDLINE.sh: line 1: DistFilter: command not found
Error: Could not find or load main class index.MedlineTriggerAdder
Error: Could not find or load main class index.CitationFinderASCII
preprocessMEDLINE.sh: line 1: DistFilter: command not found
Error: Could not find or load main class index.CitationFinderASCII
Error: Could not find or load main class index.MedlineTriggerAdder
preprocessMEDLINE.sh: line 1: DistFilter: command not found
Error: Could not find or load main class index.MedlineTriggerAdder
Error: Could not find or load main class index.CitationFinderASCII
preprocessMEDLINE.sh: line 1: DistFilter: command not found
Error: Could not find or load main class index.MedlineTriggerAdder
Error: Could not find or load main class index.CitationFinderASCII
preprocessMEDLINE.sh: line 1: DistFilter: command not found
Error: Could not find or load main class index.CitationFinderASCII
Error: Could not find or load main class index.MedlineTriggerAdder
preprocessMEDLINE.sh: line 1: DistFilter: command not found
Error: Could not find or load main class index.MedlineTriggerAdderError: Could not find or load main class index.CitationFinderASCII

preprocessMEDLINE.sh: line 1: DistFilter: command not found
Error: Could not find or load main class index.CitationFinderASCII
Error: Could not find or load main class index.MedlineTriggerAdder
preprocessMEDLINE.sh: line 1: DistFilter: command not found
Error: Could not find or load main class index.MedlineTriggerAdder
Error: Could not find or load main class index.CitationFinderASCII
preprocessMEDLINE.sh: line 1: DistFilter: command not found
Error: Could not find or load main class index.CitationFinderASCII
Error: Could not find or load main class index.MedlineTriggerAdder
preprocessMEDLINE.sh: line 1: DistFilter: command not found
Error: Could not find or load main class index.CitationFinderASCII
Error: Could not find or load main class index.MedlineTriggerAdder
preprocessMEDLINE.sh: line 1: DistFilter: command not found
Error: Could not find or load main class index.MedlineTriggerAdder
Error: Could not find or load main class index.CitationFinderASCII
preprocessMEDLINE.sh: line 1: DistFilter: command not found
Error: Could not find or load main class index.CitationFinderASCII
Error: Could not find or load main class index.MedlineTriggerAdder
preprocessMEDLINE.sh: line 1: DistFilter: command not found
Error: Could not find or load main class index.CitationFinderASCII
Error: Could not find or load main class index.MedlineTriggerAdder
preprocessMEDLINE.sh: line 1: DistFilter: command not found
Error: Could not find or load main class index.CitationFinderASCII
Error: Could not find or load main class index.MedlineTriggerAdder
preprocessMEDLINE.sh: line 1: DistFilter: command not found
Error: Could not find or load main class index.MedlineTriggerAdder
Error: Could not find or load main class index.CitationFinderASCII
preprocessMEDLINE.sh: line 1: DistFilter: command not found
Error: Could not find or load main class index.MedlineTriggerAdder
Error: Could not find or load main class index.CitationFinderASCII
preprocessMEDLINE.sh: line 1: DistFilter: command not found
Error: Could not find or load main class index.CitationFinderASCII
Error: Could not find or load main class index.MedlineTriggerAdder
preprocessMEDLINE.sh: line 1: DistFilter: command not found
Error: Could not find or load main class index.CitationFinderASCII
Error: Could not find or load main class index.MedlineTriggerAdder
preprocessMEDLINE.sh: line 1: DistFilter: command not found
Error: Could not find or load main class index.CitationFinderASCII
Error: Could not find or load main class index.MedlineTriggerAdder
preprocessMEDLINE.sh: line 1: DistFilter: command not found
Error: Could not find or load main class index.CitationFinderASCII
Error: Could not find or load main class index.MedlineTriggerAdder
preprocessMEDLINE.sh: line 1: DistFilter: command not found
Error: Could not find or load main class index.CitationFinderASCII
Error: Could not find or load main class index.MedlineTriggerAdder
preprocessMEDLINE.sh: line 1: DistFilter: command not found
Error: Could not find or load main class index.CitationFinderASCII
Error: Could not find or load main class index.MedlineTriggerAdder
preprocessMEDLINE.sh: line 1: DistFilter: command not found
Error: Could not find or load main class index.CitationFinderASCIIError: Could not find or load main class index.MedlineTriggerAdder

preprocessMEDLINE.sh: line 1: DistFilter: command not found
Error: Could not find or load main class index.CitationFinderASCII
Error: Could not find or load main class index.MedlineTriggerAdder
preprocessMEDLINE.sh: line 1: DistFilter: command not found
Error: Could not find or load main class index.MedlineTriggerAdder
Error: Could not find or load main class index.CitationFinderASCII
preprocessMEDLINE.sh: line 1: DistFilter: command not found
Error: Could not find or load main class index.MedlineTriggerAdder
Error: Could not find or load main class index.CitationFinderASCII
preprocessMEDLINE.sh: line 1: DistFilter: command not found
Error: Could not find or load main class index.MedlineTriggerAdderError: Could not find or load main class index.CitationFinderASCII

preprocessMEDLINE.sh: line 1: DistFilter: command not found
Error: Could not find or load main class index.MedlineTriggerAdder
Error: Could not find or load main class index.CitationFinderASCII
preprocessMEDLINE.sh: line 1: DistFilter: command not found
Error: Could not find or load main class index.MedlineTriggerAdder
Error: Could not find or load main class index.CitationFinderASCII
preprocessMEDLINE.sh: line 1: DistFilter: command not found
Error: Could not find or load main class index.MedlineTriggerAdderError: Could not find or load main class index.CitationFinderASCII

preprocessMEDLINE.sh: line 1: DistFilter: command not found
Error: Could not find or load main class index.MedlineTriggerAdder
Error: Could not find or load main class index.CitationFinderASCII
preprocessMEDLINE.sh: line 1: DistFilter: command not found
Error: Could not find or load main class index.CitationFinderASCII
Error: Could not find or load main class index.MedlineTriggerAdder
preprocessMEDLINE.sh: line 1: DistFilter: command not found
Error: Could not find or load main class index.CitationFinderASCII
Error: Could not find or load main class index.MedlineTriggerAdder
preprocessMEDLINE.sh: line 1: DistFilter: command not found
Error: Could not find or load main class index.CitationFinderASCII
Error: Could not find or load main class index.MedlineTriggerAdder
preprocessMEDLINE.sh: line 1: DistFilter: command not found
Error: Could not find or load main class index.CitationFinderASCII
Error: Could not find or load main class index.MedlineTriggerAdder
preprocessMEDLINE.sh: line 1: DistFilter: command not found
Error: Could not find or load main class index.MedlineTriggerAdder
Error: Could not find or load main class index.CitationFinderASCII
preprocessMEDLINE.sh: line 1: DistFilter: command not found
Error: Could not find or load main class index.CitationFinderASCII
Error: Could not find or load main class index.MedlineTriggerAdder
preprocessMEDLINE.sh: line 1: DistFilter: command not found
Error: Could not find or load main class index.CitationFinderASCII
Error: Could not find or load main class index.MedlineTriggerAdder
preprocessMEDLINE.sh: line 1: DistFilter: command not found
Error: Could not find or load main class index.MedlineTriggerAdder
Error: Could not find or load main class index.CitationFinderASCII
preprocessMEDLINE.sh: line 1: DistFilter: command not found
Error: Could not find or load main class index.MedlineTriggerAdder
Error: Could not find or load main class index.CitationFinderASCII
preprocessMEDLINE.sh: line 1: DistFilter: command not found
Error: Could not find or load main class index.CitationFinderASCII
Error: Could not find or load main class index.MedlineTriggerAdder
preprocessMEDLINE.sh: line 1: DistFilter: command not found
Error: Could not find or load main class index.CitationFinderASCII
Error: Could not find or load main class index.MedlineTriggerAdder
preprocessMEDLINE.sh: line 1: DistFilter: command not found
Error: Could not find or load main class index.CitationFinderASCII
Error: Could not find or load main class index.MedlineTriggerAdder
preprocessMEDLINE.sh: line 1: DistFilter: command not found
Error: Could not find or load main class index.CitationFinderASCII
Error: Could not find or load main class index.MedlineTriggerAdder
preprocessMEDLINE.sh: line 1: DistFilter: command not found
Error: Could not find or load main class index.CitationFinderASCII
Error: Could not find or load main class index.MedlineTriggerAdder
preprocessMEDLINE.sh: line 1: DistFilter: command not found
Error: Could not find or load main class index.MedlineTriggerAdder
Error: Could not find or load main class index.CitationFinderASCII
preprocessMEDLINE.sh: line 1: DistFilter: command not found
Error: Could not find or load main class index.MedlineTriggerAdder
Error: Could not find or load main class index.CitationFinderASCII
preprocessMEDLINE.sh: line 1: DistFilter: command not found
Error: Could not find or load main class index.CitationFinderASCII
Error: Could not find or load main class index.MedlineTriggerAdder
preprocessMEDLINE.sh: line 1: DistFilter: command not found
Error: Could not find or load main class index.CitationFinderASCII
Error: Could not find or load main class index.MedlineTriggerAdder
preprocessMEDLINE.sh: line 1: DistFilter: command not found
Error: Could not find or load main class index.CitationFinderASCII
Error: Could not find or load main class index.MedlineTriggerAdder
preprocessMEDLINE.sh: line 1: DistFilter: command not found
Error: Could not find or load main class index.CitationFinderASCII
Error: Could not find or load main class index.MedlineTriggerAdder
preprocessMEDLINE.sh: line 1: DistFilter: command not found
Error: Could not find or load main class index.CitationFinderASCII
Error: Could not find or load main class index.MedlineTriggerAdder
preprocessMEDLINE.sh: line 1: DistFilter: command not found
Error: Could not find or load main class index.CitationFinderASCII
Error: Could not find or load main class index.MedlineTriggerAdder
preprocessMEDLINE.sh: line 1: DistFilter: command not found
Error: Could not find or load main class index.CitationFinderASCII
Error: Could not find or load main class index.MedlineTriggerAdder
preprocessMEDLINE.sh: line 1: DistFilter: command not found
Error: Could not find or load main class index.CitationFinderASCII
Error: Could not find or load main class index.MedlineTriggerAdder
preprocessMEDLINE.sh: line 1: DistFilter: command not found
Error: Could not find or load main class index.MedlineTriggerAdder
Error: Could not find or load main class index.CitationFinderASCII
preprocessMEDLINE.sh: line 1: DistFilter: command not found
Error: Could not find or load main class index.MedlineTriggerAdder
Error: Could not find or load main class index.CitationFinderASCII
preprocessMEDLINE.sh: line 1: DistFilter: command not found
Error: Could not find or load main class index.CitationFinderASCII
Error: Could not find or load main class index.MedlineTriggerAdder
preprocessMEDLINE.sh: line 1: DistFilter: command not found
Error: Could not find or load main class index.MedlineTriggerAdder
Error: Could not find or load main class index.CitationFinderASCII
preprocessMEDLINE.sh: line 1: DistFilter: command not found
Error: Could not find or load main class index.MedlineTriggerAdder
Error: Could not find or load main class index.CitationFinderASCII
preprocessMEDLINE.sh: line 1: DistFilter: command not found
Error: Could not find or load main class index.CitationFinderASCII
Error: Could not find or load main class index.MedlineTriggerAdder
preprocessMEDLINE.sh: line 1: DistFilter: command not found
Error: Could not find or load main class index.CitationFinderASCII
Error: Could not find or load main class index.MedlineTriggerAdder
preprocessMEDLINE.sh: line 1: DistFilter: command not found
Error: Could not find or load main class index.CitationFinderASCII
Error: Could not find or load main class index.MedlineTriggerAdder
preprocessMEDLINE.sh: line 1: DistFilter: command not found
Error: Could not find or load main class index.MedlineTriggerAdder
Error: Could not find or load main class index.CitationFinderASCII
preprocessMEDLINE.sh: line 1: DistFilter: command not found
Error: Could not find or load main class index.CitationFinderASCII
Error: Could not find or load main class index.MedlineTriggerAdder
preprocessMEDLINE.sh: line 1: DistFilter: command not found
Error: Could not find or load main class index.CitationFinderASCII
Error: Could not find or load main class index.MedlineTriggerAdder
preprocessMEDLINE.sh: line 1: DistFilter: command not found
Error: Could not find or load main class index.CitationFinderASCII
Error: Could not find or load main class index.MedlineTriggerAdder
preprocessMEDLINE.sh: line 1: DistFilter: command not found
Error: Could not find or load main class index.CitationFinderASCII
Error: Could not find or load main class index.MedlineTriggerAdder
preprocessMEDLINE.sh: line 1: DistFilter: command not found
Error: Could not find or load main class index.MedlineTriggerAdderError: Could not find or load main class index.CitationFinderASCII

preprocessMEDLINE.sh: line 1: DistFilter: command not found
Error: Could not find or load main class index.MedlineTriggerAdder
Error: Could not find or load main class index.CitationFinderASCII
preprocessMEDLINE.sh: line 1: DistFilter: command not found
Error: Could not find or load main class index.MedlineTriggerAdder
Error: Could not find or load main class index.CitationFinderASCII
preprocessMEDLINE.sh: line 1: DistFilter: command not found
Error: Could not find or load main class index.CitationFinderASCII
Error: Could not find or load main class index.MedlineTriggerAdder
preprocessMEDLINE.sh: line 1: DistFilter: command not found
Error: Could not find or load main class index.MedlineTriggerAdderError: Could not find or load main class index.CitationFinderASCII

preprocessMEDLINE.sh: line 1: DistFilter: command not found
Error: Could not find or load main class index.CitationFinderASCII
Error: Could not find or load main class index.MedlineTriggerAdder
preprocessMEDLINE.sh: line 1: DistFilter: command not found
Error: Could not find or load main class index.CitationFinderASCII
Error: Could not find or load main class index.MedlineTriggerAdder
preprocessMEDLINE.sh: line 1: DistFilter: command not found
Error: Could not find or load main class index.MedlineTriggerAdder
Error: Could not find or load main class index.CitationFinderASCII
preprocessMEDLINE.sh: line 1: DistFilter: command not found
Error: Could not find or load main class index.MedlineTriggerAdder
Error: Could not find or load main class index.CitationFinderASCII
preprocessMEDLINE.sh: line 1: DistFilter: command not found
Error: Could not find or load main class index.CitationFinderASCII
Error: Could not find or load main class index.MedlineTriggerAdder
preprocessMEDLINE.sh: line 1: DistFilter: command not found
Error: Could not find or load main class index.CitationFinderASCII
Error: Could not find or load main class index.MedlineTriggerAdder
preprocessMEDLINE.sh: line 1: DistFilter: command not found
Error: Could not find or load main class index.CitationFinderASCII
Error: Could not find or load main class index.MedlineTriggerAdder
preprocessMEDLINE.sh: line 1: DistFilter: command not found
Error: Could not find or load main class index.MedlineTriggerAdder
Error: Could not find or load main class index.CitationFinderASCII
preprocessMEDLINE.sh: line 1: DistFilter: command not found
Error: Could not find or load main class index.CitationFinderASCII
Error: Could not find or load main class index.MedlineTriggerAdder
preprocessMEDLINE.sh: line 1: DistFilter: command not found
Error: Could not find or load main class index.CitationFinderASCII
Error: Could not find or load main class index.MedlineTriggerAdder
preprocessMEDLINE.sh: line 1: DistFilter: command not found
Error: Could not find or load main class index.CitationFinderASCII
Error: Could not find or load main class index.MedlineTriggerAdder
preprocessMEDLINE.sh: line 1: DistFilter: command not found
Error: Could not find or load main class index.MedlineTriggerAdderError: Could not find or load main class index.CitationFinderASCII

preprocessMEDLINE.sh: line 1: DistFilter: command not found
Error: Could not find or load main class index.MedlineTriggerAdder
Error: Could not find or load main class index.CitationFinderASCII
preprocessMEDLINE.sh: line 1: DistFilter: command not found
Error: Could not find or load main class index.CitationFinderASCII
Error: Could not find or load main class index.MedlineTriggerAdder
preprocessMEDLINE.sh: line 1: DistFilter: command not found
Error: Could not find or load main class index.CitationFinderASCII
Error: Could not find or load main class index.MedlineTriggerAdder
preprocessMEDLINE.sh: line 1: DistFilter: command not found
Error: Could not find or load main class index.CitationFinderASCII
Error: Could not find or load main class index.MedlineTriggerAdder
preprocessMEDLINE.sh: line 1: DistFilter: command not found
Error: Could not find or load main class index.MedlineTriggerAdder
Error: Could not find or load main class index.CitationFinderASCII
preprocessMEDLINE.sh: line 1: DistFilter: command not found
Error: Could not find or load main class index.MedlineTriggerAdder
Error: Could not find or load main class index.CitationFinderASCII
preprocessMEDLINE.sh: line 1: DistFilter: command not found
Error: Could not find or load main class index.CitationFinderASCII
Error: Could not find or load main class index.MedlineTriggerAdder
preprocessMEDLINE.sh: line 1: DistFilter: command not found
Error: Could not find or load main class index.CitationFinderASCII
Error: Could not find or load main class index.MedlineTriggerAdder
preprocessMEDLINE.sh: line 1: DistFilter: command not found
Error: Could not find or load main class index.CitationFinderASCII
Error: Could not find or load main class index.MedlineTriggerAdder
preprocessMEDLINE.sh: line 1: DistFilter: command not found
Error: Could not find or load main class index.MedlineTriggerAdder
Error: Could not find or load main class index.CitationFinderASCII
preprocessMEDLINE.sh: line 1: DistFilter: command not found
Error: Could not find or load main class index.MedlineTriggerAdder
Error: Could not find or load main class index.CitationFinderASCII
preprocessMEDLINE.sh: line 1: DistFilter: command not found
Error: Could not find or load main class index.CitationFinderASCII
Error: Could not find or load main class index.MedlineTriggerAdder
preprocessMEDLINE.sh: line 1: DistFilter: command not found
Error: Could not find or load main class index.MedlineTriggerAdderError: Could not find or load main class index.CitationFinderASCII

preprocessMEDLINE.sh: line 1: DistFilter: command not found
Error: Could not find or load main class index.CitationFinderASCII
Error: Could not find or load main class index.MedlineTriggerAdder
preprocessMEDLINE.sh: line 1: DistFilter: command not found
Error: Could not find or load main class index.CitationFinderASCII
Error: Could not find or load main class index.MedlineTriggerAdder
preprocessMEDLINE.sh: line 1: DistFilter: command not found
Error: Could not find or load main class index.CitationFinderASCII
Error: Could not find or load main class index.MedlineTriggerAdder
preprocessMEDLINE.sh: line 1: DistFilter: command not found
Error: Could not find or load main class index.MedlineTriggerAdder
Error: Could not find or load main class index.CitationFinderASCII
preprocessMEDLINE.sh: line 1: DistFilter: command not found
Error: Could not find or load main class index.CitationFinderASCII
Error: Could not find or load main class index.MedlineTriggerAdder
preprocessMEDLINE.sh: line 1: DistFilter: command not found
Error: Could not find or load main class index.MedlineTriggerAdder
Error: Could not find or load main class index.CitationFinderASCII
preprocessMEDLINE.sh: line 1: DistFilter: command not found
Error: Could not find or load main class index.CitationFinderASCII
Error: Could not find or load main class index.MedlineTriggerAdder
preprocessMEDLINE.sh: line 1: DistFilter: command not found
Error: Could not find or load main class index.CitationFinderASCII
Error: Could not find or load main class index.MedlineTriggerAdder
preprocessMEDLINE.sh: line 1: DistFilter: command not found
Error: Could not find or load main class index.MedlineTriggerAdder
Error: Could not find or load main class index.CitationFinderASCII
preprocessMEDLINE.sh: line 1: DistFilter: command not found
Error: Could not find or load main class index.CitationFinderASCII
Error: Could not find or load main class index.MedlineTriggerAdder
preprocessMEDLINE.sh: line 1: DistFilter: command not found
Error: Could not find or load main class index.CitationFinderASCII
Error: Could not find or load main class index.MedlineTriggerAdder
preprocessMEDLINE.sh: line 1: DistFilter: command not found
Error: Could not find or load main class index.MedlineTriggerAdder
Error: Could not find or load main class index.CitationFinderASCII
preprocessMEDLINE.sh: line 1: DistFilter: command not found
Error: Could not find or load main class index.MedlineTriggerAdderError: Could not find or load main class index.CitationFinderASCII

preprocessMEDLINE.sh: line 1: DistFilter: command not found
Error: Could not find or load main class index.MedlineTriggerAdder
Error: Could not find or load main class index.CitationFinderASCII
preprocessMEDLINE.sh: line 1: DistFilter: command not found
Error: Could not find or load main class index.MedlineTriggerAdder
Error: Could not find or load main class index.CitationFinderASCII
preprocessMEDLINE.sh: line 1: DistFilter: command not found
Error: Could not find or load main class index.CitationFinderASCII
Error: Could not find or load main class index.MedlineTriggerAdder
preprocessMEDLINE.sh: line 1: DistFilter: command not found
Error: Could not find or load main class index.CitationFinderASCII
Error: Could not find or load main class index.MedlineTriggerAdder
preprocessMEDLINE.sh: line 1: DistFilter: command not found
Error: Could not find or load main class index.CitationFinderASCII
Error: Could not find or load main class index.MedlineTriggerAdder
preprocessMEDLINE.sh: line 1: DistFilter: command not found
Error: Could not find or load main class index.MedlineTriggerAdder
Error: Could not find or load main class index.CitationFinderASCII
preprocessMEDLINE.sh: line 1: DistFilter: command not found
Error: Could not find or load main class index.MedlineTriggerAdder
Error: Could not find or load main class index.CitationFinderASCII
preprocessMEDLINE.sh: line 1: DistFilter: command not found
Error: Could not find or load main class index.MedlineTriggerAdder
Error: Could not find or load main class index.CitationFinderASCII
preprocessMEDLINE.sh: line 1: DistFilter: command not found
Error: Could not find or load main class index.CitationFinderASCII
Error: Could not find or load main class index.MedlineTriggerAdder
preprocessMEDLINE.sh: line 1: DistFilter: command not found
Error: Could not find or load main class index.CitationFinderASCII
Error: Could not find or load main class index.MedlineTriggerAdder
preprocessMEDLINE.sh: line 1: DistFilter: command not found
Error: Could not find or load main class index.CitationFinderASCII
Error: Could not find or load main class index.MedlineTriggerAdder
preprocessMEDLINE.sh: line 1: DistFilter: command not found
Error: Could not find or load main class index.CitationFinderASCII
Error: Could not find or load main class index.MedlineTriggerAdder
preprocessMEDLINE.sh: line 1: DistFilter: command not found
Error: Could not find or load main class index.MedlineTriggerAdderError: Could not find or load main class index.CitationFinderASCII

preprocessMEDLINE.sh: line 1: DistFilter: command not found
Error: Could not find or load main class index.CitationFinderASCII
Error: Could not find or load main class index.MedlineTriggerAdder
preprocessMEDLINE.sh: line 1: DistFilter: command not found
Error: Could not find or load main class index.MedlineTriggerAdder
Error: Could not find or load main class index.CitationFinderASCII
preprocessMEDLINE.sh: line 1: DistFilter: command not found
Error: Could not find or load main class index.CitationFinderASCII
Error: Could not find or load main class index.MedlineTriggerAdder
preprocessMEDLINE.sh: line 1: DistFilter: command not found
Error: Could not find or load main class index.MedlineTriggerAdder
Error: Could not find or load main class index.CitationFinderASCII
preprocessMEDLINE.sh: line 1: DistFilter: command not found
Error: Could not find or load main class index.CitationFinderASCII
Error: Could not find or load main class index.MedlineTriggerAdder
preprocessMEDLINE.sh: line 1: DistFilter: command not found
Error: Could not find or load main class index.MedlineTriggerAdder
Error: Could not find or load main class index.CitationFinderASCII
preprocessMEDLINE.sh: line 1: DistFilter: command not found
Error: Could not find or load main class index.MedlineTriggerAdder
Error: Could not find or load main class index.CitationFinderASCII
preprocessMEDLINE.sh: line 1: DistFilter: command not found
Error: Could not find or load main class index.CitationFinderASCII
Error: Could not find or load main class index.MedlineTriggerAdder
preprocessMEDLINE.sh: line 1: DistFilter: command not found
Error: Could not find or load main class index.CitationFinderASCII
Error: Could not find or load main class index.MedlineTriggerAdder
preprocessMEDLINE.sh: line 1: DistFilter: command not found
Error: Could not find or load main class index.MedlineTriggerAdder
Error: Could not find or load main class index.CitationFinderASCII
preprocessMEDLINE.sh: line 1: DistFilter: command not found
Error: Could not find or load main class index.CitationFinderASCII
Error: Could not find or load main class index.MedlineTriggerAdder
preprocessMEDLINE.sh: line 1: DistFilter: command not found
Error: Could not find or load main class index.CitationFinderASCII
Error: Could not find or load main class index.MedlineTriggerAdder
preprocessMEDLINE.sh: line 1: DistFilter: command not found
Error: Could not find or load main class index.CitationFinderASCII
Error: Could not find or load main class index.MedlineTriggerAdder
preprocessMEDLINE.sh: line 1: DistFilter: command not found
Error: Could not find or load main class index.CitationFinderASCII
Error: Could not find or load main class index.MedlineTriggerAdder
preprocessMEDLINE.sh: line 1: DistFilter: command not found
Error: Could not find or load main class index.CitationFinderASCII
Error: Could not find or load main class index.MedlineTriggerAdder
preprocessMEDLINE.sh: line 1: DistFilter: command not found
Error: Could not find or load main class index.CitationFinderASCII
Error: Could not find or load main class index.MedlineTriggerAdder
preprocessMEDLINE.sh: line 1: DistFilter: command not found
Error: Could not find or load main class index.CitationFinderASCII
Error: Could not find or load main class index.MedlineTriggerAdder
preprocessMEDLINE.sh: line 1: DistFilter: command not found
Error: Could not find or load main class index.CitationFinderASCII
Error: Could not find or load main class index.MedlineTriggerAdder
preprocessMEDLINE.sh: line 1: DistFilter: command not found
Error: Could not find or load main class index.CitationFinderASCII
Error: Could not find or load main class index.MedlineTriggerAdder
preprocessMEDLINE.sh: line 1: DistFilter: command not found
Error: Could not find or load main class index.CitationFinderASCII
Error: Could not find or load main class index.MedlineTriggerAdder
preprocessMEDLINE.sh: line 1: DistFilter: command not found
Error: Could not find or load main class index.CitationFinderASCII
Error: Could not find or load main class index.MedlineTriggerAdder
preprocessMEDLINE.sh: line 1: DistFilter: command not found
Error: Could not find or load main class index.CitationFinderASCII
Error: Could not find or load main class index.MedlineTriggerAdder
preprocessMEDLINE.sh: line 1: DistFilter: command not found
Error: Could not find or load main class index.MedlineTriggerAdder
Error: Could not find or load main class index.CitationFinderASCII
preprocessMEDLINE.sh: line 1: DistFilter: command not found
Error: Could not find or load main class index.CitationFinderASCIIError: Could not find or load main class index.MedlineTriggerAdder

preprocessMEDLINE.sh: line 1: DistFilter: command not found
Error: Could not find or load main class index.CitationFinderASCII
Error: Could not find or load main class index.MedlineTriggerAdder
preprocessMEDLINE.sh: line 1: DistFilter: command not found
Error: Could not find or load main class index.CitationFinderASCII
Error: Could not find or load main class index.MedlineTriggerAdder
preprocessMEDLINE.sh: line 1: DistFilter: command not found
Error: Could not find or load main class index.MedlineTriggerAdder
Error: Could not find or load main class index.CitationFinderASCII
preprocessMEDLINE.sh: line 1: DistFilter: command not found
Error: Could not find or load main class index.CitationFinderASCII
Error: Could not find or load main class index.MedlineTriggerAdder
preprocessMEDLINE.sh: line 1: DistFilter: command not found
Error: Could not find or load main class index.MedlineTriggerAdder
Error: Could not find or load main class index.CitationFinderASCII
preprocessMEDLINE.sh: line 1: DistFilter: command not found
Error: Could not find or load main class index.CitationFinderASCII
Error: Could not find or load main class index.MedlineTriggerAdder
preprocessMEDLINE.sh: line 1: DistFilter: command not found
Error: Could not find or load main class index.MedlineTriggerAdderError: Could not find or load main class index.CitationFinderASCII

preprocessMEDLINE.sh: line 1: DistFilter: command not found
Error: Could not find or load main class index.MedlineTriggerAdder
Error: Could not find or load main class index.CitationFinderASCII
preprocessMEDLINE.sh: line 1: DistFilter: command not found
Error: Could not find or load main class index.CitationFinderASCII
Error: Could not find or load main class index.MedlineTriggerAdder
preprocessMEDLINE.sh: line 1: DistFilter: command not found
Error: Could not find or load main class index.CitationFinderASCII
Error: Could not find or load main class index.MedlineTriggerAdder
preprocessMEDLINE.sh: line 1: DistFilter: command not found
Error: Could not find or load main class index.MedlineTriggerAdder
Error: Could not find or load main class index.CitationFinderASCII
preprocessMEDLINE.sh: line 1: DistFilter: command not found
Error: Could not find or load main class index.CitationFinderASCII
Error: Could not find or load main class index.MedlineTriggerAdder
preprocessMEDLINE.sh: line 1: DistFilter: command not found
Error: Could not find or load main class index.CitationFinderASCII
Error: Could not find or load main class index.MedlineTriggerAdder
preprocessMEDLINE.sh: line 1: DistFilter: command not found
Error: Could not find or load main class index.CitationFinderASCII
Error: Could not find or load main class index.MedlineTriggerAdder
preprocessMEDLINE.sh: line 1: DistFilter: command not found
Error: Could not find or load main class index.MedlineTriggerAdder
Error: Could not find or load main class index.CitationFinderASCII
preprocessMEDLINE.sh: line 1: DistFilter: command not found
Error: Could not find or load main class index.MedlineTriggerAdder
Error: Could not find or load main class index.CitationFinderASCII
preprocessMEDLINE.sh: line 1: DistFilter: command not found
Error: Could not find or load main class index.CitationFinderASCII
Error: Could not find or load main class index.MedlineTriggerAdder
preprocessMEDLINE.sh: line 1: DistFilter: command not found
Error: Could not find or load main class index.CitationFinderASCII
Error: Could not find or load main class index.MedlineTriggerAdder
preprocessMEDLINE.sh: line 1: DistFilter: command not found
Error: Could not find or load main class index.CitationFinderASCII
Error: Could not find or load main class index.MedlineTriggerAdder
preprocessMEDLINE.sh: line 1: DistFilter: command not found
Error: Could not find or load main class index.MedlineTriggerAdder
Error: Could not find or load main class index.CitationFinderASCII
preprocessMEDLINE.sh: line 1: DistFilter: command not found
Error: Could not find or load main class index.CitationFinderASCII
Error: Could not find or load main class index.MedlineTriggerAdder
preprocessMEDLINE.sh: line 1: DistFilter: command not found
Error: Could not find or load main class index.CitationFinderASCII
Error: Could not find or load main class index.MedlineTriggerAdder
preprocessMEDLINE.sh: line 1: DistFilter: command not found
Error: Could not find or load main class index.CitationFinderASCII
Error: Could not find or load main class index.MedlineTriggerAdder
preprocessMEDLINE.sh: line 1: DistFilter: command not found
Error: Could not find or load main class index.CitationFinderASCII
Error: Could not find or load main class index.MedlineTriggerAdder
preprocessMEDLINE.sh: line 1: DistFilter: command not found
Error: Could not find or load main class index.CitationFinderASCII
Error: Could not find or load main class index.MedlineTriggerAdder
preprocessMEDLINE.sh: line 1: DistFilter: command not found
Error: Could not find or load main class index.CitationFinderASCII
Error: Could not find or load main class index.MedlineTriggerAdder
preprocessMEDLINE.sh: line 1: DistFilter: command not found
Error: Could not find or load main class index.CitationFinderASCII
Error: Could not find or load main class index.MedlineTriggerAdder
preprocessMEDLINE.sh: line 1: DistFilter: command not found
Error: Could not find or load main class index.MedlineTriggerAdder
Error: Could not find or load main class index.CitationFinderASCII
preprocessMEDLINE.sh: line 1: DistFilter: command not found
Error: Could not find or load main class index.CitationFinderASCII
Error: Could not find or load main class index.MedlineTriggerAdder
preprocessMEDLINE.sh: line 1: DistFilter: command not found
Error: Could not find or load main class index.MedlineTriggerAdder
Error: Could not find or load main class index.CitationFinderASCII
preprocessMEDLINE.sh: line 1: DistFilter: command not found
Error: Could not find or load main class index.CitationFinderASCII
Error: Could not find or load main class index.MedlineTriggerAdder
preprocessMEDLINE.sh: line 1: DistFilter: command not found
Error: Could not find or load main class index.CitationFinderASCII
Error: Could not find or load main class index.MedlineTriggerAdder
preprocessMEDLINE.sh: line 1: DistFilter: command not found
Error: Could not find or load main class index.CitationFinderASCII
Error: Could not find or load main class index.MedlineTriggerAdder
preprocessMEDLINE.sh: line 1: DistFilter: command not found
Error: Could not find or load main class index.CitationFinderASCII
Error: Could not find or load main class index.MedlineTriggerAdder
preprocessMEDLINE.sh: line 1: DistFilter: command not found
Error: Could not find or load main class index.CitationFinderASCII
Error: Could not find or load main class index.MedlineTriggerAdder
preprocessMEDLINE.sh: line 1: DistFilter: command not found
Error: Could not find or load main class index.CitationFinderASCII
Error: Could not find or load main class index.MedlineTriggerAdder
preprocessMEDLINE.sh: line 1: DistFilter: command not found
Error: Could not find or load main class index.CitationFinderASCII
Error: Could not find or load main class index.MedlineTriggerAdder
preprocessMEDLINE.sh: line 1: DistFilter: command not found
Error: Could not find or load main class index.CitationFinderASCII
Error: Could not find or load main class index.MedlineTriggerAdder
preprocessMEDLINE.sh: line 1: DistFilter: command not found
Error: Could not find or load main class index.CitationFinderASCII
Error: Could not find or load main class index.MedlineTriggerAdder
preprocessMEDLINE.sh: line 1: DistFilter: command not found
Error: Could not find or load main class index.CitationFinderASCII
Error: Could not find or load main class index.MedlineTriggerAdder
preprocessMEDLINE.sh: line 1: DistFilter: command not found
Error: Could not find or load main class index.CitationFinderASCIIError: Could not find or load main class index.MedlineTriggerAdder

preprocessMEDLINE.sh: line 1: DistFilter: command not found
Error: Could not find or load main class index.CitationFinderASCII
Error: Could not find or load main class index.MedlineTriggerAdder
preprocessMEDLINE.sh: line 1: DistFilter: command not found
Error: Could not find or load main class index.CitationFinderASCII
Error: Could not find or load main class index.MedlineTriggerAdder
preprocessMEDLINE.sh: line 1: DistFilter: command not found
Error: Could not find or load main class index.CitationFinderASCII
Error: Could not find or load main class index.MedlineTriggerAdder
preprocessMEDLINE.sh: line 1: DistFilter: command not found
Error: Could not find or load main class index.MedlineTriggerAdder
Error: Could not find or load main class index.CitationFinderASCII
preprocessMEDLINE.sh: line 1: DistFilter: command not found
Error: Could not find or load main class index.CitationFinderASCII
Error: Could not find or load main class index.MedlineTriggerAdder
preprocessMEDLINE.sh: line 1: DistFilter: command not found
Error: Could not find or load main class index.CitationFinderASCII
Error: Could not find or load main class index.MedlineTriggerAdder
preprocessMEDLINE.sh: line 1: DistFilter: command not found
Error: Could not find or load main class index.MedlineTriggerAdder
Error: Could not find or load main class index.CitationFinderASCII
preprocessMEDLINE.sh: line 1: DistFilter: command not found
Error: Could not find or load main class index.CitationFinderASCII
Error: Could not find or load main class index.MedlineTriggerAdder
preprocessMEDLINE.sh: line 1: DistFilter: command not found
Error: Could not find or load main class index.MedlineTriggerAdderError: Could not find or load main class index.CitationFinderASCII

preprocessMEDLINE.sh: line 1: DistFilter: command not found
Error: Could not find or load main class index.MedlineTriggerAdder
Error: Could not find or load main class index.CitationFinderASCII
preprocessMEDLINE.sh: line 1: DistFilter: command not found
Error: Could not find or load main class index.CitationFinderASCII
Error: Could not find or load main class index.MedlineTriggerAdder
preprocessMEDLINE.sh: line 1: DistFilter: command not found
Error: Could not find or load main class index.MedlineTriggerAdder
Error: Could not find or load main class index.CitationFinderASCII
preprocessMEDLINE.sh: line 1: DistFilter: command not found
Error: Could not find or load main class index.CitationFinderASCII
Error: Could not find or load main class index.MedlineTriggerAdder
preprocessMEDLINE.sh: line 1: DistFilter: command not found
Error: Could not find or load main class index.MedlineTriggerAdder
Error: Could not find or load main class index.CitationFinderASCII
preprocessMEDLINE.sh: line 1: DistFilter: command not found
Error: Could not find or load main class index.CitationFinderASCII
Error: Could not find or load main class index.MedlineTriggerAdder
preprocessMEDLINE.sh: line 1: DistFilter: command not found
Error: Could not find or load main class index.MedlineTriggerAdder
Error: Could not find or load main class index.CitationFinderASCII
preprocessMEDLINE.sh: line 1: DistFilter: command not found
Error: Could not find or load main class index.MedlineTriggerAdder
Error: Could not find or load main class index.CitationFinderASCII
preprocessMEDLINE.sh: line 1: DistFilter: command not found
Error: Could not find or load main class index.MedlineTriggerAdder
Error: Could not find or load main class index.CitationFinderASCII
preprocessMEDLINE.sh: line 1: DistFilter: command not found
Error: Could not find or load main class index.MedlineTriggerAdder
Error: Could not find or load main class index.CitationFinderASCII
preprocessMEDLINE.sh: line 1: DistFilter: command not found
Error: Could not find or load main class index.CitationFinderASCII
Error: Could not find or load main class index.MedlineTriggerAdder
preprocessMEDLINE.sh: line 1: DistFilter: command not found
Error: Could not find or load main class index.CitationFinderASCII
Error: Could not find or load main class index.MedlineTriggerAdder
preprocessMEDLINE.sh: line 1: DistFilter: command not found
Error: Could not find or load main class index.CitationFinderASCIIError: Could not find or load main class index.MedlineTriggerAdder

preprocessMEDLINE.sh: line 1: DistFilter: command not found
Error: Could not find or load main class index.MedlineTriggerAdder
Error: Could not find or load main class index.CitationFinderASCII
preprocessMEDLINE.sh: line 1: DistFilter: command not found
Error: Could not find or load main class index.CitationFinderASCII
Error: Could not find or load main class index.MedlineTriggerAdder
preprocessMEDLINE.sh: line 1: DistFilter: command not found
Error: Could not find or load main class index.CitationFinderASCII
Error: Could not find or load main class index.MedlineTriggerAdder
preprocessMEDLINE.sh: line 1: DistFilter: command not found
Error: Could not find or load main class index.CitationFinderASCII
Error: Could not find or load main class index.MedlineTriggerAdder
preprocessMEDLINE.sh: line 1: DistFilter: command not found
Error: Could not find or load main class index.CitationFinderASCII
Error: Could not find or load main class index.MedlineTriggerAdder
preprocessMEDLINE.sh: line 1: DistFilter: command not found
Error: Could not find or load main class index.CitationFinderASCII
Error: Could not find or load main class index.MedlineTriggerAdder
preprocessMEDLINE.sh: line 1: DistFilter: command not found
Error: Could not find or load main class index.MedlineTriggerAdder
Error: Could not find or load main class index.CitationFinderASCII
preprocessMEDLINE.sh: line 1: DistFilter: command not found
Error: Could not find or load main class index.MedlineTriggerAdderError: Could not find or load main class index.CitationFinderASCII

preprocessMEDLINE.sh: line 1: DistFilter: command not found
Error: Could not find or load main class index.CitationFinderASCII
Error: Could not find or load main class index.MedlineTriggerAdder
preprocessMEDLINE.sh: line 1: DistFilter: command not found
Error: Could not find or load main class index.CitationFinderASCII
Error: Could not find or load main class index.MedlineTriggerAdder
preprocessMEDLINE.sh: line 1: DistFilter: command not found
Error: Could not find or load main class index.MedlineTriggerAdder
Error: Could not find or load main class index.CitationFinderASCII
preprocessMEDLINE.sh: line 1: DistFilter: command not found
Error: Could not find or load main class index.CitationFinderASCII
Error: Could not find or load main class index.MedlineTriggerAdder
preprocessMEDLINE.sh: line 1: DistFilter: command not found
Error: Could not find or load main class index.MedlineTriggerAdder
Error: Could not find or load main class index.CitationFinderASCII
preprocessMEDLINE.sh: line 1: DistFilter: command not found
Error: Could not find or load main class index.MedlineTriggerAdder
Error: Could not find or load main class index.CitationFinderASCII
preprocessMEDLINE.sh: line 1: DistFilter: command not found
Error: Could not find or load main class index.MedlineTriggerAdder
Error: Could not find or load main class index.CitationFinderASCII
preprocessMEDLINE.sh: line 1: DistFilter: command not found
Error: Could not find or load main class index.CitationFinderASCII
Error: Could not find or load main class index.MedlineTriggerAdder
preprocessMEDLINE.sh: line 1: DistFilter: command not found
Error: Could not find or load main class index.CitationFinderASCII
Error: Could not find or load main class index.MedlineTriggerAdder
preprocessMEDLINE.sh: line 1: DistFilter: command not found
Error: Could not find or load main class index.CitationFinderASCII
Error: Could not find or load main class index.MedlineTriggerAdder
preprocessMEDLINE.sh: line 1: DistFilter: command not found
Error: Could not find or load main class index.CitationFinderASCII
Error: Could not find or load main class index.MedlineTriggerAdder
preprocessMEDLINE.sh: line 1: DistFilter: command not found
Error: Could not find or load main class index.CitationFinderASCII
Error: Could not find or load main class index.MedlineTriggerAdder
preprocessMEDLINE.sh: line 1: DistFilter: command not found
Error: Could not find or load main class index.CitationFinderASCII
Error: Could not find or load main class index.MedlineTriggerAdder
preprocessMEDLINE.sh: line 1: DistFilter: command not found
Error: Could not find or load main class index.MedlineTriggerAdder
Error: Could not find or load main class index.CitationFinderASCII
preprocessMEDLINE.sh: line 1: DistFilter: command not found
Error: Could not find or load main class index.CitationFinderASCII
Error: Could not find or load main class index.MedlineTriggerAdder
preprocessMEDLINE.sh: line 1: DistFilter: command not found
Error: Could not find or load main class index.CitationFinderASCII
Error: Could not find or load main class index.MedlineTriggerAdder
preprocessMEDLINE.sh: line 1: DistFilter: command not found
Error: Could not find or load main class index.CitationFinderASCII
Error: Could not find or load main class index.MedlineTriggerAdder
preprocessMEDLINE.sh: line 1: DistFilter: command not found
Error: Could not find or load main class index.MedlineTriggerAdder
Error: Could not find or load main class index.CitationFinderASCII
preprocessMEDLINE.sh: line 1: DistFilter: command not found
Error: Could not find or load main class index.CitationFinderASCII
Error: Could not find or load main class index.MedlineTriggerAdder
preprocessMEDLINE.sh: line 1: DistFilter: command not found
Error: Could not find or load main class index.CitationFinderASCII
Error: Could not find or load main class index.MedlineTriggerAdder
preprocessMEDLINE.sh: line 1: DistFilter: command not found
Error: Could not find or load main class index.MedlineTriggerAdder
Error: Could not find or load main class index.CitationFinderASCII
preprocessMEDLINE.sh: line 1: DistFilter: command not found
Error: Could not find or load main class index.MedlineTriggerAdder
Error: Could not find or load main class index.CitationFinderASCII
preprocessMEDLINE.sh: line 1: DistFilter: command not found
Error: Could not find or load main class index.CitationFinderASCII
Error: Could not find or load main class index.MedlineTriggerAdder
preprocessMEDLINE.sh: line 1: DistFilter: command not found
Error: Could not find or load main class index.MedlineTriggerAdder
Error: Could not find or load main class index.CitationFinderASCII
preprocessMEDLINE.sh: line 1: DistFilter: command not found
Error: Could not find or load main class index.MedlineTriggerAdder
Error: Could not find or load main class index.CitationFinderASCII
preprocessMEDLINE.sh: line 1: DistFilter: command not found
Error: Could not find or load main class index.CitationFinderASCII
Error: Could not find or load main class index.MedlineTriggerAdder
preprocessMEDLINE.sh: line 1: DistFilter: command not found
Error: Could not find or load main class index.CitationFinderASCII
Error: Could not find or load main class index.MedlineTriggerAdder
preprocessMEDLINE.sh: line 1: DistFilter: command not found
Error: Could not find or load main class index.CitationFinderASCII
Error: Could not find or load main class index.MedlineTriggerAdder
preprocessMEDLINE.sh: line 1: DistFilter: command not found
Error: Could not find or load main class index.CitationFinderASCII
Error: Could not find or load main class index.MedlineTriggerAdder
preprocessMEDLINE.sh: line 1: DistFilter: command not found
Error: Could not find or load main class index.MedlineTriggerAdder
Error: Could not find or load main class index.CitationFinderASCII
preprocessMEDLINE.sh: line 1: DistFilter: command not found
Error: Could not find or load main class index.CitationFinderASCII
Error: Could not find or load main class index.MedlineTriggerAdder
preprocessMEDLINE.sh: line 1: DistFilter: command not found
Error: Could not find or load main class index.MedlineTriggerAdder
Error: Could not find or load main class index.CitationFinderASCII
preprocessMEDLINE.sh: line 1: DistFilter: command not found
Error: Could not find or load main class index.MedlineTriggerAdder
Error: Could not find or load main class index.CitationFinderASCII
preprocessMEDLINE.sh: line 1: DistFilter: command not found
Error: Could not find or load main class index.MedlineTriggerAdder
Error: Could not find or load main class index.CitationFinderASCII
preprocessMEDLINE.sh: line 1: DistFilter: command not found
Error: Could not find or load main class index.MedlineTriggerAdder
Error: Could not find or load main class index.CitationFinderASCII
preprocessMEDLINE.sh: line 1: DistFilter: command not found
Error: Could not find or load main class index.CitationFinderASCII
Error: Could not find or load main class index.MedlineTriggerAdder
preprocessMEDLINE.sh: line 1: DistFilter: command not found
Error: Could not find or load main class index.CitationFinderASCII
Error: Could not find or load main class index.MedlineTriggerAdder
preprocessMEDLINE.sh: line 1: DistFilter: command not found
Error: Could not find or load main class index.MedlineTriggerAdder
Error: Could not find or load main class index.CitationFinderASCII
preprocessMEDLINE.sh: line 1: DistFilter: command not found
Error: Could not find or load main class index.CitationFinderASCII
Error: Could not find or load main class index.MedlineTriggerAdder
preprocessMEDLINE.sh: line 1: DistFilter: command not found
Error: Could not find or load main class index.MedlineTriggerAdder
Error: Could not find or load main class index.CitationFinderASCII
preprocessMEDLINE.sh: line 1: DistFilter: command not found
Error: Could not find or load main class index.MedlineTriggerAdderError: Could not find or load main class index.CitationFinderASCII

preprocessMEDLINE.sh: line 1: DistFilter: command not found
Error: Could not find or load main class index.MedlineTriggerAdder
Error: Could not find or load main class index.CitationFinderASCII
preprocessMEDLINE.sh: line 1: DistFilter: command not found
Error: Could not find or load main class index.CitationFinderASCII
Error: Could not find or load main class index.MedlineTriggerAdder
preprocessMEDLINE.sh: line 1: DistFilter: command not found
Error: Could not find or load main class index.CitationFinderASCII
Error: Could not find or load main class index.MedlineTriggerAdder
preprocessMEDLINE.sh: line 1: DistFilter: command not found
Error: Could not find or load main class index.CitationFinderASCII
Error: Could not find or load main class index.MedlineTriggerAdder
preprocessMEDLINE.sh: line 1: DistFilter: command not found
Error: Could not find or load main class index.CitationFinderASCII
Error: Could not find or load main class index.MedlineTriggerAdder
preprocessMEDLINE.sh: line 1: DistFilter: command not found
Error: Could not find or load main class index.MedlineTriggerAdder
Error: Could not find or load main class index.CitationFinderASCII
preprocessMEDLINE.sh: line 1: DistFilter: command not found
Error: Could not find or load main class index.MedlineTriggerAdder
Error: Could not find or load main class index.CitationFinderASCII
preprocessMEDLINE.sh: line 1: DistFilter: command not found
Error: Could not find or load main class index.CitationFinderASCII
Error: Could not find or load main class index.MedlineTriggerAdder
preprocessMEDLINE.sh: line 1: DistFilter: command not found
Error: Could not find or load main class index.CitationFinderASCIIError: Could not find or load main class index.MedlineTriggerAdder

preprocessMEDLINE.sh: line 1: DistFilter: command not found
Error: Could not find or load main class index.CitationFinderASCII
Error: Could not find or load main class index.MedlineTriggerAdder
preprocessMEDLINE.sh: line 1: DistFilter: command not found
Error: Could not find or load main class index.CitationFinderASCII
Error: Could not find or load main class index.MedlineTriggerAdder
preprocessMEDLINE.sh: line 1: DistFilter: command not found
Error: Could not find or load main class index.MedlineTriggerAdder
Error: Could not find or load main class index.CitationFinderASCII
preprocessMEDLINE.sh: line 1: DistFilter: command not found
Error: Could not find or load main class index.MedlineTriggerAdder
Error: Could not find or load main class index.CitationFinderASCII
preprocessMEDLINE.sh: line 1: DistFilter: command not found
Error: Could not find or load main class index.MedlineTriggerAdder
Error: Could not find or load main class index.CitationFinderASCII
preprocessMEDLINE.sh: line 1: DistFilter: command not found
Error: Could not find or load main class index.CitationFinderASCII
Error: Could not find or load main class index.MedlineTriggerAdder
preprocessMEDLINE.sh: line 1: DistFilter: command not found
Error: Could not find or load main class index.MedlineTriggerAdder
Error: Could not find or load main class index.CitationFinderASCII
preprocessMEDLINE.sh: line 1: DistFilter: command not found
Error: Could not find or load main class index.CitationFinderASCII
Error: Could not find or load main class index.MedlineTriggerAdder
preprocessMEDLINE.sh: line 1: DistFilter: command not found
Error: Could not find or load main class index.CitationFinderASCII
Error: Could not find or load main class index.MedlineTriggerAdder
preprocessMEDLINE.sh: line 1: DistFilter: command not found
Error: Could not find or load main class index.CitationFinderASCII
Error: Could not find or load main class index.MedlineTriggerAdder
preprocessMEDLINE.sh: line 1: DistFilter: command not found
Error: Could not find or load main class index.CitationFinderASCII
Error: Could not find or load main class index.MedlineTriggerAdder
preprocessMEDLINE.sh: line 1: DistFilter: command not found
Error: Could not find or load main class index.CitationFinderASCII
Error: Could not find or load main class index.MedlineTriggerAdder
preprocessMEDLINE.sh: line 1: DistFilter: command not found
Error: Could not find or load main class index.CitationFinderASCII
Error: Could not find or load main class index.MedlineTriggerAdder
preprocessMEDLINE.sh: line 1: DistFilter: command not found
Error: Could not find or load main class index.CitationFinderASCII
Error: Could not find or load main class index.MedlineTriggerAdder
preprocessMEDLINE.sh: line 1: DistFilter: command not found
Error: Could not find or load main class index.MedlineTriggerAdder
Error: Could not find or load main class index.CitationFinderASCII
preprocessMEDLINE.sh: line 1: DistFilter: command not found
Error: Could not find or load main class index.CitationFinderASCII
Error: Could not find or load main class index.MedlineTriggerAdder
preprocessMEDLINE.sh: line 1: DistFilter: command not found
Error: Could not find or load main class index.CitationFinderASCII
Error: Could not find or load main class index.MedlineTriggerAdder
preprocessMEDLINE.sh: line 1: DistFilter: command not found
Error: Could not find or load main class index.CitationFinderASCII
Error: Could not find or load main class index.MedlineTriggerAdder
preprocessMEDLINE.sh: line 1: DistFilter: command not found
Error: Could not find or load main class index.CitationFinderASCII
Error: Could not find or load main class index.MedlineTriggerAdder
preprocessMEDLINE.sh: line 1: DistFilter: command not found
Error: Could not find or load main class index.CitationFinderASCIIError: Could not find or load main class index.MedlineTriggerAdder

preprocessMEDLINE.sh: line 1: DistFilter: command not found
Error: Could not find or load main class index.CitationFinderASCII
Error: Could not find or load main class index.MedlineTriggerAdder
preprocessMEDLINE.sh: line 1: DistFilter: command not found
Error: Could not find or load main class index.CitationFinderASCII
Error: Could not find or load main class index.MedlineTriggerAdder
preprocessMEDLINE.sh: line 1: DistFilter: command not found
Error: Could not find or load main class index.MedlineTriggerAdder
Error: Could not find or load main class index.CitationFinderASCII
preprocessMEDLINE.sh: line 1: DistFilter: command not found
Error: Could not find or load main class index.CitationFinderASCII
Error: Could not find or load main class index.MedlineTriggerAdder
preprocessMEDLINE.sh: line 1: DistFilter: command not found
Error: Could not find or load main class index.CitationFinderASCII
Error: Could not find or load main class index.MedlineTriggerAdder
preprocessMEDLINE.sh: line 1: DistFilter: command not found
Error: Could not find or load main class index.CitationFinderASCII
Error: Could not find or load main class index.MedlineTriggerAdder
preprocessMEDLINE.sh: line 1: DistFilter: command not found
Error: Could not find or load main class index.CitationFinderASCII
Error: Could not find or load main class index.MedlineTriggerAdder
preprocessMEDLINE.sh: line 1: DistFilter: command not found
Error: Could not find or load main class index.CitationFinderASCII
Error: Could not find or load main class index.MedlineTriggerAdder
preprocessMEDLINE.sh: line 1: DistFilter: command not found
Error: Could not find or load main class index.CitationFinderASCII
Error: Could not find or load main class index.MedlineTriggerAdder
preprocessMEDLINE.sh: line 1: DistFilter: command not found
Error: Could not find or load main class index.MedlineTriggerAdder
Error: Could not find or load main class index.CitationFinderASCII
preprocessMEDLINE.sh: line 1: DistFilter: command not found
Error: Could not find or load main class index.MedlineTriggerAdder
Error: Could not find or load main class index.CitationFinderASCII
preprocessMEDLINE.sh: line 1: DistFilter: command not found
Error: Could not find or load main class index.MedlineTriggerAdder
Error: Could not find or load main class index.CitationFinderASCII
preprocessMEDLINE.sh: line 1: DistFilter: command not found
Error: Could not find or load main class index.MedlineTriggerAdder
Error: Could not find or load main class index.CitationFinderASCII
preprocessMEDLINE.sh: line 1: DistFilter: command not found
Error: Could not find or load main class index.MedlineTriggerAdder
Error: Could not find or load main class index.CitationFinderASCII
preprocessMEDLINE.sh: line 1: DistFilter: command not found
Error: Could not find or load main class index.MedlineTriggerAdder
Error: Could not find or load main class index.CitationFinderASCII
preprocessMEDLINE.sh: line 1: DistFilter: command not found
Error: Could not find or load main class index.MedlineTriggerAdder
Error: Could not find or load main class index.CitationFinderASCII
preprocessMEDLINE.sh: line 1: DistFilter: command not found
Error: Could not find or load main class index.CitationFinderASCII
Error: Could not find or load main class index.MedlineTriggerAdder
preprocessMEDLINE.sh: line 1: DistFilter: command not found
Error: Could not find or load main class index.MedlineTriggerAdder
Error: Could not find or load main class index.CitationFinderASCII
preprocessMEDLINE.sh: line 1: DistFilter: command not found
Error: Could not find or load main class index.CitationFinderASCII
Error: Could not find or load main class index.MedlineTriggerAdder
preprocessMEDLINE.sh: line 1: DistFilter: command not found
Error: Could not find or load main class index.CitationFinderASCII
Error: Could not find or load main class index.MedlineTriggerAdder
preprocessMEDLINE.sh: line 1: DistFilter: command not found
Error: Could not find or load main class index.CitationFinderASCII
Error: Could not find or load main class index.MedlineTriggerAdder
preprocessMEDLINE.sh: line 1: DistFilter: command not found
Error: Could not find or load main class index.CitationFinderASCII
Error: Could not find or load main class index.MedlineTriggerAdder
preprocessMEDLINE.sh: line 1: DistFilter: command not found
Error: Could not find or load main class index.MedlineTriggerAdder
Error: Could not find or load main class index.CitationFinderASCII
preprocessMEDLINE.sh: line 1: DistFilter: command not found
Error: Could not find or load main class index.CitationFinderASCII
Error: Could not find or load main class index.MedlineTriggerAdder
preprocessMEDLINE.sh: line 1: DistFilter: command not found
Error: Could not find or load main class index.CitationFinderASCII
Error: Could not find or load main class index.MedlineTriggerAdder
preprocessMEDLINE.sh: line 1: DistFilter: command not found
Error: Could not find or load main class index.CitationFinderASCIIError: Could not find or load main class index.MedlineTriggerAdder

preprocessMEDLINE.sh: line 1: DistFilter: command not found
Error: Could not find or load main class index.CitationFinderASCII
Error: Could not find or load main class index.MedlineTriggerAdder
preprocessMEDLINE.sh: line 1: DistFilter: command not found
Error: Could not find or load main class index.CitationFinderASCII
Error: Could not find or load main class index.MedlineTriggerAdder
preprocessMEDLINE.sh: line 1: DistFilter: command not found
Error: Could not find or load main class index.CitationFinderASCII
Error: Could not find or load main class index.MedlineTriggerAdder
preprocessMEDLINE.sh: line 1: DistFilter: command not found
Error: Could not find or load main class index.CitationFinderASCII
Error: Could not find or load main class index.MedlineTriggerAdder
preprocessMEDLINE.sh: line 1: DistFilter: command not found
Error: Could not find or load main class index.CitationFinderASCII
Error: Could not find or load main class index.MedlineTriggerAdder
preprocessMEDLINE.sh: line 1: DistFilter: command not found
Error: Could not find or load main class index.CitationFinderASCII
Error: Could not find or load main class index.MedlineTriggerAdder
preprocessMEDLINE.sh: line 1: DistFilter: command not found
Error: Could not find or load main class index.CitationFinderASCII
Error: Could not find or load main class index.MedlineTriggerAdder
preprocessMEDLINE.sh: line 1: DistFilter: command not found
Error: Could not find or load main class index.MedlineTriggerAdder
Error: Could not find or load main class index.CitationFinderASCII
preprocessMEDLINE.sh: line 1: DistFilter: command not found
Error: Could not find or load main class index.CitationFinderASCII
Error: Could not find or load main class index.MedlineTriggerAdder
indexing.sh: line 1: .: setup.sh: file not found
Error: Could not find or load main class index.IndexCreator
Entering into static loop
Medline: /home/whatizit/monq/medline/2016/baseline_annotated/	 Index: /home/whatizit/monq/medline/2016/index
start: 1496527335687
start with medlinefile: medline16n0333.xml.gz
start with medlinefile: medline16n0179.xml.gz
start with medlinefile: medline16n0465.xml.gz
start with medlinefile: medline16n0264.xml.gz
end with medlinefile: medline16n0179.xml.gz
CLosing the pipeline
start with medlinefile: medline16n0080.xml.gz
end with medlinefile: medline16n0264.xml.gz
CLosing the pipeline
start with medlinefile: medline16n0262.xml.gz
end with medlinefile: medline16n0333.xml.gz
CLosing the pipeline
start with medlinefile: medline16n0402.xml.gz
end with medlinefile: medline16n0080.xml.gz
CLosing the pipeline
start with medlinefile: medline16n0209.xml.gz
end with medlinefile: medline16n0465.xml.gz
CLosing the pipeline
start with medlinefile: medline16n0136.xml.gz
end with medlinefile: medline16n0136.xml.gz
CLosing the pipeline
start with medlinefile: medline16n0684.xml.gz
end with medlinefile: medline16n0262.xml.gz
CLosing the pipeline
start with medlinefile: medline16n0090.xml.gz
end with medlinefile: medline16n0209.xml.gz
CLosing the pipeline
start with medlinefile: medline16n0412.xml.gz
end with medlinefile: medline16n0402.xml.gz
CLosing the pipeline
start with medlinefile: medline16n0685.xml.gz
end with medlinefile: medline16n0090.xml.gz
CLosing the pipeline
start with medlinefile: medline16n0227.xml.gz
end with medlinefile: medline16n0684.xml.gz
CLosing the pipeline
start with medlinefile: medline16n0801.xml.gz
end with medlinefile: medline16n0412.xml.gz
CLosing the pipeline
start with medlinefile: medline16n0484.xml.gz
end with medlinefile: medline16n0227.xml.gz
CLosing the pipeline
start with medlinefile: medline16n0446.xml.gz
end with medlinefile: medline16n0685.xml.gz
CLosing the pipeline
start with medlinefile: medline16n0541.xml.gz
end with medlinefile: medline16n0484.xml.gz
CLosing the pipeline
start with medlinefile: medline16n0194.xml.gz
end with medlinefile: medline16n0801.xml.gz
CLosing the pipeline
start with medlinefile: medline16n0600.xml.gz
end with medlinefile: medline16n0446.xml.gz
CLosing the pipeline
start with medlinefile: medline16n0100.xml.gz
end with medlinefile: medline16n0541.xml.gz
CLosing the pipeline
start with medlinefile: medline16n0002.xml.gz
end with medlinefile: medline16n0194.xml.gz
CLosing the pipeline
start with medlinefile: medline16n0096.xml.gz
end with medlinefile: medline16n0002.xml.gz
CLosing the pipeline
start with medlinefile: medline16n0688.xml.gz
end with medlinefile: medline16n0100.xml.gz
CLosing the pipeline
start with medlinefile: medline16n0679.xml.gz
end with medlinefile: medline16n0096.xml.gz
CLosing the pipeline
start with medlinefile: medline16n0141.xml.gz
end with medlinefile: medline16n0600.xml.gz
CLosing the pipeline
start with medlinefile: medline16n0123.xml.gz
end with medlinefile: medline16n0123.xml.gz
CLosing the pipeline
start with medlinefile: medline16n0127.xml.gz
end with medlinefile: medline16n0141.xml.gz
CLosing the pipeline
start with medlinefile: medline16n0294.xml.gz
end with medlinefile: medline16n0127.xml.gz
CLosing the pipeline
start with medlinefile: medline16n0713.xml.gz
end with medlinefile: medline16n0688.xml.gz
CLosing the pipeline
start with medlinefile: medline16n0714.xml.gz
end with medlinefile: medline16n0679.xml.gz
CLosing the pipeline
start with medlinefile: medline16n0762.xml.gz
end with medlinefile: medline16n0294.xml.gz
CLosing the pipeline
start with medlinefile: medline16n0322.xml.gz
end with medlinefile: medline16n0713.xml.gz
CLosing the pipeline
start with medlinefile: medline16n0625.xml.gz
end with medlinefile: medline16n0322.xml.gz
CLosing the pipeline
start with medlinefile: medline16n0225.xml.gz
end with medlinefile: medline16n0714.xml.gz
CLosing the pipeline
start with medlinefile: medline16n0755.xml.gz
end with medlinefile: medline16n0762.xml.gz
CLosing the pipeline
start with medlinefile: medline16n0369.xml.gz
end with medlinefile: medline16n0225.xml.gz
CLosing the pipeline
start with medlinefile: medline16n0505.xml.gz
end with medlinefile: medline16n0625.xml.gz
CLosing the pipeline
start with medlinefile: medline16n0144.xml.gz
end with medlinefile: medline16n0755.xml.gz
CLosing the pipeline
start with medlinefile: medline16n0222.xml.gz
end with medlinefile: medline16n0369.xml.gz
CLosing the pipeline
start with medlinefile: medline16n0676.xml.gz
end with medlinefile: medline16n0144.xml.gz
CLosing the pipeline
start with medlinefile: medline16n0764.xml.gz
end with medlinefile: medline16n0505.xml.gz
CLosing the pipeline
start with medlinefile: medline16n0337.xml.gz
end with medlinefile: medline16n0222.xml.gz
CLosing the pipeline
start with medlinefile: medline16n0526.xml.gz
end with medlinefile: medline16n0337.xml.gz
CLosing the pipeline
start with medlinefile: medline16n0693.xml.gz
end with medlinefile: medline16n0676.xml.gz
CLosing the pipeline
start with medlinefile: medline16n0215.xml.gz
end with medlinefile: medline16n0764.xml.gz
CLosing the pipeline
start with medlinefile: medline16n0145.xml.gz
end with medlinefile: medline16n0526.xml.gz
CLosing the pipeline
start with medlinefile: medline16n0128.xml.gz
end with medlinefile: medline16n0215.xml.gz
CLosing the pipeline
start with medlinefile: medline16n0310.xml.gz
end with medlinefile: medline16n0145.xml.gz
CLosing the pipeline
start with medlinefile: medline16n0202.xml.gz
end with medlinefile: medline16n0693.xml.gz
CLosing the pipeline
start with medlinefile: medline16n0544.xml.gz
end with medlinefile: medline16n0128.xml.gz
CLosing the pipeline
start with medlinefile: medline16n0418.xml.gz
end with medlinefile: medline16n0202.xml.gz
CLosing the pipeline
start with medlinefile: medline16n0452.xml.gz
end with medlinefile: medline16n0310.xml.gz
CLosing the pipeline
start with medlinefile: medline16n0345.xml.gz
end with medlinefile: medline16n0544.xml.gz
CLosing the pipeline
start with medlinefile: medline16n0200.xml.gz
end with medlinefile: medline16n0418.xml.gz
CLosing the pipeline
start with medlinefile: medline16n0314.xml.gz
end with medlinefile: medline16n0452.xml.gz
CLosing the pipeline
start with medlinefile: medline16n0250.xml.gz
end with medlinefile: medline16n0345.xml.gz
CLosing the pipeline
start with medlinefile: medline16n0711.xml.gz
end with medlinefile: medline16n0200.xml.gz
CLosing the pipeline
start with medlinefile: medline16n0738.xml.gz
end with medlinefile: medline16n0314.xml.gz
CLosing the pipeline
start with medlinefile: medline16n0350.xml.gz
end with medlinefile: medline16n0250.xml.gz
CLosing the pipeline
start with medlinefile: medline16n0360.xml.gz
end with medlinefile: medline16n0711.xml.gz
CLosing the pipeline
start with medlinefile: medline16n0435.xml.gz
end with medlinefile: medline16n0738.xml.gz
CLosing the pipeline
start with medlinefile: medline16n0471.xml.gz
end with medlinefile: medline16n0350.xml.gz
CLosing the pipeline
start with medlinefile: medline16n0069.xml.gz
end with medlinefile: medline16n0360.xml.gz
CLosing the pipeline
start with medlinefile: medline16n0686.xml.gz
end with medlinefile: medline16n0069.xml.gz
CLosing the pipeline
start with medlinefile: medline16n0312.xml.gz
end with medlinefile: medline16n0471.xml.gz
CLosing the pipeline
start with medlinefile: medline16n0539.xml.gz
end with medlinefile: medline16n0435.xml.gz
CLosing the pipeline
start with medlinefile: medline16n0473.xml.gz
end with medlinefile: medline16n0686.xml.gz
CLosing the pipeline
start with medlinefile: medline16n0026.xml.gz
end with medlinefile: medline16n0312.xml.gz
CLosing the pipeline
start with medlinefile: medline16n0720.xml.gz
end with medlinefile: medline16n0026.xml.gz
CLosing the pipeline
start with medlinefile: medline16n0648.xml.gz
end with medlinefile: medline16n0473.xml.gz
CLosing the pipeline
start with medlinefile: medline16n0703.xml.gz
end with medlinefile: medline16n0539.xml.gz
CLosing the pipeline
start with medlinefile: medline16n0606.xml.gz
end with medlinefile: medline16n0720.xml.gz
CLosing the pipeline
start with medlinefile: medline16n0340.xml.gz
end with medlinefile: medline16n0648.xml.gz
CLosing the pipeline
start with medlinefile: medline16n0459.xml.gz
end with medlinefile: medline16n0606.xml.gz
CLosing the pipeline
start with medlinefile: medline16n0211.xml.gz
end with medlinefile: medline16n0703.xml.gz
CLosing the pipeline
start with medlinefile: medline16n0721.xml.gz
end with medlinefile: medline16n0340.xml.gz
CLosing the pipeline
start with medlinefile: medline16n0486.xml.gz
end with medlinefile: medline16n0211.xml.gz
CLosing the pipeline
start with medlinefile: medline16n0387.xml.gz
end with medlinefile: medline16n0459.xml.gz
CLosing the pipeline
start with medlinefile: medline16n0253.xml.gz
end with medlinefile: medline16n0721.xml.gz
CLosing the pipeline
start with medlinefile: medline16n0270.xml.gz
end with medlinefile: medline16n0253.xml.gz
CLosing the pipeline
start with medlinefile: medline16n0047.xml.gz
end with medlinefile: medline16n0387.xml.gz
CLosing the pipeline
start with medlinefile: medline16n0406.xml.gz
end with medlinefile: medline16n0486.xml.gz
CLosing the pipeline
start with medlinefile: medline16n0115.xml.gz
end with medlinefile: medline16n0047.xml.gz
CLosing the pipeline
start with medlinefile: medline16n0039.xml.gz
end with medlinefile: medline16n0270.xml.gz
CLosing the pipeline
start with medlinefile: medline16n0105.xml.gz
end with medlinefile: medline16n0039.xml.gz
CLosing the pipeline
start with medlinefile: medline16n0780.xml.gz
end with medlinefile: medline16n0115.xml.gz
CLosing the pipeline
start with medlinefile: medline16n0658.xml.gz
end with medlinefile: medline16n0105.xml.gz
CLosing the pipeline
start with medlinefile: medline16n0731.xml.gz
end with medlinefile: medline16n0406.xml.gz
CLosing the pipeline
start with medlinefile: medline16n0663.xml.gz
end with medlinefile: medline16n0780.xml.gz
CLosing the pipeline
start with medlinefile: medline16n0503.xml.gz
end with medlinefile: medline16n0658.xml.gz
CLosing the pipeline
start with medlinefile: medline16n0015.xml.gz
end with medlinefile: medline16n0731.xml.gz
CLosing the pipeline
start with medlinefile: medline16n0623.xml.gz
end with medlinefile: medline16n0663.xml.gz
CLosing the pipeline
start with medlinefile: medline16n0653.xml.gz
end with medlinefile: medline16n0015.xml.gz
CLosing the pipeline
start with medlinefile: medline16n0207.xml.gz
end with medlinefile: medline16n0503.xml.gz
CLosing the pipeline
start with medlinefile: medline16n0656.xml.gz
end with medlinefile: medline16n0207.xml.gz
CLosing the pipeline
start with medlinefile: medline16n0325.xml.gz
end with medlinefile: medline16n0623.xml.gz
CLosing the pipeline
start with medlinefile: medline16n0251.xml.gz
end with medlinefile: medline16n0653.xml.gz
CLosing the pipeline
start with medlinefile: medline16n0417.xml.gz
end with medlinefile: medline16n0656.xml.gz
CLosing the pipeline
start with medlinefile: medline16n0712.xml.gz
end with medlinefile: medline16n0325.xml.gz
CLosing the pipeline
start with medlinefile: medline16n0643.xml.gz
end with medlinefile: medline16n0251.xml.gz
CLosing the pipeline
start with medlinefile: medline16n0077.xml.gz
end with medlinefile: medline16n0417.xml.gz
CLosing the pipeline
start with medlinefile: medline16n0005.xml.gz
end with medlinefile: medline16n0005.xml.gz
CLosing the pipeline
start with medlinefile: medline16n0568.xml.gz
end with medlinefile: medline16n0077.xml.gz
CLosing the pipeline
start with medlinefile: medline16n0498.xml.gz
end with medlinefile: medline16n0712.xml.gz
CLosing the pipeline
start with medlinefile: medline16n0097.xml.gz
end with medlinefile: medline16n0643.xml.gz
CLosing the pipeline
start with medlinefile: medline16n0609.xml.gz
end with medlinefile: medline16n0097.xml.gz
CLosing the pipeline
start with medlinefile: medline16n0599.xml.gz
end with medlinefile: medline16n0568.xml.gz
CLosing the pipeline
start with medlinefile: medline16n0726.xml.gz
end with medlinefile: medline16n0498.xml.gz
CLosing the pipeline
start with medlinefile: medline16n0607.xml.gz
end with medlinefile: medline16n0599.xml.gz
CLosing the pipeline
start with medlinefile: medline16n0171.xml.gz
end with medlinefile: medline16n0609.xml.gz
CLosing the pipeline
start with medlinefile: medline16n0581.xml.gz
end with medlinefile: medline16n0726.xml.gz
CLosing the pipeline
start with medlinefile: medline16n0510.xml.gz
end with medlinefile: medline16n0171.xml.gz
CLosing the pipeline
start with medlinefile: medline16n0260.xml.gz
end with medlinefile: medline16n0607.xml.gz
CLosing the pipeline
start with medlinefile: medline16n0805.xml.gz
end with medlinefile: medline16n0581.xml.gz
CLosing the pipeline
start with medlinefile: medline16n0413.xml.gz
end with medlinefile: medline16n0510.xml.gz
CLosing the pipeline
start with medlinefile: medline16n0037.xml.gz
end with medlinefile: medline16n0260.xml.gz
CLosing the pipeline
start with medlinefile: medline16n0699.xml.gz
end with medlinefile: medline16n0805.xml.gz
CLosing the pipeline
start with medlinefile: medline16n0408.xml.gz
end with medlinefile: medline16n0037.xml.gz
CLosing the pipeline
start with medlinefile: medline16n0280.xml.gz
end with medlinefile: medline16n0413.xml.gz
CLosing the pipeline
start with medlinefile: medline16n0383.xml.gz
end with medlinefile: medline16n0280.xml.gz
CLosing the pipeline
start with medlinefile: medline16n0306.xml.gz
end with medlinefile: medline16n0408.xml.gz
CLosing the pipeline
start with medlinefile: medline16n0375.xml.gz
end with medlinefile: medline16n0699.xml.gz
CLosing the pipeline
start with medlinefile: medline16n0286.xml.gz
end with medlinefile: medline16n0306.xml.gz
CLosing the pipeline
start with medlinefile: medline16n0524.xml.gz
end with medlinefile: medline16n0286.xml.gz
CLosing the pipeline
start with medlinefile: medline16n0256.xml.gz
end with medlinefile: medline16n0383.xml.gz
CLosing the pipeline
start with medlinefile: medline16n0058.xml.gz
end with medlinefile: medline16n0375.xml.gz
CLosing the pipeline
start with medlinefile: medline16n0018.xml.gz
end with medlinefile: medline16n0018.xml.gz
CLosing the pipeline
start with medlinefile: medline16n0181.xml.gz
end with medlinefile: medline16n0058.xml.gz
CLosing the pipeline
start with medlinefile: medline16n0808.xml.gz
end with medlinefile: medline16n0256.xml.gz
CLosing the pipeline
start with medlinefile: medline16n0567.xml.gz
end with medlinefile: medline16n0524.xml.gz
CLosing the pipeline
start with medlinefile: medline16n0050.xml.gz
end with medlinefile: medline16n0050.xml.gz
CLosing the pipeline
start with medlinefile: medline16n0192.xml.gz
end with medlinefile: medline16n0181.xml.gz
CLosing the pipeline
start with medlinefile: medline16n0355.xml.gz
end with medlinefile: medline16n0808.xml.gz
CLosing the pipeline
start with medlinefile: medline16n0424.xml.gz
end with medlinefile: medline16n0567.xml.gz
CLosing the pipeline
start with medlinefile: medline16n0172.xml.gz
end with medlinefile: medline16n0192.xml.gz
CLosing the pipeline
start with medlinefile: medline16n0131.xml.gz
end with medlinefile: medline16n0131.xml.gz
CLosing the pipeline
start with medlinefile: medline16n0208.xml.gz
end with medlinefile: medline16n0355.xml.gz
CLosing the pipeline
start with medlinefile: medline16n0495.xml.gz
end with medlinefile: medline16n0172.xml.gz
CLosing the pipeline
start with medlinefile: medline16n0584.xml.gz
end with medlinefile: medline16n0424.xml.gz
CLosing the pipeline
start with medlinefile: medline16n0008.xml.gz
end with medlinefile: medline16n0008.xml.gz
CLosing the pipeline
start with medlinefile: medline16n0356.xml.gz
end with medlinefile: medline16n0208.xml.gz
CLosing the pipeline
start with medlinefile: medline16n0193.xml.gz
end with medlinefile: medline16n0495.xml.gz
CLosing the pipeline
start with medlinefile: medline16n0111.xml.gz
end with medlinefile: medline16n0584.xml.gz
CLosing the pipeline
start with medlinefile: medline16n0184.xml.gz
end with medlinefile: medline16n0193.xml.gz
CLosing the pipeline
start with medlinefile: medline16n0271.xml.gz
end with medlinefile: medline16n0111.xml.gz
CLosing the pipeline
start with medlinefile: medline16n0063.xml.gz
end with medlinefile: medline16n0356.xml.gz
CLosing the pipeline
start with medlinefile: medline16n0161.xml.gz
end with medlinefile: medline16n0184.xml.gz
CLosing the pipeline
start with medlinefile: medline16n0205.xml.gz
end with medlinefile: medline16n0271.xml.gz
CLosing the pipeline
start with medlinefile: medline16n0190.xml.gz
end with medlinefile: medline16n0063.xml.gz
CLosing the pipeline
start with medlinefile: medline16n0595.xml.gz
end with medlinefile: medline16n0205.xml.gz
CLosing the pipeline
start with medlinefile: medline16n0349.xml.gz
end with medlinefile: medline16n0161.xml.gz
CLosing the pipeline
start with medlinefile: medline16n0671.xml.gz
end with medlinefile: medline16n0190.xml.gz
CLosing the pipeline
start with medlinefile: medline16n0454.xml.gz
end with medlinefile: medline16n0595.xml.gz
CLosing the pipeline
start with medlinefile: medline16n0485.xml.gz
end with medlinefile: medline16n0349.xml.gz
CLosing the pipeline
start with medlinefile: medline16n0229.xml.gz
end with medlinefile: medline16n0454.xml.gz
CLosing the pipeline
start with medlinefile: medline16n0137.xml.gz
end with medlinefile: medline16n0671.xml.gz
CLosing the pipeline
start with medlinefile: medline16n0741.xml.gz
end with medlinefile: medline16n0229.xml.gz
CLosing the pipeline
start with medlinefile: medline16n0461.xml.gz
end with medlinefile: medline16n0137.xml.gz
CLosing the pipeline
start with medlinefile: medline16n0573.xml.gz
end with medlinefile: medline16n0485.xml.gz
CLosing the pipeline
start with medlinefile: medline16n0394.xml.gz
end with medlinefile: medline16n0741.xml.gz
CLosing the pipeline
start with medlinefile: medline16n0614.xml.gz
end with medlinefile: medline16n0573.xml.gz
CLosing the pipeline
start with medlinefile: medline16n0051.xml.gz
end with medlinefile: medline16n0461.xml.gz
CLosing the pipeline
start with medlinefile: medline16n0760.xml.gz
end with medlinefile: medline16n0051.xml.gz
CLosing the pipeline
start with medlinefile: medline16n0522.xml.gz
end with medlinefile: medline16n0394.xml.gz
CLosing the pipeline
start with medlinefile: medline16n0019.xml.gz
end with medlinefile: medline16n0019.xml.gz
CLosing the pipeline
start with medlinefile: medline16n0073.xml.gz
end with medlinefile: medline16n0614.xml.gz
CLosing the pipeline
start with medlinefile: medline16n0797.xml.gz
end with medlinefile: medline16n0760.xml.gz
CLosing the pipeline
start with medlinefile: medline16n0670.xml.gz
end with medlinefile: medline16n0073.xml.gz
CLosing the pipeline
start with medlinefile: medline16n0500.xml.gz
end with medlinefile: medline16n0522.xml.gz
CLosing the pipeline
start with medlinefile: medline16n0378.xml.gz
end with medlinefile: medline16n0378.xml.gz
CLosing the pipeline
start with medlinefile: medline16n0577.xml.gz
end with medlinefile: medline16n0670.xml.gz
CLosing the pipeline
start with medlinefile: medline16n0135.xml.gz
end with medlinefile: medline16n0797.xml.gz
CLosing the pipeline
start with medlinefile: medline16n0519.xml.gz
end with medlinefile: medline16n0500.xml.gz
CLosing the pipeline
start with medlinefile: medline16n0351.xml.gz
end with medlinefile: medline16n0135.xml.gz
CLosing the pipeline
start with medlinefile: medline16n0743.xml.gz
end with medlinefile: medline16n0577.xml.gz
CLosing the pipeline
start with medlinefile: medline16n0331.xml.gz
end with medlinefile: medline16n0351.xml.gz
CLosing the pipeline
start with medlinefile: medline16n0587.xml.gz
end with medlinefile: medline16n0519.xml.gz
CLosing the pipeline
start with medlinefile: medline16n0709.xml.gz
end with medlinefile: medline16n0743.xml.gz
CLosing the pipeline
start with medlinefile: medline16n0502.xml.gz
end with medlinefile: medline16n0331.xml.gz
CLosing the pipeline
start with medlinefile: medline16n0674.xml.gz
end with medlinefile: medline16n0587.xml.gz
CLosing the pipeline
start with medlinefile: medline16n0451.xml.gz
end with medlinefile: medline16n0709.xml.gz
CLosing the pipeline
start with medlinefile: medline16n0119.xml.gz
end with medlinefile: medline16n0502.xml.gz
CLosing the pipeline
start with medlinefile: medline16n0660.xml.gz
end with medlinefile: medline16n0674.xml.gz
CLosing the pipeline
start with medlinefile: medline16n0357.xml.gz
end with medlinefile: medline16n0119.xml.gz
CLosing the pipeline
start with medlinefile: medline16n0114.xml.gz
end with medlinefile: medline16n0451.xml.gz
CLosing the pipeline
start with medlinefile: medline16n0044.xml.gz
end with medlinefile: medline16n0114.xml.gz
CLosing the pipeline
start with medlinefile: medline16n0285.xml.gz
end with medlinefile: medline16n0660.xml.gz
CLosing the pipeline
start with medlinefile: medline16n0201.xml.gz
end with medlinefile: medline16n0044.xml.gz
CLosing the pipeline
start with medlinefile: medline16n0562.xml.gz
end with medlinefile: medline16n0357.xml.gz
CLosing the pipeline
start with medlinefile: medline16n0472.xml.gz
end with medlinefile: medline16n0201.xml.gz
CLosing the pipeline
start with medlinefile: medline16n0448.xml.gz
end with medlinefile: medline16n0285.xml.gz
CLosing the pipeline
start with medlinefile: medline16n0529.xml.gz
end with medlinefile: medline16n0472.xml.gz
CLosing the pipeline
start with medlinefile: medline16n0143.xml.gz
end with medlinefile: medline16n0562.xml.gz
CLosing the pipeline
start with medlinefile: medline16n0230.xml.gz
end with medlinefile: medline16n0143.xml.gz
CLosing the pipeline
start with medlinefile: medline16n0689.xml.gz
end with medlinefile: medline16n0448.xml.gz
CLosing the pipeline
start with medlinefile: medline16n0453.xml.gz
end with medlinefile: medline16n0529.xml.gz
CLosing the pipeline
start with medlinefile: medline16n0221.xml.gz
end with medlinefile: medline16n0230.xml.gz
CLosing the pipeline
start with medlinefile: medline16n0329.xml.gz
end with medlinefile: medline16n0453.xml.gz
CLosing the pipeline
start with medlinefile: medline16n0390.xml.gz
end with medlinefile: medline16n0689.xml.gz
CLosing the pipeline
start with medlinefile: medline16n0490.xml.gz
end with medlinefile: medline16n0221.xml.gz
CLosing the pipeline
start with medlinefile: medline16n0216.xml.gz
end with medlinefile: medline16n0329.xml.gz
CLosing the pipeline
start with medlinefile: medline16n0219.xml.gz
end with medlinefile: medline16n0216.xml.gz
CLosing the pipeline
start with medlinefile: medline16n0395.xml.gz
end with medlinefile: medline16n0390.xml.gz
CLosing the pipeline
start with medlinefile: medline16n0379.xml.gz
end with medlinefile: medline16n0490.xml.gz
CLosing the pipeline
start with medlinefile: medline16n0159.xml.gz
end with medlinefile: medline16n0219.xml.gz
CLosing the pipeline
start with medlinefile: medline16n0234.xml.gz
end with medlinefile: medline16n0159.xml.gz
CLosing the pipeline
start with medlinefile: medline16n0066.xml.gz
end with medlinefile: medline16n0379.xml.gz
CLosing the pipeline
start with medlinefile: medline16n0794.xml.gz
end with medlinefile: medline16n0066.xml.gz
CLosing the pipeline
start with medlinefile: medline16n0511.xml.gz
end with medlinefile: medline16n0395.xml.gz
CLosing the pipeline
start with medlinefile: medline16n0654.xml.gz
end with medlinefile: medline16n0234.xml.gz
CLosing the pipeline
start with medlinefile: medline16n0246.xml.gz
end with medlinefile: medline16n0511.xml.gz
CLosing the pipeline
start with medlinefile: medline16n0558.xml.gz
end with medlinefile: medline16n0794.xml.gz
CLosing the pipeline
start with medlinefile: medline16n0629.xml.gz
end with medlinefile: medline16n0246.xml.gz
CLosing the pipeline
start with medlinefile: medline16n0504.xml.gz
end with medlinefile: medline16n0654.xml.gz
CLosing the pipeline
start with medlinefile: medline16n0401.xml.gz
end with medlinefile: medline16n0558.xml.gz
CLosing the pipeline
start with medlinefile: medline16n0304.xml.gz
end with medlinefile: medline16n0629.xml.gz
CLosing the pipeline
start with medlinefile: medline16n0126.xml.gz
end with medlinefile: medline16n0504.xml.gz
CLosing the pipeline
start with medlinefile: medline16n0259.xml.gz
end with medlinefile: medline16n0126.xml.gz
CLosing the pipeline
start with medlinefile: medline16n0142.xml.gz
end with medlinefile: medline16n0401.xml.gz
CLosing the pipeline
start with medlinefile: medline16n0560.xml.gz
end with medlinefile: medline16n0304.xml.gz
CLosing the pipeline
start with medlinefile: medline16n0474.xml.gz
end with medlinefile: medline16n0259.xml.gz
CLosing the pipeline
start with medlinefile: medline16n0287.xml.gz
end with medlinefile: medline16n0142.xml.gz
CLosing the pipeline
start with medlinefile: medline16n0695.xml.gz
end with medlinefile: medline16n0474.xml.gz
CLosing the pipeline
start with medlinefile: medline16n0276.xml.gz
end with medlinefile: medline16n0560.xml.gz
CLosing the pipeline
start with medlinefile: medline16n0444.xml.gz
end with medlinefile: medline16n0287.xml.gz
CLosing the pipeline
start with medlinefile: medline16n0132.xml.gz
end with medlinefile: medline16n0695.xml.gz
CLosing the pipeline
start with medlinefile: medline16n0072.xml.gz
end with medlinefile: medline16n0276.xml.gz
CLosing the pipeline
start with medlinefile: medline16n0750.xml.gz
end with medlinefile: medline16n0132.xml.gz
CLosing the pipeline
start with medlinefile: medline16n0549.xml.gz
end with medlinefile: medline16n0072.xml.gz
CLosing the pipeline
start with medlinefile: medline16n0125.xml.gz
end with medlinefile: medline16n0444.xml.gz
CLosing the pipeline
start with medlinefile: medline16n0771.xml.gz
end with medlinefile: medline16n0125.xml.gz
CLosing the pipeline
start with medlinefile: medline16n0368.xml.gz
end with medlinefile: medline16n0750.xml.gz
CLosing the pipeline
start with medlinefile: medline16n0626.xml.gz
end with medlinefile: medline16n0549.xml.gz
CLosing the pipeline
start with medlinefile: medline16n0753.xml.gz
end with medlinefile: medline16n0368.xml.gz
CLosing the pipeline
start with medlinefile: medline16n0017.xml.gz
end with medlinefile: medline16n0771.xml.gz
CLosing the pipeline
start with medlinefile: medline16n0392.xml.gz
end with medlinefile: medline16n0017.xml.gz
CLosing the pipeline
start with medlinefile: medline16n0727.xml.gz
end with medlinefile: medline16n0626.xml.gz
CLosing the pipeline
start with medlinefile: medline16n0298.xml.gz
end with medlinefile: medline16n0753.xml.gz
CLosing the pipeline
start with medlinefile: medline16n0371.xml.gz
end with medlinefile: medline16n0392.xml.gz
CLosing the pipeline
start with medlinefile: medline16n0288.xml.gz
end with medlinefile: medline16n0727.xml.gz
CLosing the pipeline
start with medlinefile: medline16n0052.xml.gz
end with medlinefile: medline16n0298.xml.gz
CLosing the pipeline
start with medlinefile: medline16n0706.xml.gz
end with medlinefile: medline16n0052.xml.gz
CLosing the pipeline
start with medlinefile: medline16n0591.xml.gz
end with medlinefile: medline16n0371.xml.gz
CLosing the pipeline
start with medlinefile: medline16n0094.xml.gz
end with medlinefile: medline16n0288.xml.gz
CLosing the pipeline
start with medlinefile: medline16n0478.xml.gz
end with medlinefile: medline16n0706.xml.gz
CLosing the pipeline
start with medlinefile: medline16n0586.xml.gz
end with medlinefile: medline16n0094.xml.gz
CLosing the pipeline
start with medlinefile: medline16n0272.xml.gz
end with medlinefile: medline16n0591.xml.gz
CLosing the pipeline
start with medlinefile: medline16n0636.xml.gz
end with medlinefile: medline16n0478.xml.gz
CLosing the pipeline
start with medlinefile: medline16n0042.xml.gz
end with medlinefile: medline16n0272.xml.gz
CLosing the pipeline
start with medlinefile: medline16n0031.xml.gz
end with medlinefile: medline16n0586.xml.gz
CLosing the pipeline
start with medlinefile: medline16n0652.xml.gz
end with medlinefile: medline16n0042.xml.gz
CLosing the pipeline
start with medlinefile: medline16n0540.xml.gz
end with medlinefile: medline16n0636.xml.gz
CLosing the pipeline
start with medlinefile: medline16n0552.xml.gz
end with medlinefile: medline16n0031.xml.gz
CLosing the pipeline
start with medlinefile: medline16n0705.xml.gz
end with medlinefile: medline16n0652.xml.gz
CLosing the pipeline
start with medlinefile: medline16n0542.xml.gz
end with medlinefile: medline16n0540.xml.gz
CLosing the pipeline
start with medlinefile: medline16n0084.xml.gz
end with medlinefile: medline16n0552.xml.gz
CLosing the pipeline
start with medlinefile: medline16n0631.xml.gz
end with medlinefile: medline16n0705.xml.gz
CLosing the pipeline
start with medlinefile: medline16n0812.xml.gz
end with medlinefile: medline16n0084.xml.gz
CLosing the pipeline
start with medlinefile: medline16n0752.xml.gz
end with medlinefile: medline16n0542.xml.gz
CLosing the pipeline
start with medlinefile: medline16n0580.xml.gz
end with medlinefile: medline16n0812.xml.gz
CLosing the pipeline
start with medlinefile: medline16n0305.xml.gz
end with medlinefile: medline16n0631.xml.gz
CLosing the pipeline
start with medlinefile: medline16n0328.xml.gz
end with medlinefile: medline16n0752.xml.gz
CLosing the pipeline
start with medlinefile: medline16n0283.xml.gz
end with medlinefile: medline16n0305.xml.gz
CLosing the pipeline
start with medlinefile: medline16n0384.xml.gz
end with medlinefile: medline16n0580.xml.gz
CLosing the pipeline
start with medlinefile: medline16n0109.xml.gz
end with medlinefile: medline16n0328.xml.gz
CLosing the pipeline
start with medlinefile: medline16n0632.xml.gz
end with medlinefile: medline16n0283.xml.gz
CLosing the pipeline
start with medlinefile: medline16n0191.xml.gz
end with medlinefile: medline16n0109.xml.gz
CLosing the pipeline
start with medlinefile: medline16n0098.xml.gz
end with medlinefile: medline16n0098.xml.gz
CLosing the pipeline
start with medlinefile: medline16n0804.xml.gz
end with medlinefile: medline16n0384.xml.gz
CLosing the pipeline
start with medlinefile: medline16n0419.xml.gz
end with medlinefile: medline16n0191.xml.gz
CLosing the pipeline
start with medlinefile: medline16n0800.xml.gz
end with medlinefile: medline16n0632.xml.gz
CLosing the pipeline
start with medlinefile: medline16n0293.xml.gz
end with medlinefile: medline16n0800.xml.gz
CLosing the pipeline
start with medlinefile: medline16n0627.xml.gz
end with medlinefile: medline16n0419.xml.gz
CLosing the pipeline
start with medlinefile: medline16n0258.xml.gz
end with medlinefile: medline16n0804.xml.gz
CLosing the pipeline
start with medlinefile: medline16n0634.xml.gz
end with medlinefile: medline16n0293.xml.gz
CLosing the pipeline
start with medlinefile: medline16n0683.xml.gz
end with medlinefile: medline16n0258.xml.gz
CLosing the pipeline
start with medlinefile: medline16n0140.xml.gz
end with medlinefile: medline16n0627.xml.gz
CLosing the pipeline
start with medlinefile: medline16n0534.xml.gz
end with medlinefile: medline16n0634.xml.gz
CLosing the pipeline
start with medlinefile: medline16n0130.xml.gz
end with medlinefile: medline16n0683.xml.gz
CLosing the pipeline
start with medlinefile: medline16n0782.xml.gz
end with medlinefile: medline16n0140.xml.gz
CLosing the pipeline
start with medlinefile: medline16n0120.xml.gz
end with medlinefile: medline16n0130.xml.gz
CLosing the pipeline
start with medlinefile: medline16n0590.xml.gz
end with medlinefile: medline16n0120.xml.gz
CLosing the pipeline
start with medlinefile: medline16n0133.xml.gz
end with medlinefile: medline16n0534.xml.gz
CLosing the pipeline
start with medlinefile: medline16n0034.xml.gz
end with medlinefile: medline16n0782.xml.gz
CLosing the pipeline
start with medlinefile: medline16n0620.xml.gz
end with medlinefile: medline16n0133.xml.gz
CLosing the pipeline
start with medlinefile: medline16n0385.xml.gz
end with medlinefile: medline16n0034.xml.gz
CLosing the pipeline
start with medlinefile: medline16n0134.xml.gz
end with medlinefile: medline16n0590.xml.gz
CLosing the pipeline
start with medlinefile: medline16n0480.xml.gz
end with medlinefile: medline16n0134.xml.gz
CLosing the pipeline
start with medlinefile: medline16n0164.xml.gz
end with medlinefile: medline16n0385.xml.gz
CLosing the pipeline
start with medlinefile: medline16n0160.xml.gz
end with medlinefile: medline16n0620.xml.gz
CLosing the pipeline
start with medlinefile: medline16n0245.xml.gz
end with medlinefile: medline16n0480.xml.gz
CLosing the pipeline
start with medlinefile: medline16n0641.xml.gz
end with medlinefile: medline16n0164.xml.gz
CLosing the pipeline
start with medlinefile: medline16n0572.xml.gz
end with medlinefile: medline16n0160.xml.gz
CLosing the pipeline
start with medlinefile: medline16n0092.xml.gz
end with medlinefile: medline16n0245.xml.gz
CLosing the pipeline
start with medlinefile: medline16n0004.xml.gz
end with medlinefile: medline16n0004.xml.gz
CLosing the pipeline
start with medlinefile: medline16n0152.xml.gz
end with medlinefile: medline16n0092.xml.gz
CLosing the pipeline
start with medlinefile: medline16n0198.xml.gz
end with medlinefile: medline16n0641.xml.gz
CLosing the pipeline
start with medlinefile: medline16n0204.xml.gz
end with medlinefile: medline16n0572.xml.gz
CLosing the pipeline
start with medlinefile: medline16n0244.xml.gz
end with medlinefile: medline16n0152.xml.gz
CLosing the pipeline
start with medlinefile: medline16n0001.xml.gz
end with medlinefile: medline16n0001.xml.gz
CLosing the pipeline
start with medlinefile: medline16n0106.xml.gz
end with medlinefile: medline16n0198.xml.gz
CLosing the pipeline
start with medlinefile: medline16n0071.xml.gz
end with medlinefile: medline16n0204.xml.gz
CLosing the pipeline
start with medlinefile: medline16n0060.xml.gz
end with medlinefile: medline16n0106.xml.gz
CLosing the pipeline
start with medlinefile: medline16n0158.xml.gz
end with medlinefile: medline16n0071.xml.gz
CLosing the pipeline
start with medlinefile: medline16n0040.xml.gz
end with medlinefile: medline16n0244.xml.gz
CLosing the pipeline
start with medlinefile: medline16n0320.xml.gz
end with medlinefile: medline16n0060.xml.gz
CLosing the pipeline
start with medlinefile: medline16n0346.xml.gz
end with medlinefile: medline16n0158.xml.gz
CLosing the pipeline
start with medlinefile: medline16n0469.xml.gz
end with medlinefile: medline16n0040.xml.gz
CLosing the pipeline
start with medlinefile: medline16n0761.xml.gz
end with medlinefile: medline16n0320.xml.gz
CLosing the pipeline
start with medlinefile: medline16n0364.xml.gz
end with medlinefile: medline16n0346.xml.gz
CLosing the pipeline
start with medlinefile: medline16n0458.xml.gz
end with medlinefile: medline16n0469.xml.gz
CLosing the pipeline
start with medlinefile: medline16n0085.xml.gz
end with medlinefile: medline16n0761.xml.gz
CLosing the pipeline
start with medlinefile: medline16n0091.xml.gz
end with medlinefile: medline16n0085.xml.gz
CLosing the pipeline
start with medlinefile: medline16n0787.xml.gz
end with medlinefile: medline16n0364.xml.gz
CLosing the pipeline
start with medlinefile: medline16n0321.xml.gz
end with medlinefile: medline16n0091.xml.gz
CLosing the pipeline
start with medlinefile: medline16n0218.xml.gz
end with medlinefile: medline16n0458.xml.gz
CLosing the pipeline
start with medlinefile: medline16n0087.xml.gz
end with medlinefile: medline16n0087.xml.gz
CLosing the pipeline
start with medlinefile: medline16n0101.xml.gz
end with medlinefile: medline16n0321.xml.gz
CLosing the pipeline
start with medlinefile: medline16n0592.xml.gz
end with medlinefile: medline16n0787.xml.gz
CLosing the pipeline
start with medlinefile: medline16n0185.xml.gz
end with medlinefile: medline16n0101.xml.gz
CLosing the pipeline
start with medlinefile: medline16n0645.xml.gz
end with medlinefile: medline16n0218.xml.gz
CLosing the pipeline
start with medlinefile: medline16n0313.xml.gz
end with medlinefile: medline16n0185.xml.gz
CLosing the pipeline
start with medlinefile: medline16n0677.xml.gz
end with medlinefile: medline16n0592.xml.gz
CLosing the pipeline
start with medlinefile: medline16n0809.xml.gz
end with medlinefile: medline16n0313.xml.gz
CLosing the pipeline
start with medlinefile: medline16n0032.xml.gz
end with medlinefile: medline16n0645.xml.gz
CLosing the pipeline
start with medlinefile: medline16n0564.xml.gz
end with medlinefile: medline16n0032.xml.gz
CLosing the pipeline
start with medlinefile: medline16n0397.xml.gz
end with medlinefile: medline16n0677.xml.gz
CLosing the pipeline
start with medlinefile: medline16n0649.xml.gz
end with medlinefile: medline16n0809.xml.gz
CLosing the pipeline
start with medlinefile: medline16n0220.xml.gz
end with medlinefile: medline16n0564.xml.gz
CLosing the pipeline
start with medlinefile: medline16n0716.xml.gz
end with medlinefile: medline16n0397.xml.gz
CLosing the pipeline
start with medlinefile: medline16n0213.xml.gz
end with medlinefile: medline16n0649.xml.gz
CLosing the pipeline
start with medlinefile: medline16n0014.xml.gz
end with medlinefile: medline16n0220.xml.gz
CLosing the pipeline
start with medlinefile: medline16n0358.xml.gz
end with medlinefile: medline16n0014.xml.gz
CLosing the pipeline
start with medlinefile: medline16n0715.xml.gz
end with medlinefile: medline16n0213.xml.gz
CLosing the pipeline
start with medlinefile: medline16n0129.xml.gz
end with medlinefile: medline16n0716.xml.gz
CLosing the pipeline
start with medlinefile: medline16n0456.xml.gz
end with medlinefile: medline16n0129.xml.gz
CLosing the pipeline
start with medlinefile: medline16n0033.xml.gz
end with medlinefile: medline16n0358.xml.gz
CLosing the pipeline
start with medlinefile: medline16n0157.xml.gz
end with medlinefile: medline16n0456.xml.gz
CLosing the pipeline
start with medlinefile: medline16n0481.xml.gz
end with medlinefile: medline16n0033.xml.gz
CLosing the pipeline
start with medlinefile: medline16n0403.xml.gz
end with medlinefile: medline16n0715.xml.gz
CLosing the pipeline
start with medlinefile: medline16n0353.xml.gz
end with medlinefile: medline16n0157.xml.gz
CLosing the pipeline
start with medlinefile: medline16n0380.xml.gz
end with medlinefile: medline16n0353.xml.gz
CLosing the pipeline
start with medlinefile: medline16n0336.xml.gz
end with medlinefile: medline16n0403.xml.gz
CLosing the pipeline
start with medlinefile: medline16n0352.xml.gz
end with medlinefile: medline16n0481.xml.gz
CLosing the pipeline
start with medlinefile: medline16n0414.xml.gz
end with medlinefile: medline16n0380.xml.gz
CLosing the pipeline
start with medlinefile: medline16n0324.xml.gz
end with medlinefile: medline16n0336.xml.gz
CLosing the pipeline
start with medlinefile: medline16n0300.xml.gz
end with medlinefile: medline16n0352.xml.gz
CLosing the pipeline
start with medlinefile: medline16n0269.xml.gz
end with medlinefile: medline16n0414.xml.gz
CLosing the pipeline
start with medlinefile: medline16n0655.xml.gz
end with medlinefile: medline16n0324.xml.gz
CLosing the pipeline
start with medlinefile: medline16n0089.xml.gz
end with medlinefile: medline16n0300.xml.gz
CLosing the pipeline
start with medlinefile: medline16n0257.xml.gz
end with medlinefile: medline16n0269.xml.gz
CLosing the pipeline
start with medlinefile: medline16n0708.xml.gz
end with medlinefile: medline16n0089.xml.gz
CLosing the pipeline
start with medlinefile: medline16n0701.xml.gz
end with medlinefile: medline16n0655.xml.gz
CLosing the pipeline
start with medlinefile: medline16n0178.xml.gz
end with medlinefile: medline16n0257.xml.gz
CLosing the pipeline
start with medlinefile: medline16n0624.xml.gz
end with medlinefile: medline16n0178.xml.gz
CLosing the pipeline
start with medlinefile: medline16n0622.xml.gz
end with medlinefile: medline16n0708.xml.gz
CLosing the pipeline
start with medlinefile: medline16n0687.xml.gz
end with medlinefile: medline16n0624.xml.gz
CLosing the pipeline
start with medlinefile: medline16n0243.xml.gz
end with medlinefile: medline16n0701.xml.gz
CLosing the pipeline
start with medlinefile: medline16n0512.xml.gz
end with medlinefile: medline16n0622.xml.gz
CLosing the pipeline
start with medlinefile: medline16n0284.xml.gz
end with medlinefile: medline16n0243.xml.gz
CLosing the pipeline
start with medlinefile: medline16n0487.xml.gz
end with medlinefile: medline16n0687.xml.gz
CLosing the pipeline
start with medlinefile: medline16n0488.xml.gz
end with medlinefile: medline16n0512.xml.gz
CLosing the pipeline
start with medlinefile: medline16n0363.xml.gz
end with medlinefile: medline16n0284.xml.gz
CLosing the pipeline
start with medlinefile: medline16n0518.xml.gz
end with medlinefile: medline16n0487.xml.gz
CLosing the pipeline
start with medlinefile: medline16n0436.xml.gz
end with medlinefile: medline16n0488.xml.gz
CLosing the pipeline
start with medlinefile: medline16n0199.xml.gz
end with medlinefile: medline16n0363.xml.gz
CLosing the pipeline
start with medlinefile: medline16n0343.xml.gz
end with medlinefile: medline16n0518.xml.gz
CLosing the pipeline
start with medlinefile: medline16n0697.xml.gz
end with medlinefile: medline16n0436.xml.gz
CLosing the pipeline
start with medlinefile: medline16n0223.xml.gz
end with medlinefile: medline16n0199.xml.gz
CLosing the pipeline
start with medlinefile: medline16n0082.xml.gz
end with medlinefile: medline16n0343.xml.gz
CLosing the pipeline
start with medlinefile: medline16n0197.xml.gz
end with medlinefile: medline16n0223.xml.gz
CLosing the pipeline
start with medlinefile: medline16n0537.xml.gz
end with medlinefile: medline16n0697.xml.gz
CLosing the pipeline
start with medlinefile: medline16n0255.xml.gz
end with medlinefile: medline16n0082.xml.gz
CLosing the pipeline
start with medlinefile: medline16n0038.xml.gz
end with medlinefile: medline16n0197.xml.gz
CLosing the pipeline
start with medlinefile: medline16n0024.xml.gz
end with medlinefile: medline16n0038.xml.gz
CLosing the pipeline
start with medlinefile: medline16n0737.xml.gz
end with medlinefile: medline16n0255.xml.gz
CLosing the pipeline
start with medlinefile: medline16n0102.xml.gz
end with medlinefile: medline16n0024.xml.gz
CLosing the pipeline
start with medlinefile: medline16n0497.xml.gz
end with medlinefile: medline16n0537.xml.gz
CLosing the pipeline
start with medlinefile: medline16n0546.xml.gz
end with medlinefile: medline16n0102.xml.gz
CLosing the pipeline
start with medlinefile: medline16n0543.xml.gz
end with medlinefile: medline16n0737.xml.gz
CLosing the pipeline
start with medlinefile: medline16n0605.xml.gz
end with medlinefile: medline16n0497.xml.gz
CLosing the pipeline
start with medlinefile: medline16n0442.xml.gz
end with medlinefile: medline16n0546.xml.gz
CLosing the pipeline
start with medlinefile: medline16n0025.xml.gz
end with medlinefile: medline16n0543.xml.gz
CLosing the pipeline
start with medlinefile: medline16n0307.xml.gz
end with medlinefile: medline16n0025.xml.gz
CLosing the pipeline
start with medlinefile: medline16n0739.xml.gz
end with medlinefile: medline16n0605.xml.gz
CLosing the pipeline
start with medlinefile: medline16n0415.xml.gz
end with medlinefile: medline16n0442.xml.gz
CLosing the pipeline
start with medlinefile: medline16n0228.xml.gz
end with medlinefile: medline16n0307.xml.gz
CLosing the pipeline
start with medlinefile: medline16n0783.xml.gz
end with medlinefile: medline16n0739.xml.gz
CLosing the pipeline
start with medlinefile: medline16n0735.xml.gz
end with medlinefile: medline16n0228.xml.gz
CLosing the pipeline
start with medlinefile: medline16n0664.xml.gz
end with medlinefile: medline16n0415.xml.gz
CLosing the pipeline
start with medlinefile: medline16n0428.xml.gz
end with medlinefile: medline16n0783.xml.gz
CLosing the pipeline
start with medlinefile: medline16n0482.xml.gz
end with medlinefile: medline16n0735.xml.gz
CLosing the pipeline
start with medlinefile: medline16n0391.xml.gz
end with medlinefile: medline16n0428.xml.gz
CLosing the pipeline
start with medlinefile: medline16n0798.xml.gz
end with medlinefile: medline16n0664.xml.gz
CLosing the pipeline
start with medlinefile: medline16n0767.xml.gz
end with medlinefile: medline16n0391.xml.gz
CLosing the pipeline
start with medlinefile: medline16n0065.xml.gz
end with medlinefile: medline16n0482.xml.gz
CLosing the pipeline
start with medlinefile: medline16n0425.xml.gz
end with medlinefile: medline16n0065.xml.gz
CLosing the pipeline
start with medlinefile: medline16n0153.xml.gz
end with medlinefile: medline16n0798.xml.gz
CLosing the pipeline
start with medlinefile: medline16n0020.xml.gz
end with medlinefile: medline16n0153.xml.gz
CLosing the pipeline
start with medlinefile: medline16n0597.xml.gz
end with medlinefile: medline16n0767.xml.gz
CLosing the pipeline
start with medlinefile: medline16n0603.xml.gz
end with medlinefile: medline16n0425.xml.gz
CLosing the pipeline
start with medlinefile: medline16n0165.xml.gz
end with medlinefile: medline16n0020.xml.gz
CLosing the pipeline
start with medlinefile: medline16n0319.xml.gz
end with medlinefile: medline16n0165.xml.gz
CLosing the pipeline
start with medlinefile: medline16n0775.xml.gz
end with medlinefile: medline16n0597.xml.gz
CLosing the pipeline
start with medlinefile: medline16n0296.xml.gz
end with medlinefile: medline16n0319.xml.gz
CLosing the pipeline
start with medlinefile: medline16n0156.xml.gz
end with medlinefile: medline16n0603.xml.gz
CLosing the pipeline
start with medlinefile: medline16n0290.xml.gz
end with medlinefile: medline16n0296.xml.gz
CLosing the pipeline
start with medlinefile: medline16n0057.xml.gz
end with medlinefile: medline16n0775.xml.gz
CLosing the pipeline
start with medlinefile: medline16n0571.xml.gz
end with medlinefile: medline16n0156.xml.gz
CLosing the pipeline
start with medlinefile: medline16n0167.xml.gz
end with medlinefile: medline16n0057.xml.gz
CLosing the pipeline
start with medlinefile: medline16n0528.xml.gz
end with medlinefile: medline16n0290.xml.gz
CLosing the pipeline
start with medlinefile: medline16n0747.xml.gz
end with medlinefile: medline16n0167.xml.gz
CLosing the pipeline
start with medlinefile: medline16n0628.xml.gz
end with medlinefile: medline16n0571.xml.gz
CLosing the pipeline
start with medlinefile: medline16n0338.xml.gz
end with medlinefile: medline16n0528.xml.gz
CLosing the pipeline
start with medlinefile: medline16n0016.xml.gz
end with medlinefile: medline16n0016.xml.gz
CLosing the pipeline
start with medlinefile: medline16n0155.xml.gz
end with medlinefile: medline16n0747.xml.gz
CLosing the pipeline
start with medlinefile: medline16n0254.xml.gz
end with medlinefile: medline16n0628.xml.gz
CLosing the pipeline
start with medlinefile: medline16n0398.xml.gz
end with medlinefile: medline16n0338.xml.gz
CLosing the pipeline
start with medlinefile: medline16n0295.xml.gz
end with medlinefile: medline16n0155.xml.gz
CLosing the pipeline
start with medlinefile: medline16n0308.xml.gz
end with medlinefile: medline16n0254.xml.gz
CLosing the pipeline
start with medlinefile: medline16n0302.xml.gz
end with medlinefile: medline16n0295.xml.gz
CLosing the pipeline
start with medlinefile: medline16n0521.xml.gz
end with medlinefile: medline16n0308.xml.gz
CLosing the pipeline
start with medlinefile: medline16n0757.xml.gz
end with medlinefile: medline16n0398.xml.gz
CLosing the pipeline
start with medlinefile: medline16n0367.xml.gz
end with medlinefile: medline16n0302.xml.gz
CLosing the pipeline
start with medlinefile: medline16n0759.xml.gz
end with medlinefile: medline16n0521.xml.gz
CLosing the pipeline
start with medlinefile: medline16n0108.xml.gz
end with medlinefile: medline16n0757.xml.gz
CLosing the pipeline
start with medlinefile: medline16n0774.xml.gz
end with medlinefile: medline16n0367.xml.gz
CLosing the pipeline
start with medlinefile: medline16n0182.xml.gz
end with medlinefile: medline16n0108.xml.gz
CLosing the pipeline
start with medlinefile: medline16n0514.xml.gz
end with medlinefile: medline16n0759.xml.gz
CLosing the pipeline
start with medlinefile: medline16n0548.xml.gz
end with medlinefile: medline16n0182.xml.gz
CLosing the pipeline
start with medlinefile: medline16n0449.xml.gz
end with medlinefile: medline16n0514.xml.gz
CLosing the pipeline
start with medlinefile: medline16n0400.xml.gz
end with medlinefile: medline16n0774.xml.gz
CLosing the pipeline
start with medlinefile: medline16n0335.xml.gz
end with medlinefile: medline16n0548.xml.gz
CLosing the pipeline
start with medlinefile: medline16n0691.xml.gz
end with medlinefile: medline16n0449.xml.gz
CLosing the pipeline
start with medlinefile: medline16n0139.xml.gz
end with medlinefile: medline16n0335.xml.gz
CLosing the pipeline
start with medlinefile: medline16n0692.xml.gz
end with medlinefile: medline16n0400.xml.gz
CLosing the pipeline
start with medlinefile: medline16n0785.xml.gz
end with medlinefile: medline16n0139.xml.gz
CLosing the pipeline
start with medlinefile: medline16n0475.xml.gz
end with medlinefile: medline16n0691.xml.gz
CLosing the pipeline
start with medlinefile: medline16n0266.xml.gz
end with medlinefile: medline16n0692.xml.gz
CLosing the pipeline
start with medlinefile: medline16n0675.xml.gz
end with medlinefile: medline16n0785.xml.gz
CLosing the pipeline
start with medlinefile: medline16n0053.xml.gz
end with medlinefile: medline16n0266.xml.gz
CLosing the pipeline
start with medlinefile: medline16n0277.xml.gz
end with medlinefile: medline16n0053.xml.gz
CLosing the pipeline
start with medlinefile: medline16n0028.xml.gz
end with medlinefile: medline16n0475.xml.gz
CLosing the pipeline
start with medlinefile: medline16n0754.xml.gz
end with medlinefile: medline16n0028.xml.gz
CLosing the pipeline
start with medlinefile: medline16n0186.xml.gz
end with medlinefile: medline16n0675.xml.gz
CLosing the pipeline
start with medlinefile: medline16n0618.xml.gz
end with medlinefile: medline16n0186.xml.gz
CLosing the pipeline
start with medlinefile: medline16n0733.xml.gz
end with medlinefile: medline16n0277.xml.gz
CLosing the pipeline
start with medlinefile: medline16n0569.xml.gz
end with medlinefile: medline16n0754.xml.gz
CLosing the pipeline
start with medlinefile: medline16n0278.xml.gz
end with medlinefile: medline16n0618.xml.gz
CLosing the pipeline
start with medlinefile: medline16n0681.xml.gz
end with medlinefile: medline16n0733.xml.gz
CLosing the pipeline
start with medlinefile: medline16n0344.xml.gz
end with medlinefile: medline16n0569.xml.gz
CLosing the pipeline
start with medlinefile: medline16n0169.xml.gz
end with medlinefile: medline16n0278.xml.gz
CLosing the pipeline
start with medlinefile: medline16n0011.xml.gz
end with medlinefile: medline16n0011.xml.gz
CLosing the pipeline
start with medlinefile: medline16n0509.xml.gz
end with medlinefile: medline16n0169.xml.gz
CLosing the pipeline
start with medlinefile: medline16n0239.xml.gz
end with medlinefile: medline16n0681.xml.gz
CLosing the pipeline
start with medlinefile: medline16n0463.xml.gz
end with medlinefile: medline16n0344.xml.gz
CLosing the pipeline
start with medlinefile: medline16n0630.xml.gz
end with medlinefile: medline16n0239.xml.gz
CLosing the pipeline
start with medlinefile: medline16n0362.xml.gz
end with medlinefile: medline16n0509.xml.gz
CLosing the pipeline
start with medlinefile: medline16n0719.xml.gz
end with medlinefile: medline16n0463.xml.gz
CLosing the pipeline
start with medlinefile: medline16n0341.xml.gz
end with medlinefile: medline16n0630.xml.gz
CLosing the pipeline
start with medlinefile: medline16n0416.xml.gz
end with medlinefile: medline16n0362.xml.gz
CLosing the pipeline
start with medlinefile: medline16n0443.xml.gz
end with medlinefile: medline16n0341.xml.gz
CLosing the pipeline
start with medlinefile: medline16n0682.xml.gz
end with medlinefile: medline16n0719.xml.gz
CLosing the pipeline
start with medlinefile: medline16n0621.xml.gz
end with medlinefile: medline16n0416.xml.gz
CLosing the pipeline
start with medlinefile: medline16n0718.xml.gz
end with medlinefile: medline16n0443.xml.gz
CLosing the pipeline
start with medlinefile: medline16n0233.xml.gz
end with medlinefile: medline16n0682.xml.gz
CLosing the pipeline
start with medlinefile: medline16n0710.xml.gz
end with medlinefile: medline16n0621.xml.gz
CLosing the pipeline
start with medlinefile: medline16n0462.xml.gz
end with medlinefile: medline16n0718.xml.gz
CLosing the pipeline
start with medlinefile: medline16n0803.xml.gz
end with medlinefile: medline16n0233.xml.gz
CLosing the pipeline
start with medlinefile: medline16n0247.xml.gz
end with medlinefile: medline16n0710.xml.gz
CLosing the pipeline
start with medlinefile: medline16n0405.xml.gz
end with medlinefile: medline16n0462.xml.gz
CLosing the pipeline
start with medlinefile: medline16n0110.xml.gz
end with medlinefile: medline16n0247.xml.gz
CLosing the pipeline
start with medlinefile: medline16n0525.xml.gz
end with medlinefile: medline16n0803.xml.gz
CLosing the pipeline
start with medlinefile: medline16n0154.xml.gz
end with medlinefile: medline16n0110.xml.gz
CLosing the pipeline
start with medlinefile: medline16n0195.xml.gz
end with medlinefile: medline16n0405.xml.gz
CLosing the pipeline
start with medlinefile: medline16n0520.xml.gz
end with medlinefile: medline16n0154.xml.gz
CLosing the pipeline
start with medlinefile: medline16n0174.xml.gz
end with medlinefile: medline16n0525.xml.gz
CLosing the pipeline
start with medlinefile: medline16n0575.xml.gz
end with medlinefile: medline16n0195.xml.gz
CLosing the pipeline
start with medlinefile: medline16n0434.xml.gz
end with medlinefile: medline16n0174.xml.gz
CLosing the pipeline
start with medlinefile: medline16n0789.xml.gz
end with medlinefile: medline16n0520.xml.gz
CLosing the pipeline
start with medlinefile: medline16n0507.xml.gz
end with medlinefile: medline16n0575.xml.gz
CLosing the pipeline
start with medlinefile: medline16n0235.xml.gz
end with medlinefile: medline16n0434.xml.gz
CLosing the pipeline
start with medlinefile: medline16n0615.xml.gz
end with medlinefile: medline16n0789.xml.gz
CLosing the pipeline
start with medlinefile: medline16n0792.xml.gz
end with medlinefile: medline16n0507.xml.gz
CLosing the pipeline
start with medlinefile: medline16n0036.xml.gz
end with medlinefile: medline16n0235.xml.gz
CLosing the pipeline
start with medlinefile: medline16n0070.xml.gz
end with medlinefile: medline16n0036.xml.gz
CLosing the pipeline
start with medlinefile: medline16n0061.xml.gz
end with medlinefile: medline16n0061.xml.gz
CLosing the pipeline
start with medlinefile: medline16n0585.xml.gz
end with medlinefile: medline16n0615.xml.gz
CLosing the pipeline
start with medlinefile: medline16n0756.xml.gz
end with medlinefile: medline16n0070.xml.gz
CLosing the pipeline
start with medlinefile: medline16n0317.xml.gz
end with medlinefile: medline16n0792.xml.gz
CLosing the pipeline
start with medlinefile: medline16n0388.xml.gz
end with medlinefile: medline16n0585.xml.gz
CLosing the pipeline
start with medlinefile: medline16n0422.xml.gz
end with medlinefile: medline16n0317.xml.gz
CLosing the pipeline
start with medlinefile: medline16n0347.xml.gz
end with medlinefile: medline16n0756.xml.gz
CLosing the pipeline
start with medlinefile: medline16n0642.xml.gz
end with medlinefile: medline16n0388.xml.gz
CLosing the pipeline
start with medlinefile: medline16n0499.xml.gz
end with medlinefile: medline16n0422.xml.gz
CLosing the pipeline
start with medlinefile: medline16n0790.xml.gz
end with medlinefile: medline16n0347.xml.gz
CLosing the pipeline
start with medlinefile: medline16n0056.xml.gz
end with medlinefile: medline16n0499.xml.gz
CLosing the pipeline
start with medlinefile: medline16n0421.xml.gz
end with medlinefile: medline16n0642.xml.gz
CLosing the pipeline
start with medlinefile: medline16n0196.xml.gz
end with medlinefile: medline16n0056.xml.gz
CLosing the pipeline
start with medlinefile: medline16n0249.xml.gz
end with medlinefile: medline16n0790.xml.gz
CLosing the pipeline
start with medlinefile: medline16n0802.xml.gz
end with medlinefile: medline16n0196.xml.gz
CLosing the pipeline
start with medlinefile: medline16n0667.xml.gz
end with medlinefile: medline16n0421.xml.gz
CLosing the pipeline
start with medlinefile: medline16n0289.xml.gz
end with medlinefile: medline16n0249.xml.gz
CLosing the pipeline
start with medlinefile: medline16n0466.xml.gz
end with medlinefile: medline16n0289.xml.gz
CLosing the pipeline
start with medlinefile: medline16n0513.xml.gz
end with medlinefile: medline16n0802.xml.gz
CLosing the pipeline
start with medlinefile: medline16n0409.xml.gz
end with medlinefile: medline16n0667.xml.gz
CLosing the pipeline
start with medlinefile: medline16n0068.xml.gz
end with medlinefile: medline16n0466.xml.gz
CLosing the pipeline
start with medlinefile: medline16n0242.xml.gz
end with medlinefile: medline16n0068.xml.gz
CLosing the pipeline
start with medlinefile: medline16n0468.xml.gz
end with medlinefile: medline16n0513.xml.gz
CLosing the pipeline
start with medlinefile: medline16n0795.xml.gz
end with medlinefile: medline16n0409.xml.gz
CLosing the pipeline
start with medlinefile: medline16n0440.xml.gz
end with medlinefile: medline16n0242.xml.gz
CLosing the pipeline
start with medlinefile: medline16n0728.xml.gz
end with medlinefile: medline16n0468.xml.gz
CLosing the pipeline
start with medlinefile: medline16n0030.xml.gz
end with medlinefile: medline16n0030.xml.gz
CLosing the pipeline
start with medlinefile: medline16n0672.xml.gz
end with medlinefile: medline16n0795.xml.gz
CLosing the pipeline
start with medlinefile: medline16n0263.xml.gz
end with medlinefile: medline16n0440.xml.gz
CLosing the pipeline
start with medlinefile: medline16n0327.xml.gz
end with medlinefile: medline16n0728.xml.gz
CLosing the pipeline
start with medlinefile: medline16n0426.xml.gz
end with medlinefile: medline16n0263.xml.gz
CLosing the pipeline
start with medlinefile: medline16n0373.xml.gz
end with medlinefile: medline16n0327.xml.gz
CLosing the pipeline
start with medlinefile: medline16n0749.xml.gz
end with medlinefile: medline16n0672.xml.gz
CLosing the pipeline
start with medlinefile: medline16n0226.xml.gz
end with medlinefile: medline16n0426.xml.gz
CLosing the pipeline
start with medlinefile: medline16n0561.xml.gz
end with medlinefile: medline16n0373.xml.gz
CLosing the pipeline
start with medlinefile: medline16n0437.xml.gz
end with medlinefile: medline16n0226.xml.gz
CLosing the pipeline
start with medlinefile: medline16n0232.xml.gz
end with medlinefile: medline16n0749.xml.gz
CLosing the pipeline
start with medlinefile: medline16n0021.xml.gz
end with medlinefile: medline16n0561.xml.gz
CLosing the pipeline
start with medlinefile: medline16n0556.xml.gz
end with medlinefile: medline16n0021.xml.gz
CLosing the pipeline
start with medlinefile: medline16n0659.xml.gz
end with medlinefile: medline16n0232.xml.gz
CLosing the pipeline
start with medlinefile: medline16n0811.xml.gz
end with medlinefile: medline16n0437.xml.gz
CLosing the pipeline
start with medlinefile: medline16n0420.xml.gz
end with medlinefile: medline16n0659.xml.gz
CLosing the pipeline
start with medlinefile: medline16n0668.xml.gz
end with medlinefile: medline16n0556.xml.gz
CLosing the pipeline
start with medlinefile: medline16n0445.xml.gz
end with medlinefile: medline16n0811.xml.gz
CLosing the pipeline
start with medlinefile: medline16n0736.xml.gz
end with medlinefile: medline16n0420.xml.gz
CLosing the pipeline
start with medlinefile: medline16n0365.xml.gz
end with medlinefile: medline16n0668.xml.gz
CLosing the pipeline
start with medlinefile: medline16n0301.xml.gz
end with medlinefile: medline16n0445.xml.gz
CLosing the pipeline
start with medlinefile: medline16n0601.xml.gz
end with medlinefile: medline16n0736.xml.gz
CLosing the pipeline
start with medlinefile: medline16n0619.xml.gz
end with medlinefile: medline16n0365.xml.gz
CLosing the pipeline
start with medlinefile: medline16n0776.xml.gz
end with medlinefile: medline16n0301.xml.gz
CLosing the pipeline
start with medlinefile: medline16n0431.xml.gz
end with medlinefile: medline16n0601.xml.gz
CLosing the pipeline
start with medlinefile: medline16n0742.xml.gz
end with medlinefile: medline16n0776.xml.gz
CLosing the pipeline
start with medlinefile: medline16n0163.xml.gz
end with medlinefile: medline16n0619.xml.gz
CLosing the pipeline
start with medlinefile: medline16n0717.xml.gz
end with medlinefile: medline16n0431.xml.gz
CLosing the pipeline
start with medlinefile: medline16n0763.xml.gz
end with medlinefile: medline16n0163.xml.gz
CLosing the pipeline
start with medlinefile: medline16n0023.xml.gz
end with medlinefile: medline16n0023.xml.gz
CLosing the pipeline
start with medlinefile: medline16n0612.xml.gz
end with medlinefile: medline16n0742.xml.gz
CLosing the pipeline
start with medlinefile: medline16n0455.xml.gz
end with medlinefile: medline16n0717.xml.gz
CLosing the pipeline
start with medlinefile: medline16n0773.xml.gz
end with medlinefile: medline16n0763.xml.gz
CLosing the pipeline
start with medlinefile: medline16n0479.xml.gz
end with medlinefile: medline16n0612.xml.gz
CLosing the pipeline
start with medlinefile: medline16n0769.xml.gz
end with medlinefile: medline16n0455.xml.gz
CLosing the pipeline
start with medlinefile: medline16n0745.xml.gz
end with medlinefile: medline16n0773.xml.gz
CLosing the pipeline
start with medlinefile: medline16n0550.xml.gz
end with medlinefile: medline16n0479.xml.gz
CLosing the pipeline
start with medlinefile: medline16n0700.xml.gz
end with medlinefile: medline16n0769.xml.gz
CLosing the pipeline
start with medlinefile: medline16n0389.xml.gz
end with medlinefile: medline16n0745.xml.gz
CLosing the pipeline
start with medlinefile: medline16n0104.xml.gz
end with medlinefile: medline16n0550.xml.gz
CLosing the pipeline
start with medlinefile: medline16n0635.xml.gz
end with medlinefile: medline16n0700.xml.gz
CLosing the pipeline
start with medlinefile: medline16n0793.xml.gz
end with medlinefile: medline16n0104.xml.gz
CLosing the pipeline
start with medlinefile: medline16n0027.xml.gz
end with medlinefile: medline16n0389.xml.gz
CLosing the pipeline
start with medlinefile: medline16n0439.xml.gz
end with medlinefile: medline16n0027.xml.gz
CLosing the pipeline
start with medlinefile: medline16n0261.xml.gz
end with medlinefile: medline16n0439.xml.gz
CLosing the pipeline
start with medlinefile: medline16n0055.xml.gz
end with medlinefile: medline16n0635.xml.gz
CLosing the pipeline
start with medlinefile: medline16n0003.xml.gz
end with medlinefile: medline16n0793.xml.gz
CLosing the pipeline
start with medlinefile: medline16n0515.xml.gz
end with medlinefile: medline16n0261.xml.gz
CLosing the pipeline
start with medlinefile: medline16n0122.xml.gz
end with medlinefile: medline16n0055.xml.gz
CLosing the pipeline
start with medlinefile: medline16n0299.xml.gz
end with medlinefile: medline16n0003.xml.gz
CLosing the pipeline
start with medlinefile: medline16n0064.xml.gz
end with medlinefile: medline16n0064.xml.gz
CLosing the pipeline
start with medlinefile: medline16n0589.xml.gz
end with medlinefile: medline16n0122.xml.gz
CLosing the pipeline
start with medlinefile: medline16n0214.xml.gz
end with medlinefile: medline16n0299.xml.gz
CLosing the pipeline
start with medlinefile: medline16n0583.xml.gz
end with medlinefile: medline16n0515.xml.gz
CLosing the pipeline
start with medlinefile: medline16n0206.xml.gz
end with medlinefile: medline16n0214.xml.gz
CLosing the pipeline
start with medlinefile: medline16n0551.xml.gz
end with medlinefile: medline16n0206.xml.gz
CLosing the pipeline
start with medlinefile: medline16n0722.xml.gz
end with medlinefile: medline16n0589.xml.gz
CLosing the pipeline
start with medlinefile: medline16n0166.xml.gz
end with medlinefile: medline16n0583.xml.gz
CLosing the pipeline
start with medlinefile: medline16n0309.xml.gz
end with medlinefile: medline16n0166.xml.gz
CLosing the pipeline
start with medlinefile: medline16n0006.xml.gz
end with medlinefile: medline16n0551.xml.gz
CLosing the pipeline
start with medlinefile: medline16n0644.xml.gz
end with medlinefile: medline16n0006.xml.gz
CLosing the pipeline
start with medlinefile: medline16n0694.xml.gz
end with medlinefile: medline16n0722.xml.gz
CLosing the pipeline
start with medlinefile: medline16n0734.xml.gz
end with medlinefile: medline16n0309.xml.gz
CLosing the pipeline
start with medlinefile: medline16n0423.xml.gz
end with medlinefile: medline16n0644.xml.gz
CLosing the pipeline
start with medlinefile: medline16n0348.xml.gz
end with medlinefile: medline16n0694.xml.gz
CLosing the pipeline
start with medlinefile: medline16n0168.xml.gz
end with medlinefile: medline16n0734.xml.gz
CLosing the pipeline
start with medlinefile: medline16n0103.xml.gz
end with medlinefile: medline16n0423.xml.gz
CLosing the pipeline
start with medlinefile: medline16n0779.xml.gz
end with medlinefile: medline16n0103.xml.gz
CLosing the pipeline
start with medlinefile: medline16n0464.xml.gz
end with medlinefile: medline16n0168.xml.gz
CLosing the pipeline
start with medlinefile: medline16n0476.xml.gz
end with medlinefile: medline16n0348.xml.gz
CLosing the pipeline
start with medlinefile: medline16n0483.xml.gz
end with medlinefile: medline16n0779.xml.gz
CLosing the pipeline
start with medlinefile: medline16n0113.xml.gz
end with medlinefile: medline16n0464.xml.gz
CLosing the pipeline
start with medlinefile: medline16n0594.xml.gz
end with medlinefile: medline16n0113.xml.gz
CLosing the pipeline
start with medlinefile: medline16n0048.xml.gz
end with medlinefile: medline16n0476.xml.gz
CLosing the pipeline
start with medlinefile: medline16n0323.xml.gz
end with medlinefile: medline16n0048.xml.gz
CLosing the pipeline
start with medlinefile: medline16n0467.xml.gz
end with medlinefile: medline16n0483.xml.gz
CLosing the pipeline
start with medlinefile: medline16n0766.xml.gz
end with medlinefile: medline16n0323.xml.gz
CLosing the pipeline
start with medlinefile: medline16n0112.xml.gz
end with medlinefile: medline16n0594.xml.gz
CLosing the pipeline
start with medlinefile: medline16n0536.xml.gz
end with medlinefile: medline16n0467.xml.gz
CLosing the pipeline
start with medlinefile: medline16n0151.xml.gz
end with medlinefile: medline16n0112.xml.gz
CLosing the pipeline
start with medlinefile: medline16n0079.xml.gz
end with medlinefile: medline16n0766.xml.gz
CLosing the pipeline
start with medlinefile: medline16n0593.xml.gz
end with medlinefile: medline16n0151.xml.gz
CLosing the pipeline
start with medlinefile: medline16n0531.xml.gz
end with medlinefile: medline16n0079.xml.gz
CLosing the pipeline
start with medlinefile: medline16n0638.xml.gz
end with medlinefile: medline16n0536.xml.gz
CLosing the pipeline
start with medlinefile: medline16n0553.xml.gz
end with medlinefile: medline16n0593.xml.gz
CLosing the pipeline
start with medlinefile: medline16n0372.xml.gz
end with medlinefile: medline16n0531.xml.gz
CLosing the pipeline
start with medlinefile: medline16n0381.xml.gz
end with medlinefile: medline16n0553.xml.gz
CLosing the pipeline
start with medlinefile: medline16n0177.xml.gz
end with medlinefile: medline16n0638.xml.gz
CLosing the pipeline
start with medlinefile: medline16n0316.xml.gz
end with medlinefile: medline16n0372.xml.gz
CLosing the pipeline
start with medlinefile: medline16n0489.xml.gz
end with medlinefile: medline16n0381.xml.gz
CLosing the pipeline
start with medlinefile: medline16n0704.xml.gz
end with medlinefile: medline16n0177.xml.gz
CLosing the pipeline
start with medlinefile: medline16n0772.xml.gz
end with medlinefile: medline16n0316.xml.gz
CLosing the pipeline
start with medlinefile: medline16n0765.xml.gz
end with medlinefile: medline16n0704.xml.gz
CLosing the pipeline
start with medlinefile: medline16n0366.xml.gz
end with medlinefile: medline16n0489.xml.gz
CLosing the pipeline
start with medlinefile: medline16n0751.xml.gz
end with medlinefile: medline16n0772.xml.gz
CLosing the pipeline
start with medlinefile: medline16n0183.xml.gz
end with medlinefile: medline16n0765.xml.gz
CLosing the pipeline
start with medlinefile: medline16n0292.xml.gz
end with medlinefile: medline16n0366.xml.gz
CLosing the pipeline
start with medlinefile: medline16n0315.xml.gz
end with medlinefile: medline16n0183.xml.gz
CLosing the pipeline
start with medlinefile: medline16n0241.xml.gz
end with medlinefile: medline16n0292.xml.gz
CLosing the pipeline
start with medlinefile: medline16n0046.xml.gz
end with medlinefile: medline16n0751.xml.gz
CLosing the pipeline
start with medlinefile: medline16n0231.xml.gz
end with medlinefile: medline16n0046.xml.gz
CLosing the pipeline
start with medlinefile: medline16n0297.xml.gz
end with medlinefile: medline16n0241.xml.gz
CLosing the pipeline
start with medlinefile: medline16n0470.xml.gz
end with medlinefile: medline16n0315.xml.gz
CLosing the pipeline
start with medlinefile: medline16n0538.xml.gz
end with medlinefile: medline16n0231.xml.gz
CLosing the pipeline
start with medlinefile: medline16n0532.xml.gz
end with medlinefile: medline16n0297.xml.gz
CLosing the pipeline
start with medlinefile: medline16n0107.xml.gz
end with medlinefile: medline16n0470.xml.gz
CLosing the pipeline
start with medlinefile: medline16n0669.xml.gz
end with medlinefile: medline16n0538.xml.gz
CLosing the pipeline
start with medlinefile: medline16n0810.xml.gz
end with medlinefile: medline16n0107.xml.gz
CLosing the pipeline
start with medlinefile: medline16n0252.xml.gz
end with medlinefile: medline16n0532.xml.gz
CLosing the pipeline
start with medlinefile: medline16n0411.xml.gz
end with medlinefile: medline16n0669.xml.gz
CLosing the pipeline
start with medlinefile: medline16n0744.xml.gz
end with medlinefile: medline16n0810.xml.gz
CLosing the pipeline
start with medlinefile: medline16n0067.xml.gz
end with medlinefile: medline16n0252.xml.gz
CLosing the pipeline
start with medlinefile: medline16n0530.xml.gz
end with medlinefile: medline16n0067.xml.gz
CLosing the pipeline
start with medlinefile: medline16n0493.xml.gz
end with medlinefile: medline16n0411.xml.gz
CLosing the pipeline
start with medlinefile: medline16n0146.xml.gz
end with medlinefile: medline16n0744.xml.gz
CLosing the pipeline
start with medlinefile: medline16n0342.xml.gz
end with medlinefile: medline16n0530.xml.gz
CLosing the pipeline
start with medlinefile: medline16n0576.xml.gz
end with medlinefile: medline16n0146.xml.gz
CLosing the pipeline
start with medlinefile: medline16n0725.xml.gz
end with medlinefile: medline16n0493.xml.gz
CLosing the pipeline
start with medlinefile: medline16n0176.xml.gz
end with medlinefile: medline16n0342.xml.gz
CLosing the pipeline
start with medlinefile: medline16n0427.xml.gz
end with medlinefile: medline16n0576.xml.gz
CLosing the pipeline
start with medlinefile: medline16n0189.xml.gz
end with medlinefile: medline16n0176.xml.gz
CLosing the pipeline
start with medlinefile: medline16n0492.xml.gz
end with medlinefile: medline16n0725.xml.gz
CLosing the pipeline
start with medlinefile: medline16n0075.xml.gz
end with medlinefile: medline16n0189.xml.gz
CLosing the pipeline
start with medlinefile: medline16n0138.xml.gz
end with medlinefile: medline16n0492.xml.gz
CLosing the pipeline
start with medlinefile: medline16n0533.xml.gz
end with medlinefile: medline16n0075.xml.gz
CLosing the pipeline
start with medlinefile: medline16n0013.xml.gz
end with medlinefile: medline16n0427.xml.gz
CLosing the pipeline
start with medlinefile: medline16n0282.xml.gz
end with medlinefile: medline16n0013.xml.gz
CLosing the pipeline
start with medlinefile: medline16n0604.xml.gz
end with medlinefile: medline16n0138.xml.gz
CLosing the pipeline
start with medlinefile: medline16n0559.xml.gz
end with medlinefile: medline16n0282.xml.gz
CLosing the pipeline
start with medlinefile: medline16n0022.xml.gz
end with medlinefile: medline16n0022.xml.gz
CLosing the pipeline
start with medlinefile: medline16n0496.xml.gz
end with medlinefile: medline16n0533.xml.gz
CLosing the pipeline
start with medlinefile: medline16n0045.xml.gz
end with medlinefile: medline16n0045.xml.gz
CLosing the pipeline
start with medlinefile: medline16n0099.xml.gz
end with medlinefile: medline16n0604.xml.gz
CLosing the pipeline
start with medlinefile: medline16n0217.xml.gz
end with medlinefile: medline16n0559.xml.gz
CLosing the pipeline
start with medlinefile: medline16n0393.xml.gz
end with medlinefile: medline16n0099.xml.gz
CLosing the pipeline
start with medlinefile: medline16n0666.xml.gz
end with medlinefile: medline16n0496.xml.gz
CLosing the pipeline
start with medlinefile: medline16n0777.xml.gz
end with medlinefile: medline16n0217.xml.gz
CLosing the pipeline
start with medlinefile: medline16n0791.xml.gz
end with medlinefile: medline16n0393.xml.gz
CLosing the pipeline
start with medlinefile: medline16n0407.xml.gz
end with medlinefile: medline16n0666.xml.gz
CLosing the pipeline
start with medlinefile: medline16n0616.xml.gz
end with medlinefile: medline16n0777.xml.gz
CLosing the pipeline
start with medlinefile: medline16n0041.xml.gz
end with medlinefile: medline16n0407.xml.gz
CLosing the pipeline
start with medlinefile: medline16n0596.xml.gz
end with medlinefile: medline16n0041.xml.gz
CLosing the pipeline
start with medlinefile: medline16n0501.xml.gz
end with medlinefile: medline16n0791.xml.gz
CLosing the pipeline
start with medlinefile: medline16n0430.xml.gz
end with medlinefile: medline16n0616.xml.gz
CLosing the pipeline
start with medlinefile: medline16n0784.xml.gz
end with medlinefile: medline16n0501.xml.gz
CLosing the pipeline
start with medlinefile: medline16n0374.xml.gz
end with medlinefile: medline16n0596.xml.gz
CLosing the pipeline
start with medlinefile: medline16n0650.xml.gz
end with medlinefile: medline16n0430.xml.gz
CLosing the pipeline
start with medlinefile: medline16n0516.xml.gz
end with medlinefile: medline16n0784.xml.gz
CLosing the pipeline
start with medlinefile: medline16n0121.xml.gz
end with medlinefile: medline16n0650.xml.gz
CLosing the pipeline
start with medlinefile: medline16n0732.xml.gz
end with medlinefile: medline16n0374.xml.gz
CLosing the pipeline
start with medlinefile: medline16n0010.xml.gz
end with medlinefile: medline16n0121.xml.gz
CLosing the pipeline
start with medlinefile: medline16n0210.xml.gz
end with medlinefile: medline16n0010.xml.gz
CLosing the pipeline
start with medlinefile: medline16n0303.xml.gz
end with medlinefile: medline16n0516.xml.gz
CLosing the pipeline
start with medlinefile: medline16n0326.xml.gz
end with medlinefile: medline16n0210.xml.gz
CLosing the pipeline
start with medlinefile: medline16n0074.xml.gz
end with medlinefile: medline16n0074.xml.gz
CLosing the pipeline
start with medlinefile: medline16n0012.xml.gz
end with medlinefile: medline16n0732.xml.gz
CLosing the pipeline
start with medlinefile: medline16n0438.xml.gz
end with medlinefile: medline16n0012.xml.gz
CLosing the pipeline
start with medlinefile: medline16n0175.xml.gz
end with medlinefile: medline16n0303.xml.gz
CLosing the pipeline
start with medlinefile: medline16n0248.xml.gz
end with medlinefile: medline16n0326.xml.gz
CLosing the pipeline
start with medlinefile: medline16n0311.xml.gz
end with medlinefile: medline16n0175.xml.gz
CLosing the pipeline
start with medlinefile: medline16n0359.xml.gz
end with medlinefile: medline16n0248.xml.gz
CLosing the pipeline
start with medlinefile: medline16n0433.xml.gz
end with medlinefile: medline16n0438.xml.gz
CLosing the pipeline
start with medlinefile: medline16n0237.xml.gz
end with medlinefile: medline16n0311.xml.gz
CLosing the pipeline
start with medlinefile: medline16n0678.xml.gz
end with medlinefile: medline16n0359.xml.gz
CLosing the pipeline
start with medlinefile: medline16n0661.xml.gz
end with medlinefile: medline16n0433.xml.gz
CLosing the pipeline
start with medlinefile: medline16n0566.xml.gz
end with medlinefile: medline16n0237.xml.gz
CLosing the pipeline
start with medlinefile: medline16n0180.xml.gz
end with medlinefile: medline16n0678.xml.gz
CLosing the pipeline
start with medlinefile: medline16n0361.xml.gz
end with medlinefile: medline16n0180.xml.gz
CLosing the pipeline
start with medlinefile: medline16n0770.xml.gz
end with medlinefile: medline16n0661.xml.gz
CLosing the pipeline
start with medlinefile: medline16n0758.xml.gz
end with medlinefile: medline16n0566.xml.gz
CLosing the pipeline
start with medlinefile: medline16n0203.xml.gz
end with medlinefile: medline16n0361.xml.gz
CLosing the pipeline
start with medlinefile: medline16n0447.xml.gz
end with medlinefile: medline16n0203.xml.gz
CLosing the pipeline
start with medlinefile: medline16n0116.xml.gz
end with medlinefile: medline16n0758.xml.gz
CLosing the pipeline
start with medlinefile: medline16n0696.xml.gz
end with medlinefile: medline16n0770.xml.gz
CLosing the pipeline
start with medlinefile: medline16n0059.xml.gz
end with medlinefile: medline16n0116.xml.gz
CLosing the pipeline
start with medlinefile: medline16n0508.xml.gz
end with medlinefile: medline16n0059.xml.gz
CLosing the pipeline
start with medlinefile: medline16n0043.xml.gz
end with medlinefile: medline16n0447.xml.gz
CLosing the pipeline
start with medlinefile: medline16n0382.xml.gz
end with medlinefile: medline16n0043.xml.gz
CLosing the pipeline
start with medlinefile: medline16n0563.xml.gz
end with medlinefile: medline16n0696.xml.gz
CLosing the pipeline
start with medlinefile: medline16n0613.xml.gz
end with medlinefile: medline16n0508.xml.gz
CLosing the pipeline
start with medlinefile: medline16n0148.xml.gz
end with medlinefile: medline16n0148.xml.gz
CLosing the pipeline
start with medlinefile: medline16n0267.xml.gz
end with medlinefile: medline16n0563.xml.gz
CLosing the pipeline
start with medlinefile: medline16n0147.xml.gz
end with medlinefile: medline16n0382.xml.gz
CLosing the pipeline
start with medlinefile: medline16n0377.xml.gz
end with medlinefile: medline16n0613.xml.gz
CLosing the pipeline
start with medlinefile: medline16n0477.xml.gz
end with medlinefile: medline16n0267.xml.gz
CLosing the pipeline
start with medlinefile: medline16n0724.xml.gz
end with medlinefile: medline16n0147.xml.gz
CLosing the pipeline
start with medlinefile: medline16n0029.xml.gz
end with medlinefile: medline16n0377.xml.gz
CLosing the pipeline
start with medlinefile: medline16n0062.xml.gz
end with medlinefile: medline16n0477.xml.gz
CLosing the pipeline
start with medlinefile: medline16n0640.xml.gz
end with medlinefile: medline16n0029.xml.gz
CLosing the pipeline
start with medlinefile: medline16n0268.xml.gz
end with medlinefile: medline16n0062.xml.gz
CLosing the pipeline
start with medlinefile: medline16n0450.xml.gz
end with medlinefile: medline16n0724.xml.gz
CLosing the pipeline
start with medlinefile: medline16n0535.xml.gz
end with medlinefile: medline16n0268.xml.gz
CLosing the pipeline
start with medlinefile: medline16n0588.xml.gz
end with medlinefile: medline16n0640.xml.gz
CLosing the pipeline
start with medlinefile: medline16n0354.xml.gz
end with medlinefile: medline16n0450.xml.gz
CLosing the pipeline
start with medlinefile: medline16n0007.xml.gz
end with medlinefile: medline16n0535.xml.gz
CLosing the pipeline
start with medlinefile: medline16n0273.xml.gz
end with medlinefile: medline16n0007.xml.gz
CLosing the pipeline
start with medlinefile: medline16n0639.xml.gz
end with medlinefile: medline16n0588.xml.gz
CLosing the pipeline
start with medlinefile: medline16n0617.xml.gz
end with medlinefile: medline16n0354.xml.gz
CLosing the pipeline
start with medlinefile: medline16n0574.xml.gz
end with medlinefile: medline16n0273.xml.gz
CLosing the pipeline
start with medlinefile: medline16n0279.xml.gz
end with medlinefile: medline16n0639.xml.gz
CLosing the pipeline
start with medlinefile: medline16n0460.xml.gz
end with medlinefile: medline16n0574.xml.gz
CLosing the pipeline
start with medlinefile: medline16n0274.xml.gz
end with medlinefile: medline16n0279.xml.gz
CLosing the pipeline
start with medlinefile: medline16n0275.xml.gz
end with medlinefile: medline16n0617.xml.gz
CLosing the pipeline
start with medlinefile: medline16n0149.xml.gz
end with medlinefile: medline16n0274.xml.gz
CLosing the pipeline
start with medlinefile: medline16n0212.xml.gz
end with medlinefile: medline16n0149.xml.gz
CLosing the pipeline
start with medlinefile: medline16n0318.xml.gz
end with medlinefile: medline16n0275.xml.gz
CLosing the pipeline
start with medlinefile: medline16n0240.xml.gz
end with medlinefile: medline16n0460.xml.gz
CLosing the pipeline
start with medlinefile: medline16n0665.xml.gz
end with medlinefile: medline16n0212.xml.gz
CLosing the pipeline
start with medlinefile: medline16n0035.xml.gz
end with medlinefile: medline16n0240.xml.gz
CLosing the pipeline
start with medlinefile: medline16n0330.xml.gz
end with medlinefile: medline16n0035.xml.gz
CLosing the pipeline
start with medlinefile: medline16n0506.xml.gz
end with medlinefile: medline16n0318.xml.gz
CLosing the pipeline
start with medlinefile: medline16n0095.xml.gz
end with medlinefile: medline16n0665.xml.gz
CLosing the pipeline
start with medlinefile: medline16n0657.xml.gz
end with medlinefile: medline16n0095.xml.gz
CLosing the pipeline
start with medlinefile: medline16n0491.xml.gz
end with medlinefile: medline16n0330.xml.gz
CLosing the pipeline
start with medlinefile: medline16n0702.xml.gz
end with medlinefile: medline16n0506.xml.gz
CLosing the pipeline
start with medlinefile: medline16n0680.xml.gz
end with medlinefile: medline16n0657.xml.gz
CLosing the pipeline
start with medlinefile: medline16n0150.xml.gz
end with medlinefile: medline16n0491.xml.gz
CLosing the pipeline
start with medlinefile: medline16n0690.xml.gz
end with medlinefile: medline16n0702.xml.gz
CLosing the pipeline
start with medlinefile: medline16n0778.xml.gz
end with medlinefile: medline16n0680.xml.gz
CLosing the pipeline
start with medlinefile: medline16n0788.xml.gz
end with medlinefile: medline16n0150.xml.gz
CLosing the pipeline
start with medlinefile: medline16n0187.xml.gz
end with medlinefile: medline16n0690.xml.gz
CLosing the pipeline
start with medlinefile: medline16n0078.xml.gz
end with medlinefile: medline16n0187.xml.gz
CLosing the pipeline
start with medlinefile: medline16n0517.xml.gz
end with medlinefile: medline16n0778.xml.gz
CLosing the pipeline
start with medlinefile: medline16n0339.xml.gz
end with medlinefile: medline16n0078.xml.gz
CLosing the pipeline
start with medlinefile: medline16n0370.xml.gz
end with medlinefile: medline16n0788.xml.gz
CLosing the pipeline
start with medlinefile: medline16n0410.xml.gz
end with medlinefile: medline16n0517.xml.gz
CLosing the pipeline
start with medlinefile: medline16n0224.xml.gz
end with medlinefile: medline16n0339.xml.gz
CLosing the pipeline
start with medlinefile: medline16n0662.xml.gz
end with medlinefile: medline16n0370.xml.gz
CLosing the pipeline
start with medlinefile: medline16n0049.xml.gz
end with medlinefile: medline16n0410.xml.gz
CLosing the pipeline
start with medlinefile: medline16n0086.xml.gz
end with medlinefile: medline16n0224.xml.gz
CLosing the pipeline
start with medlinefile: medline16n0457.xml.gz
end with medlinefile: medline16n0049.xml.gz
CLosing the pipeline
start with medlinefile: medline16n0124.xml.gz
end with medlinefile: medline16n0086.xml.gz
CLosing the pipeline
start with medlinefile: medline16n0698.xml.gz
end with medlinefile: medline16n0662.xml.gz
CLosing the pipeline
start with medlinefile: medline16n0570.xml.gz
end with medlinefile: medline16n0124.xml.gz
CLosing the pipeline
start with medlinefile: medline16n0281.xml.gz
end with medlinefile: medline16n0457.xml.gz
CLosing the pipeline
start with medlinefile: medline16n0432.xml.gz
end with medlinefile: medline16n0698.xml.gz
CLosing the pipeline
start with medlinefile: medline16n0173.xml.gz
end with medlinefile: medline16n0281.xml.gz
CLosing the pipeline
start with medlinefile: medline16n0081.xml.gz
end with medlinefile: medline16n0570.xml.gz
CLosing the pipeline
start with medlinefile: medline16n0009.xml.gz
end with medlinefile: medline16n0081.xml.gz
CLosing the pipeline
start with medlinefile: medline16n0429.xml.gz
end with medlinefile: medline16n0173.xml.gz
CLosing the pipeline
start with medlinefile: medline16n0633.xml.gz
end with medlinefile: medline16n0009.xml.gz
CLosing the pipeline
start with medlinefile: medline16n0799.xml.gz
end with medlinefile: medline16n0432.xml.gz
CLosing the pipeline
start with medlinefile: medline16n0396.xml.gz
end with medlinefile: medline16n0799.xml.gz
CLosing the pipeline
start with medlinefile: medline16n0746.xml.gz
end with medlinefile: medline16n0429.xml.gz
CLosing the pipeline
start with medlinefile: medline16n0796.xml.gz
end with medlinefile: medline16n0633.xml.gz
CLosing the pipeline
start with medlinefile: medline16n0547.xml.gz
end with medlinefile: medline16n0396.xml.gz
CLosing the pipeline
start with medlinefile: medline16n0554.xml.gz
end with medlinefile: medline16n0746.xml.gz
CLosing the pipeline
start with medlinefile: medline16n0806.xml.gz
end with medlinefile: medline16n0547.xml.gz
CLosing the pipeline
start with medlinefile: medline16n0118.xml.gz
end with medlinefile: medline16n0796.xml.gz
CLosing the pipeline
start with medlinefile: medline16n0651.xml.gz
end with medlinefile: medline16n0554.xml.gz
CLosing the pipeline
start with medlinefile: medline16n0386.xml.gz
end with medlinefile: medline16n0118.xml.gz
CLosing the pipeline
start with medlinefile: medline16n0170.xml.gz
end with medlinefile: medline16n0806.xml.gz
CLosing the pipeline
start with medlinefile: medline16n0054.xml.gz
end with medlinefile: medline16n0170.xml.gz
CLosing the pipeline
start with medlinefile: medline16n0076.xml.gz
end with medlinefile: medline16n0651.xml.gz
CLosing the pipeline
start with medlinefile: medline16n0238.xml.gz
end with medlinefile: medline16n0054.xml.gz
CLosing the pipeline
start with medlinefile: medline16n0579.xml.gz
end with medlinefile: medline16n0076.xml.gz
CLosing the pipeline
start with medlinefile: medline16n0748.xml.gz
end with medlinefile: medline16n0386.xml.gz
CLosing the pipeline
start with medlinefile: medline16n0083.xml.gz
end with medlinefile: medline16n0083.xml.gz
CLosing the pipeline
start with medlinefile: medline16n0730.xml.gz
end with medlinefile: medline16n0238.xml.gz
CLosing the pipeline
start with medlinefile: medline16n0162.xml.gz
end with medlinefile: medline16n0579.xml.gz
CLosing the pipeline
start with medlinefile: medline16n0265.xml.gz
end with medlinefile: medline16n0748.xml.gz
CLosing the pipeline
start with medlinefile: medline16n0332.xml.gz
end with medlinefile: medline16n0162.xml.gz
CLosing the pipeline
start with medlinefile: medline16n0527.xml.gz
end with medlinefile: medline16n0730.xml.gz
CLosing the pipeline
start with medlinefile: medline16n0236.xml.gz
end with medlinefile: medline16n0265.xml.gz
CLosing the pipeline
start with medlinefile: medline16n0608.xml.gz
end with medlinefile: medline16n0332.xml.gz
CLosing the pipeline
start with medlinefile: medline16n0578.xml.gz
end with medlinefile: medline16n0236.xml.gz
CLosing the pipeline
start with medlinefile: medline16n0786.xml.gz
end with medlinefile: medline16n0527.xml.gz
CLosing the pipeline
start with medlinefile: medline16n0707.xml.gz
end with medlinefile: medline16n0608.xml.gz
CLosing the pipeline
start with medlinefile: medline16n0611.xml.gz
end with medlinefile: medline16n0578.xml.gz
CLosing the pipeline
start with medlinefile: medline16n0807.xml.gz
end with medlinefile: medline16n0786.xml.gz
CLosing the pipeline
start with medlinefile: medline16n0729.xml.gz
end with medlinefile: medline16n0707.xml.gz
CLosing the pipeline
start with medlinefile: medline16n0646.xml.gz
end with medlinefile: medline16n0611.xml.gz
CLosing the pipeline
start with medlinefile: medline16n0088.xml.gz
end with medlinefile: medline16n0807.xml.gz
CLosing the pipeline
start with medlinefile: medline16n0117.xml.gz
end with medlinefile: medline16n0088.xml.gz
CLosing the pipeline
start with medlinefile: medline16n0291.xml.gz
end with medlinefile: medline16n0117.xml.gz
CLosing the pipeline
start with medlinefile: medline16n0404.xml.gz
end with medlinefile: medline16n0729.xml.gz
CLosing the pipeline
start with medlinefile: medline16n0637.xml.gz
end with medlinefile: medline16n0646.xml.gz
CLosing the pipeline
start with medlinefile: medline16n0334.xml.gz
end with medlinefile: medline16n0291.xml.gz
CLosing the pipeline
start with medlinefile: medline16n0565.xml.gz
end with medlinefile: medline16n0404.xml.gz
CLosing the pipeline
start with medlinefile: medline16n0494.xml.gz
end with medlinefile: medline16n0334.xml.gz
CLosing the pipeline
start with medlinefile: medline16n0673.xml.gz
end with medlinefile: medline16n0637.xml.gz
CLosing the pipeline
start with medlinefile: medline16n0093.xml.gz
end with medlinefile: medline16n0565.xml.gz
CLosing the pipeline
start with medlinefile: medline16n0723.xml.gz
end with medlinefile: medline16n0494.xml.gz
CLosing the pipeline
start with medlinefile: medline16n0602.xml.gz
end with medlinefile: medline16n0093.xml.gz
CLosing the pipeline
start with medlinefile: medline16n0768.xml.gz
end with medlinefile: medline16n0673.xml.gz
CLosing the pipeline
start with medlinefile: medline16n0523.xml.gz
end with medlinefile: medline16n0723.xml.gz
CLosing the pipeline
start with medlinefile: medline16n0555.xml.gz
end with medlinefile: medline16n0602.xml.gz
CLosing the pipeline
start with medlinefile: medline16n0399.xml.gz
end with medlinefile: medline16n0768.xml.gz
CLosing the pipeline
start with medlinefile: medline16n0441.xml.gz
end with medlinefile: medline16n0523.xml.gz
CLosing the pipeline
start with medlinefile: medline16n0647.xml.gz
end with medlinefile: medline16n0555.xml.gz
CLosing the pipeline
start with medlinefile: medline16n0557.xml.gz
end with medlinefile: medline16n0399.xml.gz
CLosing the pipeline
start with medlinefile: medline16n0545.xml.gz
end with medlinefile: medline16n0441.xml.gz
CLosing the pipeline
start with medlinefile: medline16n0376.xml.gz
end with medlinefile: medline16n0647.xml.gz
CLosing the pipeline
start with medlinefile: medline16n0598.xml.gz
end with medlinefile: medline16n0557.xml.gz
CLosing the pipeline
start with medlinefile: medline16n0740.xml.gz
end with medlinefile: medline16n0545.xml.gz
CLosing the pipeline
start with medlinefile: medline16n0781.xml.gz
end with medlinefile: medline16n0376.xml.gz
CLosing the pipeline
start with medlinefile: medline16n0610.xml.gz
end with medlinefile: medline16n0598.xml.gz
CLosing the pipeline
start with medlinefile: medline16n0188.xml.gz
end with medlinefile: medline16n0740.xml.gz
CLosing the pipeline
start with medlinefile: medline16n0582.xml.gz
end with medlinefile: medline16n0781.xml.gz
CLosing the pipeline
end with medlinefile: medline16n0188.xml.gz
CLosing the pipeline
end with medlinefile: medline16n0610.xml.gz
CLosing the pipeline
end with medlinefile: medline16n0582.xml.gz
CLosing the pipeline
starting optimizing the index after 22660899
end: 1496554121218
Total time: 26785564 ms
